segment_ID	lang-ISO	domain	target_style	system_name	Aggregated_score	segment
701	IT	F&R	formal	backtranslate	4.2	Forse è solo timido, ma devi capire se parla poco per quello, o perché è un po 'strano.
702	IT	F&R	formal	multi	4.8	Tutto quello che rappresenta per ognuno di noi.
703	IT	F&R	formal	mt_gyafc	4.4	Mi metto due bocce e per te diventerò bellissima.
704	IT	F&R	formal	rule_based	4.4	Lasciateli se no rischiate di far soffrire pure loro e se vi scoprono sarà ancora peggio
705	IT	F&R	formal	rt	3.8	Rimani sempre così non cambiare maisei normalissima
706	IT	F&R	formal	mt_gyafc	5.0	Con questa premessa, no.
707	IT	F&R	formal	formal	5.0	Personalmente sono contrario alla violenza sulle donne.
708	IT	F&R	formal	backtranslate	3.6	E cara, ma se non dici a grandi linee cs gli hai detto.
709	IT	F&R	formal	informal	3.4	forse xkè nn gli piaci tanto
710	IT	F&R	formal	formal	4.8	Di tutto quello che significa per ciascuno di noi.
711	IT	F&R	formal	backtranslate	2.0	"Regia di un po 'di un po' di un po 'di un po' di un sacco di fan di ""Sono"" di ""Sare Witalacqua"" e ""La straordinaria partecipazione di Piero passamelacarta"
712	IT	F&R	formal	formal	5.0	Mi correggo, molto bella.
713	IT	F&R	formal	rule_based	4.0	A che carino, magari qualcuno si comporatsse cosi con me!
714	IT	F&R	formal	informal	5.0	Spero che non dicano sul serio.
715	IT	F&R	formal	formal	5.0	Esprimile ad alta voce l'amore che provi nei suoi confronti.
716	IT	F&R	formal	rt	5.0	Per prima cosa cerca di sapere quante più cose possibili su ciò che le piace in un ragazzo.
717	IT	F&R	formal	mt_gyafc	4.8	Anzi, è stupenda!
718	IT	F&R	formal	rule_based	4.8	Io pagherei oro se il mio ragazzo la facesse dappertutto!
719	IT	F&R	formal	backtranslate	4.4	Credimi, mio fratello ha fato la stessa cosa, ora lo vediamo una volta all' anno, ci ha praticamente scaricati per lei.
720	IT	F&R	formal	rt	3.2	Per arrivare sorpresa, ma ho vissuto a udine lei a Basilea, erano quasi 880km
721	IT	F&R	formal	informal	4.4	con questa premessa no!!
722	IT	F&R	formal	multi	4.2	Non c' è niente di sbagliato, non c è età per cominciare.
723	IT	F&R	formal	backtranslate	4.4	Anche se personalmente, sono contro la violenza alle donne.
724	IT	F&R	formal	rule_based	3.4	? dimenticavo auguriciao lollina( lory) non riesco a contattarti, forse ho sbagliato indirizzo!
725	IT	F&R	formal	rt	4.6	In genere coloro che sono più gelosi nella coppia hanno maggiori probabilità di imbrogliare
726	IT	F&R	formal	rt	3.6	Se non ti senti mai lentamente si spegne, se ti ritrovi ogni tanto puoi rinvigorire.
727	IT	F&R	formal	rule_based	4.8	Di tutto quello che rappresenta per ognuno di noi
728	IT	F&R	formal	rule_based	3.4	E cara ma se non dici a grandi linee cs gli hai detto,
729	IT	F&R	formal	multi	3.6	A volte è difficile dimostrare ciò che si prova, XK se ne ha paura!
730	IT	F&R	formal	rt	4.4	Non mi consideri incomprensivo se non approvo le cose, e se le giudico inappropriate!
731	IT	F&R	formal	mt_gyafc	4.2	Inoltre, finchci saranno persone stupide che le daranno corda (e ci saranno sempre) non abbasserà mai la cresta!
732	IT	F&R	formal	backtranslate	4.8	Lasciateli se no rischiate di far soffrire pure loro, e se vi scoprono sarà ancora peggio.
733	IT	F&R	formal	mt_gyafc	2.6	Ho passato male.
734	IT	F&R	formal	backtranslate	2.6	Se non approvo qste cose, non mi piacciono le cose, ma se le giudico non appropriate.
735	IT	F&R	formal	backtranslate	4.8	Con questa premessa no!
736	IT	F&R	formal	multi	4.2	Belle, no, ma almeno una buona notte.
737	IT	F&R	formal	multi	5.0	Non vivere dei ricordi del passato.
738	IT	F&R	formal	multi	3.4	Quando ragiono con la mia testa, ho perso un sacco di amici.
739	IT	F&R	formal	rt	2.2	! questo pensiero-scuso-senza senso-
740	IT	F&R	formal	multi	3.6	In genere, chi e 'piu' geloso nella coppia, e 'piu' propenso a tradire.
741	IT	F&R	formal	mt_gyafc	2.4	Belle no, ma almeno una sincera, Goodnight night.
742	IT	F&R	formal	backtranslate	5.0	Direi tendenzialmente di no.
743	IT	F&R	formal	multi	5.0	Se le piaci, non rifiuterà il tuo corteggiamento. Falle capire che ti piace.
744	IT	F&R	formal	formal	4.8	Ti auguro che sia una felice unione.
745	IT	F&R	formal	mt_gyafc	4.8	In genere, chi è più geloso nella coppia, è più propenso a tradire.
746	IT	F&R	formal	backtranslate	4.0	Ma si fai la cosa giusta!
747	IT	F&R	formal	mt_gyafc	5.0	Secondo me, sarebbe la migliore soluzione.
748	IT	F&R	formal	backtranslate	3.2	Meglio 1 pò di pancetta e tanta allegria ke 1 triste e insoddisfatta ragazza pelle e ossa!
749	IT	F&R	formal	multi	4.0	E 'triste questa cosa qui.
750	IT	F&R	formal	backtranslate	4.2	Fra sei giorni e 'il mio di compleanno.
751	IT	F&R	formal	rt	5.0	Penso che finirebbe in prigione!
752	IT	F&R	formal	rt	3.0	Vedrai ke c ci divertiremo!»
753	IT	F&R	formal	rt	5.0	Sì, ma non l'ho ancora ricevuto!
754	IT	F&R	formal	rule_based	5.0	Quella che ho fatto domenica con il mio fidanzato!
755	IT	F&R	formal	informal	3.4	x me è solo una magra consolazione!!
756	IT	F&R	formal	informal	4.8	Se non vi sentite mai piano piano si spegne, se ogni tanto vi trovate si può rinvigorire.
757	IT	F&R	formal	informal	4.2	Dipende dai momenti :)
758	IT	F&R	formal	formal	4.4	Cara, se non ci dici almeno in via generale ciò che gli hai detto, non saremo in grado di aiutarti.
759	IT	F&R	formal	multi	5.0	Troppo antica per essere usata oggi, per fortuna i tempi cambiano.
760	IT	F&R	formal	backtranslate	4.8	Vi auguro tanta felicità!
761	IT	F&R	formal	rule_based	4.2	Magari più importanti?''
762	IT	F&R	formal	formal	5.0	Ritengo che sia la soluzione più auspicabile.
763	IT	F&R	formal	mt_gyafc	5.0	Non vivere dei ricordi del passato.
764	IT	F&R	formal	formal	4.6	Io pensò ciò. Mi scuso, poiché è insensato.
765	IT	F&R	formal	mt_gyafc	3.8	Inizia con un dito poi con due poi con un po 'di pazienza.
766	IT	F&R	formal	formal	5.0	Non trovo nulla di sbagliato in questo, non esiste un'età giusta per cominciare.
767	IT	F&R	formal	rt	5.0	Ma tu fai la cosa giusta!
768	IT	F&R	formal	backtranslate	4.6	Prova a tirartelo fuori e vedi la reazione!
769	IT	F&R	formal	formal	5.0	È meglio andare al Comune della tua città di residenza, dove ti sapranno indicare tutto con maggiore precisione.
770	IT	F&R	formal	backtranslate	4.8	Anzi stupenda!
771	IT	F&R	formal	rt	4.8	Spero che non lo vogliano dire.
772	IT	F&R	formal	multi	4.6	Se lui non ti vuole, lascialo subito e non lo sentirai più.
773	IT	F&R	formal	rule_based	3.4	Magari è solo timido, ma devi capire se parla poco per quello, oppure perchè è cerebrolesomettilo alle strette!
774	IT	F&R	formal	multi	5.0	Dovresti fare la cosa giusta.
775	IT	F&R	formal	mt_gyafc	3.8	Dipende da cosa gli piace a lui e a cosa sei disposta a te.
776	IT	F&R	formal	formal	4.4	"Conosci il proverbio che recita ""del male a nessuno dei figli a tutti""?"
777	IT	F&R	formal	multi	3.4	Non cercare più gli stai facendo del male.
778	IT	F&R	formal	rt	4.6	Comunque va bene in qualsiasi momento dell'anno, meglio se continuamente.
779	IT	F&R	formal	formal	5.0	Penso sia stato molto carino, vorrei che qualcuno si comportasse nella stessa maniera con me.
780	IT	F&R	formal	rule_based	3.8	Mi dispiace ma dalle tempo se ti vorra tornera da te
781	IT	F&R	formal	formal	3.4	Là. Cosa mi rattrista, ma prova a darle del tempo e se ti vorrà tornerà da te.
782	IT	F&R	formal	multi	4.8	Con questa premessa no!
783	IT	F&R	formal	mt_gyafc	5.0	Non fasciarti la testa prima di rompertela.
784	IT	F&R	formal	rt	5.0	Con quella premessa no!
785	IT	F&R	formal	formal	5.0	Io l'ho trascorso in maniera insoddisfacente.
786	IT	F&R	formal	informal	4.6	regia di giuseppe tiralacqua e la straordinaria partecipazione di piero passamelacarta
787	IT	F&R	formal	multi	5.0	Grazie, una buona notte anche a te!
788	IT	F&R	formal	backtranslate	5.0	Ti concedo di farlo, a patto di amarla per tutta la vita.
789	IT	F&R	formal	rt	3.0	Cm sempre sn l solito altruista.
790	IT	F&R	formal	backtranslate	5.0	Mi dispiace, ma non ha senso.
791	IT	F&R	formal	mt_gyafc	3.8	Dimenticavo auguriciao lollina (lory) non riesco a contattarti, forse ho sbagliato indirizzo!
792	IT	F&R	formal	mt_gyafc	5.0	Forse più importanti?
793	IT	F&R	formal	formal	4.6	Fra 6 giorni sarà il mio compleanno.
794	IT	F&R	formal	multi	3.2	Forse è timido, ma devi capire se parla poco per quello, o perché è cerebrolesomettilo alle strette.
795	IT	F&R	formal	backtranslate	3.2	Sai il detto' del male a nessuno dei figli a tutti?
796	IT	F&R	formal	rule_based	4.0	E comunque finchè ci saranno persone stupide ke le daranno corda( e ci saranno sempre) non abbasserà mai la cresta!
797	IT	F&R	formal	formal	4.4	Perfetto ma io ancora non l'ho proprio mai ricevuto.
798	IT	F&R	formal	informal	4.0	non fare però l'errore che facciamo tutte, di avere due piedi in una scarpa.
799	IT	F&R	formal	multi	3.2	E in qualsiasi posto tu e lei vada bene, perkè l' importante è ke siete insieme e nessuno vi dà fastidio.
800	IT	F&R	formal	backtranslate	4.8	Comunque bisogna che sia regalato non vale se te lo compri da sola!
801	IT	F&R	formal	rt	4.0	Pagherei l'oro se il mio ragazzo lo facesse dappertutto!
802	IT	F&R	formal	backtranslate	4.6	Lo tenevo gelosamente segreto invece tu hai rovinato tutto.
803	IT	F&R	formal	mt_gyafc	4.4	Prova a tirartelo fuori e vedi la reazione.
804	IT	F&R	formal	rt	2.8	! desidera e possa essere un'unione felice
805	IT	F&R	formal	backtranslate	5.0	Forse più importanti?
806	IT	F&R	formal	rule_based	4.0	! anzi stupenda!
807	IT	F&R	formal	backtranslate	3.2	Ognuno di noi abbiamo qlc che gli altri non hanno e sicuramente saranno gli altri ad invidiarti.
808	IT	F&R	formal	multi	5.0	Ti concedo di farlo, a patto di amarla per tutta la vita.
809	IT	F&R	formal	rt	4.0	Belle no, ma almeno una sincera buonanotte
810	IT	F&R	formal	informal	3.0	meglio 1 pò di pancetta e tanta allegria ke 1 triste e insoddisfatta ragazza pelle e ossa!
811	IT	F&R	formal	mt_gyafc	3.8	Mi dispiace, ma se ti vorra 'tornera' da te.
812	IT	F&R	formal	rt	2.8	Forse è solo timido, ma devi capire se parla poco per questo, o perché è al muro cerebrolesomettilo!
813	IT	F&R	formal	multi	3.8	E 'bellissimo quello che fai.
814	IT	F&R	formal	mt_gyafc	5.0	Penso che tu abbia troppi problemi.
815	IT	F&R	formal	informal	4.0	Cmq va bene in qualsiasi momento dell'anno, meglio se continuativamente.
816	IT	F&R	formal	rt	4.4	Allora decidi se restare lì o meno
817	IT	F&R	formal	rule_based	4.6	Dipende dai momenti:)
818	IT	F&R	formal	rule_based	3.2	Vedrai ke c divertiremo!''
819	IT	F&R	formal	rt	4.8	Non cercarlo piu', gli stai solo facendo del male.
820	IT	F&R	formal	informal	4.2	molte volte si!!!!
821	IT	F&R	formal	mt_gyafc	3.6	Quindi per la paura di soffrire la fascia della testa.
822	IT	F&R	formal	multi	4.0	Datele un bacio e basta, non dirle nulla.
823	IT	F&R	formal	informal	4.2	è bellissimo quello che fai!!
824	IT	F&R	formal	mt_gyafc	5.0	In cosa consiste questo divertimento?
825	IT	F&R	formal	multi	4.8	Se il mio ragazzo lo facesse, pagherei oro.
826	IT	F&R	formal	informal	4.0	Io pagherei oro se il mio ragazzo la facesse dappertutto!!!
827	IT	F&R	formal	multi	3.2	Ognuno di noi abbiamo qlc che gli altri non hanno e saranno gli altri ad invidiarti.
828	IT	F&R	formal	mt_gyafc	3.0	Prima di tt, digli che il postino ke si facesse gli affaracci suoi, poi diglielo a tua madre.
829	IT	F&R	formal	backtranslate	4.2	Se ci sta, è fatta altrimenti volta pagina!
830	IT	F&R	formal	rt	3.8	Molte volte tu!
831	IT	F&R	formal	multi	5.0	Dai la colpa a tutti e due a prescindere.
832	IT	F&R	formal	informal	4.0	di tutto quello che rappresenta per ognuno di noi
833	IT	F&R	formal	mt_gyafc	4.0	Quando ragiono con la mia testa, ho perso un sacco di amici.
834	IT	F&R	formal	rule_based	4.6	E' triste questa cosa qui.
835	IT	F&R	formal	rule_based	3.6	Anke a me è successo!
836	IT	F&R	formal	multi	2.8	Forse qualcuno si comporsse cosi 'con me.
837	IT	F&R	formal	backtranslate	3.4	A volte è difficile dimostrare cio 'chi si prova, XK se ne ha paura!
838	IT	F&R	formal	rule_based	4.6	Grazie! una buona notte anche a te!
839	IT	F&R	formal	rt	4.6	Ho visto molte buone domande; se finanziate il movimento elettorale io sono vostro.
840	IT	F&R	formal	mt_gyafc	3.0	No, mi chiamo il mio ragazzo.
841	IT	F&R	formal	formal	5.0	Incolpa tutti e due, non importa la situazione.
842	IT	F&R	formal	formal	5.0	Mi auguro che stiano scherzando.
843	IT	F&R	formal	formal	5.0	In ogni caso può andare bene iniziare in qualsiasi momento dell'anno, anche se sarebbe meglio fosse continuativo.
844	IT	F&R	formal	informal	5.0	Dalle un bacio e basta, non dirle nulla!
845	IT	F&R	formal	formal	5.0	Mi risulta davvero gradevole il tuo lavoro!
846	IT	F&R	formal	multi	4.6	Credimi, mio fratello ha fatto la stessa cosa, ora lo vediamo una volta all' anno. Ci ha praticamente scaricati per lei.
847	IT	F&R	formal	formal	4.8	Dipenda sia da cosa piace a lui, sia da cosa tu sei disposta a fare.
848	IT	F&R	formal	formal	4.2	Dimenticato, auguri! Ciao Lollina (Lory), non riesco a contattarti, forse ho sbagliato indirizzo!
849	IT	F&R	formal	informal	3.4	e in qualsiasi posto tu e lei andate va bene, perkè l'importante è ke siete assieme e nessuno vi disturba.
850	IT	F&R	formal	informal	3.8	Non reputarmi antipatico se non approvo qste cose, e se le giudico non appropriate!
851	IT	F&R	formal	informal	2.6	no m basta il my boy
852	IT	F&R	formal	rule_based	3.4	E in qualsiasi posto tu e lei andate va bene, perkè l'importante è ke siete assieme e nessuno vi disturba.
853	IT	F&R	formal	rule_based	4.8	Dille: ti amo!
854	IT	F&R	formal	backtranslate	4.8	Mi metto due bocce e per te diventerò bellissima!
855	IT	F&R	formal	informal	3.2	prima di tt digli al postino ke si facesse gli affaracci suoi, poi diglielo a tua madre, non potrà mica squartarti!
856	IT	F&R	formal	informal	4.4	Io di belle domande ne ho viste tante; se fondi il movimento elettore io sono dei vostri.
857	IT	F&R	formal	formal	4.8	Un arrivo a sorpresa. Tuttavia, io abitavo a Udine e lei a Basilea, erano quasi 880km di distanza.
858	IT	F&R	formal	rule_based	3.2	A volte è difficile dimostrare cio chi si prova, xk se ne ha paura!
859	IT	F&R	formal	formal	5.0	A seconda del momento.
860	IT	F&R	formal	multi	3.0	Cara, ma se non dici a grandi linee, gli hai detto.
861	IT	F&R	formal	formal	5.0	Anch'io sono di Torino. Sì, è vero; capita spesso e per questo è meglio sorvegliarle.
862	IT	F&R	formal	rule_based	4.0	Non c' è niente di sbagliato, non c' è età per cominciare
863	IT	F&R	formal	rt	3.0	Quindi, per la paura di soffrire, ti allaccia la testa!
864	IT	F&R	formal	multi	4.8	Prova a tirarlo fuori e vedi la reazione.
865	IT	F&R	formal	rule_based	3.6	Mi metto 2 bocce e per te diventerò bellissima!
866	IT	F&R	formal	rule_based	4.2	Dipende cosa gli piace a lui e a cosa sei disposta te!
867	IT	F&R	formal	mt_gyafc	3.0	Vai al comune della tua città di residenza, la 'ti sapranno di andare avanti con precisione.
868	IT	F&R	formal	rt	4.6	Credimi, mio fratello ha fatto la stessa cosa, ora che lo vediamo una volta all'anno, ci ha praticamente mollati per lei.
869	IT	F&R	formal	informal	3.8	!anche se personalmente sono contro la violenza alle donne!
870	IT	F&R	formal	mt_gyafc	5.0	Dipende dai momenti.
871	IT	F&R	formal	rt	5.0	L'ho tenuto gelosamente segreto, ma tu hai rovinato tutto.
872	IT	F&R	formal	mt_gyafc	5.0	Di tutto quello che rappresenta per ognuno di noi.
873	IT	F&R	formal	mt_gyafc	5.0	Dai la colpa a tutti e due a prescindere.
874	IT	F&R	formal	mt_gyafc	2.8	Una ragazza sfuggente finisce sempre per il tuo tempo.
875	IT	F&R	formal	backtranslate	3.2	X me è solo una magra consolazione!
876	IT	F&R	formal	backtranslate	4.6	Auguri e che sia una unione felice.
877	IT	F&R	formal	formal	4.8	Non vivere di ricordi!
878	IT	F&R	formal	informal	4.4	prima cerca di sapere più cose possibili su ciò che le piace in un ragazzo.
879	IT	F&R	formal	mt_gyafc	3.4	E 'sempre il tuo nome, il tuo nome e' molto altruista.
880	IT	F&R	formal	rule_based	4.4	Prova a tirartelo fuori e vedi la reazione!
881	IT	F&R	formal	rt	4.8	E' triste questa cosa qui.
882	IT	F&R	formal	mt_gyafc	5.0	Mi è piaciuto molto.
883	IT	F&R	formal	informal	3.6	ank io sn di torino si e vero capita spesso percio e meglio tenerle d'okkio
884	IT	F&R	formal	formal	5.0	Credimi. Mio fratello si è comportato in modo simile. Ora lo incontriamo una volta all'anno. Ci ha abbandonato per dedicarsi solo a lei
885	IT	F&R	formal	multi	4.8	Prima cerca di sapere più cose possibili su ciò che le piace in un ragazzo.
886	IT	F&R	formal	mt_gyafc	4.0	Cara, ma se non dici a grandi linee cs gli hai detto.
887	IT	F&R	formal	rule_based	5.0	Spero che non dicano sul serio.
888	IT	F&R	formal	informal	2.6	belle no ma almeno una sincera goodnight
889	IT	F&R	formal	formal	4.4	È quella che ho compiuto domenica passata con il mio compagno.
890	IT	F&R	formal	rt	4.0	Appartengo ad esso e la rendo felice.
891	IT	F&R	formal	informal	3.4	Si ma se la persona ti garantisce che non ti amerà ma inon ha senso
892	IT	F&R	formal	mt_gyafc	5.0	In bocca al lupo.
893	IT	F&R	formal	rt	4.8	Dille: ti amo!
894	IT	F&R	formal	rt	3.0	Se il tuo uomo ti tradisce: uh x beneficenza!
895	IT	F&R	formal	backtranslate	3.2	Prima di tt digli al postino ke si facesse gli affaracci suoi, poi diglielo a tua madre, non potrà mica squartarti!
896	IT	F&R	formal	multi	4.8	Tra 6 giorni è il mio compleanno.
897	IT	F&R	formal	mt_gyafc	2.6	A che carino, forse qualcuno si comporsse cosi 'con me.
898	IT	F&R	formal	rt	4.8	Dipende dai momenti:)
899	IT	F&R	formal	formal	5.0	Questo genere di cose va comunicato di persona.
900	IT	F&R	formal	rt	4.4	Grande eldorado!
901	IT	F&R	formal	mt_gyafc	4.4	Quella che ho fatto domenica con il mio ragazzo.
902	IT	F&R	formal	rt	4.2	! davvero stupenda!
903	IT	F&R	formal	rt	4.6	Non c'è modo preciso, l'unica cosa che può aiutarti è il tempo.
904	IT	F&R	formal	mt_gyafc	4.8	Spero presto!
905	IT	F&R	formal	formal	4.0	Nel caso in cui un ragazzo non ha interesse per la tua amicizia, è comprensibile che abbia di questi comportamenti.
906	IT	F&R	formal	multi	3.6	Se non vi sentite mai piano piano, si spegne, se ogni tanto vi trovate si può rinvigorire.
907	IT	F&R	formal	formal	4.8	Una ragazza fugace finisce sempre per intrigarti di più. Ciao.
908	IT	F&R	formal	multi	5.0	Divertiti, un bacio.
909	IT	F&R	formal	informal	3.6	cmq bisogna che sia regalato non vale se te lo compri da sola!!
910	IT	F&R	formal	rt	3.8	E' stato solo dopo che mi sono spaventato, forse anche ora per ripensarci, ma in quel momento non lo era.
911	IT	F&R	formal	multi	3.8	Queste sono cose che dicono in faccia.
912	IT	F&R	formal	mt_gyafc	4.6	Se un uomo non vuole essere un amico, ma ben altro è normale.
913	IT	F&R	formal	multi	5.0	Anzi, stupenda!
914	IT	F&R	formal	mt_gyafc	3.0	Meglio 1 pò di pancetta e tanta allegria ke 1 triste e insoddisfatta.
915	IT	F&R	formal	rt	2.6	Se c'è fatto altrimenti pagina di tempo!
916	IT	F&R	formal	informal	4.2	non c'è niente di sbagliato,non c'è età per cominciare
917	IT	F&R	formal	formal	3.6	Ho visto tante belle domande; nel caso in cui tu fondi un movimento elettore, garantisco il mio appoggio e la mia appartenenza.
918	IT	F&R	formal	informal	4.2	Una ragazza sfuggente finisce sempre per intrigarti di piùCiao
919	IT	F&R	formal	informal	5.0	Ti concedo di farlo,a patto di amarla per tutta la vita
920	IT	F&R	formal	backtranslate	5.0	Dipende dai momenti.
921	IT	F&R	formal	rule_based	4.6	Io di belle domande ne ho viste tante; se fondi il movimento elettore io sono dei vostri.
922	IT	F&R	formal	rt	3.8	Se le piaci, non rifiuterà il tuo corteggiamento, farle capire che le piaci
923	IT	F&R	formal	formal	4.8	A livello ipotetico direi tendenzialmente di no.
924	IT	F&R	formal	rt	3.8	X me è solo una consolazione magra!
925	IT	F&R	formal	rule_based	3.2	Cm sempre sn l solita altruista.
926	IT	F&R	formal	backtranslate	5.0	Dai la colpa a tutti e due a prescindere.
927	IT	F&R	formal	rule_based	3.0	Prima di tt digli al postino ke si facesse gli affaracci suoi, poi diglielo a tua madre, non potrà mica squartarti!
928	IT	F&R	formal	informal	3.8	magari è solo timido,ma devi capire se parla poco per quello,oppure perchè è cerebrolesomettilo alle strette!
929	IT	F&R	formal	rt	4.6	Quello che ho fatto domenica con il mio fidanzato!
930	IT	F&R	formal	formal	4.8	Non dovresti dirle proprio nulla e baciarla solamente.
931	IT	F&R	formal	mt_gyafc	4.0	E 'tutto quello che devi fare e' andare avanti.
932	IT	F&R	formal	formal	5.0	Solo in seguito ho provato paura, probabilmente anche adesso nel ripensarci ne provo, ma in quel momento no.
933	IT	F&R	formal	backtranslate	5.0	Grazie! Una buona serata anche a te!
934	IT	F&R	formal	rule_based	3.6	Meglio 1 pò di pancetta e tanta allegria ke 1 triste e insoddisfatta ragazza pelle e ossa!
935	IT	F&R	formal	mt_gyafc	4.8	Pagherei oro se il mio ragazzo lo facesse dappertutto.
936	IT	F&R	formal	backtranslate	5.0	Non vivere dei ricordi del passato.
937	IT	F&R	formal	rt	3.6	Ognuno di noi ha qlc che gli altri non hanno e sicuramente gli altri ti invidieranno
938	IT	F&R	formal	informal	4.4	poi decidi tu se starci o meno
939	IT	F&R	formal	backtranslate	5.0	Forse perché non gli piaci tanto.
940	IT	F&R	formal	rule_based	4.8	Comunque va bene in qualsiasi momento dell'anno, meglio se continuativamente.
941	IT	F&R	formal	formal	4.6	In cosa consiste il divertimento di cui parli?
942	IT	F&R	formal	rt	3.8	Forse più importante?»
943	IT	F&R	formal	rule_based	5.0	È bellissimo quello che fai!
944	IT	F&R	formal	backtranslate	2.4	Ank io nome di Torino si e vero capita spesso percio e meglio tenerle d' okkio.
945	IT	F&R	formal	formal	4.4	Non commettere l'errore comune a tutte noialtre, di avere due piedi in una sola scarpa.
946	IT	F&R	formal	backtranslate	5.0	Spero presto!
947	IT	F&R	formal	backtranslate	4.0	Se un uomo non vuole essere un tuo amico, ma ben altro è normale ke si comporti così.
948	IT	F&R	formal	multi	2.8	Dimenticavo auguriciao lollina Lollina (Lory) Non riesco a contattarti, forse ho sbagliato indirizzo!
949	IT	F&R	formal	rt	3.0	A volte è difficile dimostrare chi provi, xk ne ha paura!
950	IT	F&R	formal	informal	4.8	MERITI UN UOMO TUTTO PER TE
951	IT	F&R	formal	informal	4.4	per il regalo se non lo sai tu è inutile chiederlo!!!
952	IT	F&R	formal	rule_based	4.8	Poi decidi tu se starci o meno
953	IT	F&R	formal	mt_gyafc	4.8	Troppo antica per essere usata ancora oggi, per fortuna i tempi cambiano.
954	IT	F&R	formal	multi	4.0	Sì, ma se la persona ti garantisce che non ti amerà, ma inon ha senso.
955	IT	F&R	formal	rt	5.0	Baciala e basta, non dirle niente!
956	IT	F&R	formal	backtranslate	5.0	"Dille: ""Ti amo!"""
957	IT	F&R	formal	mt_gyafc	5.0	Per il regalo, se non lo sai, è inutile chiedere.
958	IT	F&R	formal	multi	4.4	Vai al comune della tua città di residenza, la 'ti riconosceranno tutto con precisione.
959	IT	F&R	formal	mt_gyafc	2.6	Sai il detto' del male a nessuno dei figli?
960	IT	F&R	formal	rule_based	4.4	Quindi per la paura di soffrire si fascia la testa!
961	IT	F&R	formal	mt_gyafc	5.0	Non l' ho mai ricevuto!
962	IT	F&R	formal	formal	4.8	Prova a mostrare il pene e osserva la reazione!
963	IT	F&R	formal	formal	4.6	Non ci sono posti in cui portarla che non siano validi, ciò che conta davvero è lo stare insieme indisturbati.
964	IT	F&R	formal	formal	4.8	La tua idea di lasciarlo per soffrire una sola volta rivela la tua natura infantile ed egoista.
965	IT	F&R	formal	informal	3.6	arrivare a sorpresa,però io abitavo a udine lei a basilea,erano quasi 880km
966	IT	F&R	formal	backtranslate	5.0	Grande Eldorado!
967	IT	F&R	formal	rt	4.6	Meriti un uomo tutto per te
968	IT	F&R	formal	formal	4.8	Deciderai poi tu se rimanerci o no.
969	IT	F&R	formal	formal	5.0	Mi auguro al più presto!
970	IT	F&R	formal	backtranslate	4.4	Queste sono cose ke si dicono in faccia!
971	IT	F&R	formal	rt	4.6	Forse perché non gli piaci così tanto
972	IT	F&R	formal	multi	3.0	Prima di tt, digli che il postino ke si facesse gli affaracci, poi diglielo a tua madre. Non potrà mai squartarti.
973	IT	F&R	formal	backtranslate	4.4	E 'bellissimo quello che fai!
974	IT	F&R	formal	mt_gyafc	4.6	Prima cerca di sapere più cose possibili su ciò che le piace in un ragazzo.
975	IT	F&R	formal	informal	4.6	Hai detto che ogni tanto pensi di lasciarlo per soffrire una sola volta quindi oltre che infantile sei anche egoista.
976	IT	F&R	formal	rt	4.2	Cerca di tirarlo fuori e vedere la reazione!
977	IT	F&R	formal	backtranslate	3.2	Se il tuo uomo ti tradisce, uh x carita '!
978	IT	F&R	formal	backtranslate	3.4	E in qualsiasi posto tu e lei andate va bene, perke 'l' importante e' ke siete assieme e nessuno vi disturba.
979	IT	F&R	formal	multi	5.0	Dipende dai momenti.
980	IT	F&R	formal	rule_based	4.2	! anche se personalmente sono contro la violenza alle donne!
981	IT	F&R	formal	informal	4.0	rimani sempre cosi non cambiare maisei normalissima
982	IT	F&R	formal	backtranslate	3.2	Belle no, ma almeno una sincera Goodnight.
983	IT	F&R	formal	backtranslate	5.0	Per il regalo, se non lo sai, è inutile chiederlo!
984	IT	F&R	formal	rt	2.6	E cara, ma se non dici alle grandi linee, gli hai detto,
985	IT	F&R	formal	multi	4.8	Non vale la pena se lo compri da sola.
986	IT	F&R	formal	rt	4.4	Tra sei giorni, e' il mio compleanno.
987	IT	F&R	formal	formal	5.0	Se il vostro compagno è infedele, lasciatelo stare!
988	IT	F&R	formal	rt	3.4	Sì, ma se la persona ti garantisce che non ti amerà ma inon ha senso
989	IT	F&R	formal	informal	4.6	GRANDE ELDORADO!!!!!!!!!!!
990	IT	F&R	formal	mt_gyafc	4.8	Forse è solo timido, ma devi capire se parla poco per quello.
991	IT	F&R	formal	formal	5.0	Questa cosa è amara.
992	IT	F&R	formal	informal	3.2	e cara ma se nn dici a grandi linee cs gli hai detto,,,,
993	IT	F&R	formal	informal	4.4	dille: TI AMOOOOOOOOOOOOOOOOOOO!
994	IT	F&R	formal	multi	2.0	Il nome di Torino si e 'cosi' spesso, e meglio tenerle d' okkio.
995	IT	F&R	formal	rt	3.4	Che bello, forse qualcuno si comporterebbe in questo modo con me!
996	IT	F&R	formal	multi	4.4	Sì, se la coglie.
997	IT	F&R	formal	formal	5.0	Se non mantenete vivo il dialogo almeno a distanza il rapporto pian piano si affievolisce, se però di tanto in tanto vi incontrate potete rinvigorirlo.
998	IT	F&R	formal	mt_gyafc	3.4	Credimi, mio fratello ha FATO la stessa cosa, ora lo vediamo una volta all' anno. Ci ha praticamente scaricati per lei.
999	IT	F&R	formal	mt_gyafc	3.2	Se non vi sentite mai piano, si spegne, se ogni tanto vi trovate si può rinvigorire.
1000	IT	F&R	formal	backtranslate	4.4	Quindi per la paura di soffrire si fascia la testa!
1001	IT	F&R	formal	informal	3.0	Se le piaci non rifiuterà il tuo corteggiamento qnd falle capire ke lei ti piace
1002	IT	F&R	formal	rt	4.4	Una ragazza sfuggente finisce sempre per intrigarti di piùCiao
1003	IT	F&R	formal	mt_gyafc	4.8	Mi apparto e la faccio felice.
1004	IT	F&R	formal	multi	5.0	Forse non gli piaci tanto.
1005	IT	F&R	formal	multi	5.0	No, mi basta il mio ragazzo.
1006	IT	F&R	formal	informal	4.4	ma si fai la cosa giusta!
1007	IT	F&R	formal	rule_based	4.2	È stato solo dopo che ho avuto paura, forse anche adesso a ripensarci ma in quel momento no.
1008	IT	F&R	formal	backtranslate	3.6	Vedrai ke c divertiremo.
1009	IT	F&R	formal	formal	4.8	Da quando ragiono autonomamente, molte persone che credevo essere amici, se ne sono andate.
1010	IT	F&R	formal	rule_based	4.8	Molte volte si!
1011	IT	F&R	formal	backtranslate	4.6	Pagherei oro se il mio ragazzo la facesse dappertutto!
1012	IT	F&R	formal	mt_gyafc	4.4	Datele un bacio e basta, non dirle nulla.
1013	IT	F&R	formal	backtranslate	4.8	Non cercarlo più gli stai facendo solo del male.
1014	IT	F&R	formal	rule_based	4.6	Non cercarlo piu gli stai facendo solo del male.
1015	IT	F&R	formal	rule_based	3.4	Si ma se la persona ti garantisce che non ti amerà ma inon ha senso
1016	IT	F&R	formal	multi	4.2	Usa la scusa che vi rivedete dopo tanto tempo e che c è bisogno di lui per animare la serata.
1017	IT	F&R	formal	formal	4.0	La bellezza non vi è in nessuna, tuttavia almeno in una vi è sincerità. Un augurio di buona notte.
1018	IT	F&R	formal	mt_gyafc	4.2	Devo dare una mossa a pulire prima che il pavimento assorba il tutto!
1019	IT	F&R	formal	rt	2.6	Vai al comune della tua città di residenza, lì saranno in grado di ondestare tutto con precisione.
1020	IT	F&R	formal	backtranslate	5.0	Credo che finirebbe in galera!
1021	IT	F&R	formal	backtranslate	3.2	Cm sempre sn l solita altruista.
1022	IT	F&R	formal	rt	4.6	Anche io probabilmente sarò in abruzzo con mia moglie, ma non dove sei, speriamo che arrivi tanta neve!
1023	IT	F&R	formal	multi	3.8	Se ci sta facendo, altrimenti la pagina è finita.
1024	IT	F&R	formal	informal	3.4	"magari + importanti?"""
1025	IT	F&R	formal	mt_gyafc	4.0	A volte è difficile dimostrare ciò che si prova, xk se ne ha paura!
1026	IT	F&R	formal	informal	4.4	se ci sta è fatta altrimenti volta pagina!
1027	IT	F&R	formal	rt	5.0	E' bello quello che fai!
1028	IT	F&R	formal	backtranslate	4.4	Divertiti, baciotto!
1029	IT	F&R	formal	rule_based	4.6	Hai detto che ogni tanto pensi di lasciarlo per soffrire una sola volta quindi oltre che infantile sei anche egoista.
1030	IT	F&R	formal	rt	4.0	! anche se personalmente sono contro la violenza contro le donne!
1031	IT	F&R	formal	informal	4.6	!Divertiti, un baciotto!
1032	IT	F&R	formal	formal	5.0	Anch'io mi recherò in Abruzzo con mia moglie, ma non nella stessa zona dove ti trovi tu, speriamo nevichi in abbondanza!
1033	IT	F&R	formal	mt_gyafc	5.0	Ti concedo di farlo, a patto di amarla per tutta la vita.
1034	IT	F&R	formal	multi	4.6	E 'stato solo dopo che ho avuto paura, forse anche ora a ripensarci, ma in quel momento no.
1035	IT	F&R	formal	formal	5.0	Per quanto concerne il regalo, se non ne hai alcuna idea, non ha senso chiedere in giro.
1036	IT	F&R	formal	backtranslate	4.2	Sì, se la persona ti garantisce che non ti amerà, ma non ha senso.
1037	IT	F&R	formal	formal	4.8	A volte è difficile mostrare ciò che si prova perché se ne ha paura.
1038	IT	F&R	formal	formal	4.8	Di conseguenza, temendo di soffrire, giunge a conclusioni affrettate.
1039	IT	F&R	formal	formal	4.6	Regia di Giuseppe Tiralacqua, con la partecipazione straordinaria di Piero Passamelacarta.
1040	IT	F&R	formal	rule_based	4.8	Penso che mi devo dare una mossa a pulire prima che il pavimento assorba il tutto!
1041	IT	F&R	formal	rule_based	3.0	Se è un raga degli auguri dolcissimi
1042	IT	F&R	formal	backtranslate	4.8	Comunque va bene in qualsiasi momento dell' anno, meglio se continuativamente.
1043	IT	F&R	formal	backtranslate	3.2	Arrivare a sorpresa, però io abitavo a udine lei a Basilea, erano quasi 880km.
1044	IT	F&R	formal	multi	4.0	Mi metto due bocce e per te diventerò bellissima.
1045	IT	F&R	formal	informal	3.2	se il vostro uomo vi tradisce: UH X CARITA'!!
1046	IT	F&R	formal	backtranslate	4.8	Di tutto quello che rappresenta per ognuno di noi.
1047	IT	F&R	formal	multi	4.0	Per la paura di soffrire, si fascia la testa!
1048	IT	F&R	formal	rt	4.2	Credo di dover darmi una mossa per ripulire prima che il pavimento assorba tutto!
1049	IT	F&R	formal	mt_gyafc	5.0	Vi auguro tanta felicità!
1050	IT	F&R	formal	mt_gyafc	5.0	Va bene in qualsiasi momento dell' anno, meglio se continuativamente.
1051	IT	F&R	formal	mt_gyafc	4.4	Grande eldorado!
1052	IT	F&R	formal	informal	3.6	!Vi auguro tanta felicità!ciau
1053	IT	F&R	formal	backtranslate	5.0	Quella che ho fatto domenica con il mio fidanzato!
1054	IT	F&R	formal	informal	3.8	Ah, se la coglie.
1055	IT	F&R	formal	rt	4.2	In cosa consiste questo divertimento? ahahahahahahahaha
1056	IT	F&R	formal	informal	3.6	Se un ragazzo nn vuole essere un tuo amico ma ben altro è normale ke si comporti così.
1057	IT	F&R	formal	formal	5.0	Lo tenevo gelosamente segreto invece lei ha rovinato tutto.
1058	IT	F&R	formal	multi	5.0	Non fasciarti la testa prima di rompertela.
1059	IT	F&R	formal	informal	4.0	Queste sono cose ke si dicono in faccia!!
1060	IT	F&R	formal	informal	3.4	a volte è difficile dimostrare cio k si prova, xk se ne ha paura!
1061	IT	F&R	formal	informal	4.0	anke a me è successo!!
1062	IT	F&R	formal	rule_based	3.2	Ank io sn di torino si e vero capita spesso percio e meglio tenerle d'okkio
1063	IT	F&R	formal	informal	4.2	Nn vivere dei ricordi del passato.
1064	IT	F&R	formal	informal	3.0	?dimenticavo AUGURIciao lollina (lory) non riesco a contattarti ,forse ho sbagliato indirizzo !
1065	IT	F&R	formal	multi	4.0	"Forse più importante? """
1066	IT	F&R	formal	backtranslate	4.2	Io di belle domande ne ho viste tante, se fondi il movimento elettore io sono dei vostri.
1067	IT	F&R	formal	multi	4.2	Regia di giuseppe tiralacqua e la straordinaria partecipazione di piero passamelacarta.
1068	IT	F&R	formal	informal	4.2	inizia con un dito poi con due poi con un po di  pazienza perseveranza e lubrificante   vedrai che accetterà
1069	IT	F&R	formal	formal	5.0	A mio parere potrebbe finire in prigione.
1070	IT	F&R	formal	formal	4.6	Solitamente, nella coppia, chi tende ad essere un più geloso è anche più propenso al tradimento.
1071	IT	F&R	formal	multi	4.2	Le belle domande ne ho viste tante, se fondi il movimento elettore sono dei vostri.
1072	IT	F&R	formal	formal	4.8	Come prima cosa cerca di venire a conoscenza di quante più cose possibili in quanto ai suoi gusti in fatto di ragazzi.
1073	IT	F&R	formal	mt_gyafc	3.6	X me è solo una magra consolazione!
1074	IT	F&R	formal	formal	4.0	Se si tratta di un ragazzo, degli auguri molto dolci.
1075	IT	F&R	formal	rt	5.0	Ti concedo di farlo, fintanto che la ami per tutta la vita.
1076	IT	F&R	formal	backtranslate	5.0	Molte volte si!
1077	IT	F&R	formal	rt	4.2	Egli usa la scusa che vi vedete di nuovo dopo molto tempo e che avete bisogno di lui per animare la serata.
1078	IT	F&R	formal	mt_gyafc	4.2	Sì, se la coglie.
1079	IT	F&R	formal	backtranslate	4.4	Se non vi sentite mai piano piano si spegne, se ogni tanto vi trovate si puo 'rinvigorire.
1080	IT	F&R	formal	backtranslate	5.0	Meriti un uomo tutto per te.
1081	IT	F&R	formal	rule_based	4.2	Rimani sempre cosi non cambiare maisei normalissima
1082	IT	F&R	formal	rt	3.8	Incolpare entrambi a prescindere
1083	IT	F&R	formal	rule_based	5.0	Lo tenevo gelosamente segreto invece tu hai rovinato tutto.
1084	IT	F&R	formal	multi	4.8	Molte volte si '.
1085	IT	F&R	formal	backtranslate	4.4	Non c 'e' niente di sbagliato, non c 'e' eta 'per cominciare.
1086	IT	F&R	formal	multi	4.2	Se un ragazzo non vuole essere un tuo amico, ma ben altro è normale.
1087	IT	F&R	formal	multi	4.4	Non c 'e' un modo preciso, l' unica cosa che ti puo 'aiutare e' il tempo.
1088	IT	F&R	formal	rule_based	5.0	Non fare però l'errore che facciamo tutte, di avere due piedi in una scarpa.
1089	IT	F&R	formal	informal	3.2	Cm sempre sn l solita altruista.
1090	IT	F&R	formal	backtranslate	4.2	Se lui non ti vuole scaricarlo subito e non lo sentire più (così soffri di meno).
1091	IT	F&R	formal	informal	4.2	?secondo me sarebbe la migliore soluzione!
1092	IT	F&R	formal	informal	3.2	ognuno di noi abbiamo qlc che gli altri non hanno e sicuramente saranno gli altri ad invidiarti
1093	IT	F&R	formal	rule_based	4.8	Non vivere dei ricordi del passato.
1094	IT	F&R	formal	rule_based	4.4	Regia di giuseppe tiralacqua e la straordinaria partecipazione di piero passamelacarta
1095	IT	F&R	formal	backtranslate	4.2	A che carino, magari qualcuno si comporatsse cosi con me!
1096	IT	F&R	formal	formal	5.0	Inizia con un dito, poi con due e con un po' di pazienza e perseveranza vedrai che entrerà.
1097	IT	F&R	formal	formal	5.0	Ognuno di noi possiede una qualche capacità estranea agli altri, i quali sicuramente te la invidiano.
1098	IT	F&R	formal	rule_based	3.6	No mi basta il my boy
1099	IT	F&R	formal	multi	3.0	Ho passato male.
1100	IT	F&R	formal	formal	5.0	Buona fortuna!
1101	IT	F&R	formal	rt	3.6	Per il regalo se non lo sai sei inutile chiedere!
1102	IT	F&R	formal	informal	3.6	sai  il  detto  'del  male  a  nessuno  dei  figli  a  tutti?'
1103	IT	F&R	formal	rule_based	4.0	Se un ragazzo non vuole essere un tuo amico ma ben altro è normale ke si comporti così.
1104	IT	F&R	formal	backtranslate	5.0	Decidi se starci o meno.
1105	IT	F&R	formal	rt	4.4	Inizia con un dito poi con due poi con un po 'di pazienza perseveranza e lubrificante vedrai che accetterà
1106	IT	F&R	formal	rule_based	5.0	Prima cerca di sapere più cose possibili su ciò che le piace in un ragazzo.
1107	IT	F&R	formal	rule_based	3.6	Sai il detto'del male a nessuno dei figli a tutti?'
1108	IT	F&R	formal	mt_gyafc	5.0	Non vale la pena se lo compri da sola.
1109	IT	F&R	formal	formal	5.0	Ti concedo di prenderla in sposa, a patto che tu la ami per tutta la vita.
1110	IT	F&R	formal	backtranslate	3.8	E comunque finchè ci saranno persone stupide ke le daranno corda (e ci saranno sempre) non abbasserà mai la cresta!
1111	IT	F&R	formal	formal	5.0	Evviva Eldorado!
1112	IT	F&R	formal	backtranslate	4.4	E 'stato solo dopo che ho avuto paura, forse anche adesso a ripensarci ma in quel momento no.
1113	IT	F&R	formal	mt_gyafc	5.0	Direi tendenzialmente di no.
1114	IT	F&R	formal	formal	5.0	Il mio fidanzato è tutto ciò di cui ho bisogno.
1115	IT	F&R	formal	informal	4.4	penso che ti fai troppi problemi!!
1116	IT	F&R	formal	backtranslate	3.4	Dimenticavo auguriciao lollina (lory) non riesco a contattarti, forse ho sbagliato indirizzo!
1117	IT	F&R	formal	formal	5.0	Ti auguro di divertirti, un saluto.
1118	IT	F&R	formal	mt_gyafc	5.0	Meriti un uomo tutto per te.
1119	IT	F&R	formal	multi	5.0	Secondo me, sarebbe la soluzione migliore.
1120	IT	F&R	formal	rt	4.6	Tutto ciò che rappresenta per ognuno di noi
1121	IT	F&R	formal	rule_based	4.4	Dai la colpa a tutti e due a prescindere
1122	IT	F&R	formal	informal	3.4	"vedrai ke c divertiremo!"""
1123	IT	F&R	formal	rt	4.2	Anke a me è successo!
1124	IT	F&R	formal	multi	3.6	Inizia con un dito e poi con un po 'di pazienza.
1125	IT	F&R	formal	informal	4.4	usa la scusa che vi rivedete dopo tanto tempo e che c'è bisogno di lui per  animare la serata.
1126	IT	F&R	formal	rt	5.0	Spero presto!
1127	IT	F&R	formal	rule_based	4.8	Anche io probabilmente sarò in abruzzo con mia moglie, ma non dove sei tu, speriamo ne venga tanta di neve!
1128	IT	F&R	formal	backtranslate	4.8	Mi ci apparto e la faccio felice.
1129	IT	F&R	formal	formal	5.0	Comunque c'è bisogno che sia un regalo, se lo compri per te stessa non vale!
1130	IT	F&R	formal	rt	3.2	Se si tratta di una raga di dolci saluti
1131	IT	F&R	formal	multi	5.0	Credo che finirebbe in galera.
1132	IT	F&R	formal	multi	5.0	Mi apparto e la faccio felice.
1133	IT	F&R	formal	backtranslate	5.0	In cosa consiste questo divertimento?
1134	IT	F&R	formal	formal	5.0	Non preoccuparti con eccessivo anticipo.
1135	IT	F&R	formal	backtranslate	5.0	In bocca al lupo!
1136	IT	F&R	formal	informal	3.6	vai al comune della tua città di residenza, la' ti  sapranno ondicare tutto con precisione.
1137	IT	F&R	formal	informal	4.2	non fasciarti la testa prima di rompertela.
1138	IT	F&R	formal	mt_gyafc	4.2	Rimani sempre cosi 'non cambiare te stesso.
1139	IT	F&R	formal	rule_based	4.2	? secondo me sarebbe la migliore soluzione!
1140	IT	F&R	formal	backtranslate	4.6	Un sabato d' autunno di alcuni anni fa mi voleva far fare 150km.
1141	IT	F&R	formal	rt	5.0	Io tenderei a non farlo.
1142	IT	F&R	formal	multi	4.8	Hai detto che ogni tanto pensi di lasciarlo per soffrire una sola volta, oltre che infantile sei anche egoista.
1143	IT	F&R	formal	multi	3.8	X me è solo una magra consolazione!
1144	IT	F&R	formal	informal	4.6	in genere chi è più geloso nella coppia è più propenso a  tradire
1145	IT	F&R	formal	rt	5.0	Penso che tu abbia troppi problemi!
1146	IT	F&R	formal	informal	4.2	in cosa consiste questo divertimento?ahahahahhahahaha
1147	IT	F&R	formal	informal	2.6	!questo penso--scusa---non ha senso---
1148	IT	F&R	formal	rule_based	4.6	Forse perché non gli piaci tanto
1149	IT	F&R	formal	multi	5.0	Spero che non dicano sul serio.
1150	IT	F&R	formal	multi	5.0	Vi auguro tanta felicità!
1151	IT	F&R	formal	mt_gyafc	5.0	Decidi se starci o meno.
1152	IT	F&R	formal	mt_gyafc	4.4	Se ci sta e 'fatta, allora vai avanti.
1153	IT	F&R	formal	rule_based	4.0	Inizia con un dito poi con due poi con un po di pazienza perseveranza e lubrificante vedrai che accetterà
1154	IT	F&R	formal	rule_based	5.0	In genere chi è più geloso nella coppia è più propenso a tradire
1155	IT	F&R	formal	mt_gyafc	4.8	Auguri e che sia una unione felice.
1156	IT	F&R	formal	rule_based	4.8	Mi ci apparto e la faccio felice.
1157	IT	F&R	formal	rt	3.0	Ank i sn di torino si e vero spesso accade così e meglio tenerli d'okkio
1158	IT	F&R	formal	rt	3.8	Lasciali se non rischi di ferirli pure e se ti scoprono sarà ancora peggio
1159	IT	F&R	formal	informal	3.8	mi metto 2 bocce e per te diventerò bellissimA!!!
1160	IT	F&R	formal	mt_gyafc	5.0	Spero che non dicano sul serio.
1161	IT	F&R	formal	backtranslate	5.0	Anche io probabilmente sarò in Abruzzo con mia moglie, ma non dove sei tu, speriamo ne venga tanta di neve!
1162	IT	F&R	formal	rule_based	4.2	Credimi, mio fratello ha fato la stessa cosa, ora lo vediamo una volta all'anno, ci ha praticamente scaricati per lei.
1163	IT	F&R	formal	backtranslate	4.4	Non c 'e' un modo preciso, l 'unica cosa che ti puo' aiutare e 'il tempo.
1164	IT	F&R	formal	informal	4.4	lasciateli se no rischiate di far soffrire pure loro e se vi scoprono sarà ancora peggio
1165	IT	F&R	formal	backtranslate	4.6	Io l 'ho trascorso male.
1166	IT	F&R	formal	formal	5.0	Io ritengo che, se lei è sinceramente interessata a te, non rifiuterà il tuo corteggiamento. Quindi, ti suggerisco di farle capire che sei interessato a lei.
1167	IT	F&R	formal	multi	4.4	Un sabato d' autunno di alcuni anni fa mi voleva far fare 150km.
1168	IT	F&R	formal	informal	4.0	quindi per la paura di soffrire si fascia la testa!!
1169	IT	F&R	formal	rule_based	4.0	! auguri e che sia una unione felice
1170	IT	F&R	formal	rule_based	3.6	X me è solo una magra consolazione!
1171	IT	F&R	formal	multi	3.4	E 'sempre il nome del solito altruista.
1172	IT	F&R	formal	formal	4.6	Potrebbe essere perché non prova molta attrazione per lei
1173	IT	F&R	formal	rule_based	3.4	Se lui non ti vuole scaricalo subito e non lo sentire più( così soffri di meno).
1174	IT	F&R	formal	multi	5.0	"Dille: ""Ti amo!"""
1175	IT	F&R	formal	formal	5.0	Non con questa premessa.
1176	IT	F&R	formal	rule_based	4.6	Grande eldorado!
1177	IT	F&R	formal	mt_gyafc	5.0	Lo tenevo gelosamente segreto, invece hai rovinato tutto.
1178	IT	F&R	formal	rt	4.8	Queste sono cose che dici in faccia!
1179	IT	F&R	formal	rule_based	4.6	Ma si fai la cosa giusta!
1180	IT	F&R	formal	informal	4.8	Dipende cosa gli piace a lui e a cosa sei disposta te!
1181	IT	F&R	formal	backtranslate	4.4	Dipende da cosa gli piace e a cosa sei disposta te.
1182	IT	F&R	formal	backtranslate	5.0	È triste questa cosa qui.
1183	IT	F&R	formal	multi	2.4	Gli tenevo il gelosamente segreto invece che tu abbia rovinato tutto.
1184	IT	F&R	formal	rule_based	4.2	In cosa consiste questo divertimento? ahahahahhahahaha
1185	IT	F&R	formal	rt	4.2	? a mio parere sarebbe la soluzione migliore!
1186	IT	F&R	formal	rule_based	4.8	Troppo antica per essere usata ancora oggi, per fortuna i tempi cambiano
1187	IT	F&R	formal	mt_gyafc	5.0	Fra sei giorni è il mio compleanno.
1188	IT	F&R	formal	mt_gyafc	4.0	Non cercare più gli stai facendo solo del male.
1189	IT	F&R	formal	multi	5.0	Direi tendenzialmente di no.
1190	IT	F&R	formal	mt_gyafc	3.8	Lasciateli se no rischiate di far soffrire, e se vi scoprono, sarà ancora peggio.
1191	IT	F&R	formal	formal	4.6	Quello che meriti è un uomo che sia solo per te!
1192	IT	F&R	formal	mt_gyafc	5.0	Forse perché non gli piaci tanto.
1193	IT	F&R	formal	informal	4.2	!auguri e che sia una unione felice
1194	IT	F&R	formal	multi	4.6	Mi dispiace, ma non ha senso-.
1195	IT	F&R	formal	informal	4.8	Se lui non ti vuole scaricalo subito e non lo sentire più ( così soffri di meno) .
1196	IT	F&R	formal	rule_based	4.6	Si ma ancora non l'ho mai ricevuto!
1197	IT	F&R	formal	rt	2.6	Da quando infuria con la testa ho perso un sacco di ``amici»!
1198	IT	F&R	formal	informal	4.4	fra sei giorni è il mio di compleanno.
1199	IT	F&R	formal	backtranslate	5.0	Secondo me sarebbe la migliore soluzione!
1200	IT	F&R	formal	rt	4.0	Dipende da cosa gli piace e da cosa sei disposto a farlo!
1201	IT	F&R	formal	informal	4.6	un sabato d'autunno di alcuni anni fa mi voleva far fare 150km.
1202	IT	F&R	formal	backtranslate	3.8	Anke a me e 'successo!
1203	IT	F&R	formal	rule_based	4.8	In bocca al lupo!
1204	IT	F&R	formal	mt_gyafc	4.8	E 'stato solo dopo che ho avuto paura, forse anche ora a ripensarci, ma in quel momento no.
1205	IT	F&R	formal	formal	5.0	Sono certa che trascorreremo del bel tempo assieme.
1206	IT	F&R	formal	rule_based	4.6	Da quando ragiono con la mia testa ho perso un sacco di `` amici''!
1207	IT	F&R	formal	multi	3.0	Sai il detto' del male a nessuno dei figli?
1208	IT	F&R	formal	rt	3.8	E comunque finché ci sono persone stupide ke daranno loro la corda (e ci sarà sempre) non abbasserà mai la cresta!
1209	IT	F&R	formal	rt	4.4	Non fasciare la testa prima di romperla.
1210	IT	F&R	formal	informal	4.8	Credimi, mio fratello ha fato la stessa cosa, ora lo vediamo una volta all'anno, ci ha praticamente scaricati per lei.
1211	IT	F&R	formal	multi	5.0	Spero presto!
1212	IT	F&R	formal	backtranslate	5.0	Troppo antica per essere usata ancora oggi, per fortuna i tempi cambiano.
1213	IT	F&R	formal	rule_based	4.4	Vai al comune della tua città di residenza, la' ti sapranno ondicare tutto con precisione.
1214	IT	F&R	formal	rule_based	3.2	Se le piaci non rifiuterà il tuo corteggiamento qnd falle capire ke lei ti piace
1215	IT	F&R	formal	backtranslate	4.6	Usa la scusa che vi rivedete dopo tanto tempo e che c 'e' bisogno di lui per animare la serata.
1216	IT	F&R	formal	formal	5.0	Credo di dovermi affrettare nel pulire il pavimento, prima che tutto venga assorbito.
1217	IT	F&R	formal	rt	5.0	Non c'è niente di sbagliato, non c'è età per cominciare
1218	IT	F&R	formal	backtranslate	5.0	Prima cerca di sapere più cose possibili su ciò che le piace in un uomo.
1219	IT	F&R	formal	mt_gyafc	4.4	Divertiti, un baciotto!
1220	IT	F&R	formal	formal	4.2	Utilizza il pretesto del rivedervi dopo tanto tempo e che ci sia bisogno di lui per rendere più viva la serata.
1221	IT	F&R	formal	rule_based	4.8	Fra sei giorni è il mio di compleanno.
1222	IT	F&R	formal	multi	4.8	Anche se personalmente sono contro la violenza alle donne.
1223	IT	F&R	formal	multi	5.0	Comunque, va bene in qualsiasi momento dell' anno, meglio se continuativamente.
1224	IT	F&R	formal	rule_based	4.8	Dalle un bacio e basta, non dirle nulla!
1225	IT	F&R	formal	rt	5.0	Buona fortuna!
1226	IT	F&R	formal	rt	3.4	Meglio 1 piccolo pancetta e tanta allegria ke 1 triste e insoddisfatto ragazza pelle e ossa!
1227	IT	F&R	formal	informal	5.0	Mi ci apparto e la faccio felice.
1228	IT	F&R	formal	rule_based	4.8	Penso finirebbe in galera!
1229	IT	F&R	formal	informal	3.4	E cmq finchè ci saranno persone stupide ke le daranno corda (e ci saranno sempre) non abbasserà mai la cresta!
1230	IT	F&R	formal	informal	4.8	"Da quando ragiono con la mia testa ho perso un sacco di ""amici""!"
1231	IT	F&R	formal	mt_gyafc	4.8	Fai la cosa giusta.
1232	IT	F&R	formal	informal	4.2	penso finirebbe in galera!
1233	IT	F&R	formal	mt_gyafc	5.0	Se la persona ti garantisce che non ti amerà, non ha senso.
1234	IT	F&R	formal	formal	5.0	A mio parere è solo una magra consolazione.
1235	IT	F&R	formal	formal	4.8	Questo suo comportamento potrebbe essere riconducibile alla timidezza, è possibile che sia per questo che è di poche parole, o magari ha subito dei danni al cervello, mettilo spalle al muro.
1236	IT	F&R	formal	formal	4.8	Non devi etichettarmi come persona antipatica se non sposo le tue idee e le ritengo inappropriate.
1237	IT	F&R	formal	rule_based	4.0	! vi auguro tanta felicità! ciau
1238	IT	F&R	formal	mt_gyafc	4.8	Non fare l' errore che facciamo tutte, di avere due piedi in una scarpa.
1239	IT	F&R	formal	rule_based	3.8	! divertiti, un baciotto!
1240	IT	F&R	formal	formal	3.4	Un sabato d'autunno di alcuni anni fa intendeva farmi percorrere 150 silometri.
1241	IT	F&R	formal	informal	4.6	in bocca al lupo!
1242	IT	F&R	formal	rt	4.4	Grazie! una buona notte anche a te!
1243	IT	F&R	formal	formal	5.0	Nel fare la tua scelta, scegli ciò che la tua etica ti indica.
1244	IT	F&R	formal	rule_based	4.2	Una ragazza sfuggente finisce sempre per intrigarti di piùciao
1245	IT	F&R	formal	multi	3.8	Vedrai ke c divertiremo!
1246	IT	F&R	formal	multi	4.6	Mi dispiace, ma se ti vorra 'tornera' da te.
1247	IT	F&R	formal	rule_based	5.0	Per il regalo se non lo sai tu è inutile chiederlo!
1248	IT	F&R	formal	multi	3.2	Se è un RAGA degli auguri dolcissimi.
1249	IT	F&R	formal	multi	3.0	Non riesco a capire se non approvo qste cose, e se le giudico non sono appropriate.
1250	IT	F&R	formal	informal	4.4	Spero presto!!!!!
1251	IT	F&R	formal	formal	4.8	Molteplici volte sì!
1252	IT	F&R	formal	backtranslate	5.0	Dalle un bacio e basta, non dirle nulla.
1253	IT	F&R	formal	multi	3.2	Si prega di prendere una sorpresa, tuttavia, abitavo a Udine lei a Basilea, erano quasi 880km.
1254	IT	F&R	formal	formal	4.8	È un accadimento che ho già vissuto.
1255	IT	F&R	formal	informal	4.6	Si ma ancora non l'ho mai ricevuto!
1256	IT	F&R	formal	backtranslate	3.2	Se e 'un RAGA degli auguri dolcissimi.
1257	IT	F&R	formal	rule_based	3.6	Queste sono cose ke si dicono in faccia!
1258	IT	F&R	formal	informal	4.4	prova a tirartelo fuori e vedi la reazione!
1259	IT	F&R	formal	informal	4.2	quella che ho fatto domenica con il mio fidanzato!!
1260	IT	F&R	formal	mt_gyafc	4.4	Molte volte si '.
1261	IT	F&R	formal	rule_based	4.8	Comunque bisogna che sia regalato non vale se te lo compri da sola!
1262	IT	F&R	formal	mt_gyafc	3.8	Le belle domande ne ho viste tante, se fondi il movimento elettore sono dei vostri.
1263	IT	F&R	formal	multi	5.0	Per il regalo, se non lo sai, è inutile chiedere.
1264	IT	F&R	formal	formal	5.0	Sono altruista, come sempre.
1265	IT	F&R	formal	formal	4.8	Preferisco avere qualche chilo in più ed essere allegra, piuttosto che essere una ragazza magrissima triste e insoddisfatta.
1266	IT	F&R	formal	mt_gyafc	5.0	Penso che finirebbe in galera.
1267	IT	F&R	formal	multi	4.8	Quella che ho fatto domenica con il mio ragazzo.
1268	IT	F&R	formal	mt_gyafc	5.0	Grazie! Una buona notte anche a te.
1269	IT	F&R	formal	rt	3.0	Ho messo su 2 ciotole e per te diventerò bello!
1270	IT	F&R	formal	mt_gyafc	5.0	"Dille: ""Ti amo!"""
1271	IT	F&R	formal	mt_gyafc	3.8	Se non è una cosa del genere, non è una cosa del genere.
1272	IT	F&R	formal	backtranslate	5.0	Da quando ragiono con la mia testa ho perso molti amici.
1273	IT	F&R	formal	rt	2.8	Mi dispiace, ma dategli tempo se volete tornare da voi
1274	IT	F&R	formal	formal	5.0	Non vi è nulla di preciso: l'unica cosa che ti può aiutare è il tempo.
1275	IT	F&R	formal	rt	4.6	In un sabato autunnale qualche anno fa voleva che io facessi 150km.
1276	IT	F&R	formal	mt_gyafc	4.8	Probabilmente sarò in abruzzo con mia moglie, ma non dove sei tu, speriamo che venga tanta di neve!
1277	IT	F&R	formal	rule_based	5.0	Non fasciarti la testa prima di rompertela.
1278	IT	F&R	formal	rt	4.0	Ah, lo prende.
1279	IT	F&R	formal	multi	5.0	Decidi se starci o meno.
1280	IT	F&R	formal	mt_gyafc	4.4	Usa la scusa che vi rivedete dopo tanto tempo e che c è bisogno di lui per animare la notte.
1281	IT	F&R	formal	rt	2.6	Prima di dirgli che il postino Ke ha avuto i suoi affari, poi digli che tua madre non sarà in grado di incastrarti!
1282	IT	F&R	formal	rule_based	2.8	! questo penso-scusa-non ha senso-
1283	IT	F&R	formal	mt_gyafc	3.4	Vedrai ke c divertiremo!
1284	IT	F&R	formal	multi	4.8	Probabilmente sarò in Abruzzo con mia moglie, ma non dove sei tu, speriamo che venga tanta di neve!
1285	IT	F&R	formal	multi	4.8	Grande Eldorado!
1286	IT	F&R	formal	rt	4.6	! Divertiti, un bacio!
1287	IT	F&R	formal	rt	3.6	? Ho dimenticato auguriciao lollina (lory) Non posso contattarti, forse ho sbagliato indirizzo!
1288	IT	F&R	formal	multi	2.6	Se il tuo uomo ti tradisce, allora la carita '.
1289	IT	F&R	formal	rule_based	4.8	Ti concedo di farlo, a patto di amarla per tutta la vita
1290	IT	F&R	formal	rt	4.8	E ovunque tu e lei andate va bene, perché la cosa importante è che siete insieme e nessuno vi dà fastidio.
1291	IT	F&R	formal	backtranslate	4.6	In genere, chi e 'piu' geloso nella coppia e 'piu' propenso a tradire.
1292	IT	F&R	formal	mt_gyafc	3.6	Se è un RAGA degli auguri dolcissimi.
1293	IT	F&R	formal	rt	2.2	Conosci la parola del male a nessuno dei bambini? '
1294	IT	F&R	formal	rule_based	4.8	Meriti un uomo tutto per te
1295	IT	F&R	formal	rt	4.6	Troppo vecchio per essere usato anche oggi, per fortuna i tempi cambiano
1296	IT	F&R	formal	rule_based	5.0	Se ci sta è fatta altrimenti volta pagina!
1297	IT	F&R	formal	multi	3.4	Rimani sempre cosi 'non cambiare le tue cose normali.
1298	IT	F&R	formal	mt_gyafc	4.6	Non c è un modo preciso, l' unica cosa che ti può aiutare è il tempo.
1299	IT	F&R	formal	rt	3.8	Tuttavia deve essere dato via non vale la pena se si acquista da soli!
1300	IT	F&R	formal	rule_based	3.0	Belle no ma almeno una sincera goodnight
1301	IT	F&R	formal	rt	3.2	Se non vuole scaricarlo subito e non lo sente più (quindi soffri di meno).
1302	IT	F&R	formal	mt_gyafc	4.8	Un sabato d' autunno di alcuni anni fa mi voleva far fare 150km.
1303	IT	F&R	formal	informal	4.2	!anzi stupenda!!
1304	IT	F&R	formal	informal	4.2	mi dispiace ma dalle tempo se ti vorra tornera da te
1305	IT	F&R	formal	rule_based	5.0	Spero presto!
1306	IT	F&R	formal	informal	4.8	Lo tenevo gelosamente segreto invece tu hai rovinato tutto.
1307	IT	F&R	formal	rt	4.6	Non vivere di ricordi del passato.
1308	IT	F&R	formal	formal	5.0	Non cercarlo più, gli stai soltanto provocando dolore.
1309	IT	F&R	formal	backtranslate	4.6	Non l' ho mai ricevuto.
1310	IT	F&R	formal	informal	4.8	Dai la colpa a tutti e due a prescindere
1311	IT	F&R	formal	rt	3.8	! Ti auguro tanta felicità! ciau
1312	IT	F&R	formal	rule_based	3.4	Arrivare a sorpresa, però io abitavo a udine lei a basilea, erano quasi 880km
1313	IT	F&R	formal	backtranslate	5.0	Hai detto che ogni tanto pensi di lasciarlo per soffrire una sola volta quindi oltre che infantile sei anche egoista.
1314	IT	F&R	formal	multi	5.0	Sì, ma non l' ho mai ricevuto.
1315	IT	F&R	formal	multi	2.6	Mi è successo Anke.
1316	IT	F&R	formal	formal	4.6	Se avessi il seno più abbondante tu penseresti che io sia bellissima.
1317	IT	F&R	formal	formal	4.8	Sarei davvero contenta se il mio ragazzo fosse in grado di urinare ovunque.
1318	IT	F&R	formal	backtranslate	4.4	Una ragazza sfuggente finisce sempre per intrigarti di piùciao.
1319	IT	F&R	formal	backtranslate	4.6	Mi dispiace, ma dalle tempo se ti vorra 'tornera' da te.
1320	IT	F&R	formal	formal	5.0	Ti ringrazio. Auguro una buona notte anche a te.
1321	IT	F&R	formal	multi	5.0	Meriti un uomo tutto per te.
1322	IT	F&R	formal	multi	5.0	In cosa consiste questo divertimento?
1323	IT	F&R	formal	formal	5.0	Nell'evenienza in cui tu non fossi di suo gradimento, lascialo e non contattarlo così risparmierai lacrime e sofferenza.
1324	IT	F&R	formal	multi	5.0	In bocca al lupo!
1325	IT	F&R	formal	multi	3.8	Dipende da cosa gli piace a lui e a cosa sei disposta a te.
1326	IT	F&R	formal	backtranslate	5.0	Spero non dicano sul serio.
1327	IT	F&R	formal	rt	2.8	No, sono abbastanza del mio ragazzo
1328	IT	F&R	formal	formal	5.0	Innanzitutto, dovresti dire al postino di badare ai fatti suoi. Secondariamente dillo a tua madre. Di certo non avrà problemi a comprendere le tue ragioni.
1329	IT	F&R	formal	mt_gyafc	4.8	Hai detto che ogni tanto pensi di lasciarlo per soffrire una sola volta, quindi oltre che infantile sei anche egoista.
1330	IT	F&R	formal	rule_based	4.8	Penso che ti fai troppi problemi!
1331	IT	F&R	formal	rule_based	4.6	Se non vi sentite mai piano piano si spegne, se ogni tanto vi trovate si può rinvigorire.
1332	IT	F&R	formal	mt_gyafc	3.8	Queste sono cose che dicono in faccia.
1333	IT	F&R	formal	informal	4.6	non c'è un modo preciso, l' unica cosa che ti puo aiutare è il tempo.
1334	IT	F&R	formal	multi	3.8	Una ragazza sfuggente finisce sempre per intrigarti di piùhi.
1335	IT	F&R	formal	backtranslate	4.6	Inizia con un dito poi con due poi con un po 'di pazienza perseveranza e lubrificante vedrai che accetterà.
1336	IT	F&R	formal	backtranslate	4.4	Penso che ti faccia troppi problemi.
1337	IT	F&R	formal	rt	3.0	Se un ragazzo non vuole essere un tuo amico, ma molto altro è normale ke comportarsi così.
1338	IT	F&R	formal	mt_gyafc	5.0	Se le piaci, non rifiuterà il tuo corteggiamento.
1339	IT	F&R	formal	multi	4.6	Non fare l' errore che facciamo tutti, di avere due piedi in una scarpa.
1340	IT	F&R	formal	informal	4.6	io l' ho trascorso male
1341	IT	F&R	formal	mt_gyafc	5.0	Mi dispiace, ma non ha senso.
1342	IT	F&R	formal	rt	4.6	Ma non fare l'errore che facciamo tutti, di avere due piedi in una scarpa.
1343	IT	F&R	formal	rule_based	3.2	Ognuno di noi abbiamo qlc che gli altri non hanno e sicuramente saranno gli altri ad invidiarti
1344	IT	F&R	formal	informal	4.2	aaa che carino, magari qualcuno si comporatsse cosi con me!!!
1345	IT	F&R	formal	informal	4.6	E' triste questa cosa qui.
1346	IT	F&R	formal	formal	5.0	Se lei è disponibile, considerala cosa fatta, se non lo è dovrai andare avanti senza di lei.
1347	IT	F&R	formal	rule_based	4.4	Usa la scusa che vi rivedete dopo tanto tempo e che c' è bisogno di lui per animare la serata.
1348	IT	F&R	formal	mt_gyafc	4.8	Anche se personalmente sono contro la violenza alle donne.
1349	IT	F&R	formal	rt	3.8	Hai detto che ogni tanto pensi di lasciarlo soffrire solo una volta così oltre infantile sei anche egoista.
1350	IT	F&R	formal	informal	4.2	penso che mi devo dare una mossa a pulire prima che il pavimento assorba il tutto !!
1351	IT	F&R	formal	informal	4.2	grazie!una buona notte anche a te!
1352	IT	F&R	formal	formal	5.0	Vi auguro la migliore gioia e prosperità, un saluto!
1353	IT	F&R	formal	rule_based	3.0	Se il vostro uomo vi tradisce: uh x carita'!
1354	IT	F&R	formal	multi	4.6	Finche 'ci saranno persone stupide che le daranno corda e ci saranno sempre, non abbasserà mai la cresta.
1355	IT	F&R	formal	formal	4.8	Ti raccomando di lasciarli altrimenti sarete causa anche della loro di sofferenza e se verrete scoperti gli eventi precipiteranno.
1356	IT	F&R	formal	rule_based	4.4	Io l' ho trascorso male
1357	IT	F&R	formal	backtranslate	5.0	Se le piaci, non rifiuterà il tuo corteggiamento. Falle capire che ti piace.
1358	IT	F&R	formal	backtranslate	3.6	Rimani sempre cosi 'non cambiare maisei normalissima.
1359	IT	F&R	formal	backtranslate	2.8	Non fare però l' errore che facciamo tutte, di avere due metri in una scarpa.
1360	IT	F&R	formal	backtranslate	5.0	No, mi basta il mio ragazzo.
1361	IT	F&R	formal	multi	4.6	Auguri e che sia una unione felice.
1362	IT	F&R	formal	backtranslate	5.0	Non fasciarti la testa prima di rompertela.
1363	IT	F&R	formal	informal	4.6	anche io probabilmente sarò in abruzzo con mia moglie, ma non dove sei tu, speriamo ne venga tanta di neve!
1364	IT	F&R	formal	formal	5.0	Rimani sempre così e non cambiare mai, sei assolutamente nella norma.
1365	IT	F&R	formal	backtranslate	4.2	Vai al comune della tua citta 'di residenza, la' ti sapranno ondicare tutto con precisione.
1366	IT	F&R	formal	formal	5.0	Penso che ti preoccupi inutilmente.
1367	IT	F&R	formal	informal	4.4	è stato solo dopo che ho avuto paura, forse anche adesso a ripensarci ma in quel momento no.
1368	IT	F&R	formal	informal	3.2	se è un raga degli auguri dolcissimi
1369	IT	F&R	formal	backtranslate	4.6	Credo che mi devo dare una mossa a pulire prima che il pavimento assorba il tutto!
1370	IT	F&R	formal	informal	4.6	non cercarlo piu gli stai facendo solo del male.
1371	IT	F&R	formal	formal	5.0	Sì, ma se la persona ti garantisce che non ti amerà, allora non ha senso.
1372	IT	F&R	formal	mt_gyafc	4.0	Regia di giuti e tiralacqua e la straordinaria partecipazione di piero passamelacarta.
1373	IT	F&R	formal	mt_gyafc	2.6	"Si chiama ""Ank"" di torino, si e 'sempre percio e meglio di tenerle d' okkio."
1374	IT	F&R	formal	formal	5.0	Fintanto che avrà un certo seguito di inetti, non muterà mai l'atteggiamento spavaldo.
1375	IT	F&R	formal	formal	4.6	Un po' troppo antiquata per essere usata ancora oggi, per fortuna i tempi cambiano.
1376	IT	F&R	formal	rule_based	3.8	Non reputarmi antipatico se non approvo qste cose, e se le giudico non appropriate!
1377	IT	F&R	formal	mt_gyafc	4.2	E 'bellissimo quello che fai.
1378	IT	F&R	formal	formal	4.8	Forse più importanti?
1379	IT	F&R	formal	informal	5.0	Direi tendenzialmente di no.
1380	IT	F&R	formal	rule_based	5.0	Direi tendenzialmente di no.
1381	IT	F&R	formal	rt	4.6	Diretto da giuseppe tiralacqua e la straordinaria partecipazione di piero passamelacarta
1382	IT	F&R	formal	multi	5.0	Penso che tu abbia troppi problemi.
1383	IT	F&R	formal	mt_gyafc	4.8	Se lui non ti vuole, scaricalo subito e non lo sentire più (così soffri di meno).
1384	IT	F&R	formal	mt_gyafc	4.2	E 'triste questa cosa qui.
1385	IT	F&R	formal	backtranslate	4.6	Ah, se la coglie.
1386	IT	F&R	formal	multi	3.4	Lasciateli se non rischiate di soffrire, e se vi scoprono, sarà ancora peggio.
1387	IT	F&R	formal	rt	4.4	L'ho speso male
1388	IT	F&R	formal	mt_gyafc	4.2	Non c è niente di sbagliato, non c è età per cominciare.
1389	IT	F&R	formal	multi	4.2	Penso che dovrei dare una mossa a pulire prima che il pavimento assorba tutto!
1390	IT	F&R	formal	mt_gyafc	3.4	Ognuno di noi abbiamo qlc che gli altri non hanno e sicuramente saranno gli altri ad invidiarti.
1391	IT	F&R	formal	formal	4.4	La faccio felice trascinandola in disparte.
1392	IT	F&R	formal	multi	2.8	Un po 'di pancetta e tanta allegria ke 1 triste e insoddisfatta.
1393	IT	F&R	formal	rule_based	4.6	Non c' è un modo preciso, l' unica cosa che ti puo aiutare è il tempo.
1394	IT	F&R	formal	mt_gyafc	3.4	Si prega di arrivare a sorpresa, ma io abitavo a udine lei a basilea, erano quasi 880km.
1395	IT	F&R	formal	mt_gyafc	5.0	Se il tuo uomo ti tradisce, allora non preoccuparti.
1396	IT	F&R	formal	informal	4.6	Troppo antica per essere usata ancora oggi, per fortuna i tempi cambiano
1397	IT	F&R	formal	rule_based	5.0	Con questa premessa no!
1398	IT	F&R	formal	formal	5.0	Ah, se la colpisse.
1399	IT	F&R	formal	rule_based	4.8	Un sabato d'autunno di alcuni anni fa mi voleva far fare 150km.
1400	IT	F&R	formal	rule_based	4.2	Ah, se la coglie.
