segment_ID	lang-ISO	domain	target_style	system_name	Aggregated_score	segment
1	FR	F&R	formal	backtranslate	4.2	Tu es une femme et tu dispose de tous les atouts mais va doucement.
2	FR	F&R	formal	multi	4.8	Ça me semble très clair.
3	FR	F&R	formal	mt_gyafc	2.2	Il est marié, ça va être très dur de le repasser.
4	FR	F&R	formal	rule_based	4.6	Ne faites pas la même connerie!
5	FR	F&R	formal	rt	4.8	Il n'y a qu'un pas entre l'amour et l'amitié.
6	FR	F&R	formal	mt_gyafc	4.6	Ça a l' air déjà bien parti en tout cas.
7	FR	F&R	formal	formal	4.0	Il faut sortir la fin de semaine, sinon le stress de la semaine prend sur le corps.
8	FR	F&R	formal	backtranslate	4.4	Comment faire confiance à l' être humain?
9	FR	F&R	formal	informal	4.4	tant que tu lui apportes ce dont il a besoin je pense qu'il serait bête de s'en plaindre!
10	FR	F&R	formal	formal	4.8	Cela se comprend aisément.
11	FR	F&R	formal	backtranslate	4.6	Le mariage est une question d' amour, pas de religion.
12	FR	F&R	formal	formal	4.6	Tu passes peut-être à côté d'une belle histoire d'amour comme on n'en fait pas tous les jours.
13	FR	F&R	formal	rule_based	3.8	Oui, je l'avais au passé
14	FR	F&R	formal	informal	4.2	Excitant si de son partenaire, vexant si c'est quelqu'un d'autre.
15	FR	F&R	formal	formal	3.8	Il y a vraiment des gens qui n'en n'ont rien à faire qui s'ennuient.
16	FR	F&R	formal	rt	4.2	Mini cheveux, c'est mieux.
17	FR	F&R	formal	mt_gyafc	2.6	Tu passes peut-être une belle histoire d' amour, l' amour n' est pas tous les jours qu' on le rencontre.
18	FR	F&R	formal	rule_based	4.2	Tu est un gros queutard!
19	FR	F&R	formal	backtranslate	4.4	Il y a pas de mal à ca.
20	FR	F&R	formal	rt	3.2	Desolé ne sait pas !
21	FR	F&R	formal	informal	3.8	ça m'a l'air déjà bien parti en tt cas
22	FR	F&R	formal	multi	4.4	Je pense qu' il faut que tu restes toi même sans lui dévoiller tes sentiments.
23	FR	F&R	formal	backtranslate	4.0	Mais il faut sortir le week end, sinon on pète les plombs si on n' évacu pas le stress de la semaine.
24	FR	F&R	formal	rule_based	4.2	Ça dessert plus que ça sert
25	FR	F&R	formal	rt	4.8	Non, mais ça fait beaucoup de dégâts dans le couple, c'est sûr !
26	FR	F&R	formal	rt	4.8	Quand j'ai un principe, je ne le change pas !
27	FR	F&R	formal	rule_based	4.2	Ça m' a l'air tout clair!
28	FR	F&R	formal	rule_based	4.6	Comment faire confiance à l'être humain?
29	FR	F&R	formal	multi	4.0	Je ne suis pas contre les hommes. Je suis tout contre.
30	FR	F&R	formal	rt	3.2	Je lui dirai l'amour de son cœur
31	FR	F&R	formal	mt_gyafc	4.4	C' est la personne en qui je fais le plus confiance au monde et en plus on parle beaucoup, on se dit tout!
32	FR	F&R	formal	backtranslate	4.4	Ne faites pas la même connerie!
33	FR	F&R	formal	mt_gyafc	4.2	Comme tu le dis si bien, on peut toujours rever.
34	FR	F&R	formal	backtranslate	4.2	Je dirai son amour.
35	FR	F&R	formal	backtranslate	4.4	Ça m 'a l' air déjà bien parti en tout cas.
36	FR	F&R	formal	multi	3.4	Non, pas parce qu' il faut savoir varier les plaisirs.
37	FR	F&R	formal	multi	4.8	Je n' ai pas 15 ans.
38	FR	F&R	formal	multi	4.8	Moi, ça me retournerai complètement le cœur.
39	FR	F&R	formal	rt	2.8	Eh bien, je te dis que c'est dur, ce n'est pas logique, ce n'est pas son bon, c'est quelque chose de pas bon.
40	FR	F&R	formal	multi	4.8	Non, mais ça fait beaucoup de dégâts dans le couple.
41	FR	F&R	formal	mt_gyafc	2.6	Non, ce n' est pas parce qu' il faut savoir les plaisirs.
42	FR	F&R	formal	backtranslate	4.4	Alors fonce c' est la plus belle chose que tu puisses faire à la personne qui compte le plus dans ta vie!
43	FR	F&R	formal	multi	3.0	Je l' ai vu le jour de son part pour Dar4 avec une mission de medecin du monde.
44	FR	F&R	formal	formal	4.4	Ce sera certainement les mêmes raison qui pousseront un garçon à préférer une fille qui manque d'intelligence plutôt qu'une fille normale et intelligente.
45	FR	F&R	formal	mt_gyafc	4.8	Non, mais ça fait beaucoup de dégâts dans le couple.
46	FR	F&R	formal	backtranslate	4.6	Il faut toujours dire la vérité même si quelques fois ca fait mal.
47	FR	F&R	formal	mt_gyafc	4.2	Ce n' est pas demain qu' il va me lancer ce genre de phrase.
48	FR	F&R	formal	backtranslate	5.0	Parlez à votre femme.
49	FR	F&R	formal	multi	4.4	Courage, tu la trouveras, j' espere!
50	FR	F&R	formal	backtranslate	4.0	Tu peux pas lui dire sans la blesser, en plus, les nana transforment toujours ce que les mecs disent.
51	FR	F&R	formal	rt	4.6	Beaucoup, en fait ne cherchent pas à en savoir plus, beaucoup sont superficiels.
52	FR	F&R	formal	rt	4.6	Oh, non, les femmes vilaines ne veulent pas que vous les trouviez.
53	FR	F&R	formal	rt	2.6	Tu as raison si tu t'aimes les uns les autres.
54	FR	F&R	formal	rule_based	4.4	Ma derniere histoire d'amour était avec une fille trés ouverte sexuellement et trés intelligente, c'étais le pied!
55	FR	F&R	formal	informal	4.4	le plaisir se déclenche au niveau du cerveau !!!
56	FR	F&R	formal	informal	3.8	quand j'ai un principe je le change pas!
57	FR	F&R	formal	informal	4.4	^^Enfin j'espére pour toi que c'est un homme!!
58	FR	F&R	formal	formal	4.6	Comment est-il possible d'accorder sa confiance à un être humain?
59	FR	F&R	formal	multi	4.4	Non, mais de me sauver oui.
60	FR	F&R	formal	backtranslate	3.8	"Pour un ""vrai"" pauvre, l' argent ne fera que le bonheurpour un riche ça n' en fait qu' un peu plus."
61	FR	F&R	formal	rule_based	2.8	Laisse ton coeur dit la sentiment réelle
62	FR	F&R	formal	formal	4.4	Ce n'est pas demain qu'il me lancera ce genre de phrase !
63	FR	F&R	formal	mt_gyafc	4.8	Je n' ai pas 15 ans.
64	FR	F&R	formal	formal	3.2	Bon je te le dis c'est dur ce n'est pas logique, ce n'est pas quelque chose de bien.
65	FR	F&R	formal	mt_gyafc	2.6	Oui, et non, en fait le froid, il n' y a pas de frustration.
66	FR	F&R	formal	formal	4.2	Je penses que tu dois rester toi-meme pour lui montrer tes sentiments!
67	FR	F&R	formal	rt	4.8	Vous devez toujours dire la vérité même si parfois ça fait mal.
68	FR	F&R	formal	backtranslate	3.6	C' est trés trisite, votre mari doit certainement vous aimer!
69	FR	F&R	formal	formal	4.8	En ce qui me concerne, je ne pourrais jamais le supporter.
70	FR	F&R	formal	backtranslate	4.2	Tu passes peut etre à cote d' une belle histoire d' amour, l' amour c' est pas tous les jours qu' on le rencontre!
71	FR	F&R	formal	rt	4.0	Excitant si de son partenaire, offensant si c'est quelqu'un d'autre.
72	FR	F&R	formal	multi	4.4	Oui, ne vous inquiétez pas, c' est pareil!
73	FR	F&R	formal	rule_based	4.2	Tu es une femme et tu dispose de tous les atouts mais va doucement.
74	FR	F&R	formal	multi	4.4	Il faut toujours dire la vérité même si quelques fois ça fait mal.
75	FR	F&R	formal	mt_gyafc	4.4	Je vois celle-ci.
76	FR	F&R	formal	formal	4.6	Quitte-le avant qu'il te quitte.
77	FR	F&R	formal	multi	4.2	L' important est qu' il soit attirant, bogoss, gentil, gentil et généreux.
78	FR	F&R	formal	rt	4.2	Ne rien faire, ce qui est fait est fait.
79	FR	F&R	formal	formal	4.0	"Oui, ""je l'avais"", au passé."
80	FR	F&R	formal	rule_based	3.6	Alors la elle peut réver, et si c’est'était le cas, j'aurai surement mis une bonne dose de poisons dedans!
81	FR	F&R	formal	formal	4.0	Je ne crois pas qu'elle ait raison et quand bien même cela adviendrait mon inimité pour elle est tellement forte que j'aurais tout fait pour qu'elle ait tort !
82	FR	F&R	formal	multi	4.2	J' ai l' air bien parti en tout cas.
83	FR	F&R	formal	mt_gyafc	4.6	Je ne suis pas d' accord avec votre mère.
84	FR	F&R	formal	rt	4.4	Ça me semble déjà bien, de toute façon.
85	FR	F&R	formal	formal	4.2	Tout comme vos propos l'exprime très clairement, il est beau de croire en l'impossible.
86	FR	F&R	formal	informal	4.6	Le mariage est une question d'amour, pas de religion !!
87	FR	F&R	formal	multi	2.4	Savez-vous au moins que la beauté ne le fait pas?
88	FR	F&R	formal	backtranslate	3.8	Vous devriez l' obliger à divorcer pour s' installer à deux.
89	FR	F&R	formal	rt	3.2	Pour les âges, juste après le Moyen Âge
90	FR	F&R	formal	backtranslate	2.6	Bon, je te dis que c' est dur. C' est pas sa bonne question. C' est qlqchose, pas bien.
91	FR	F&R	formal	mt_gyafc	2.4	C' est un dessert plus que ça.
92	FR	F&R	formal	mt_gyafc	3.0	Laisse ton coeur dit la sentiment réelle.
93	FR	F&R	formal	formal	4.8	Il est impossible que tu le lui dises sans la blesser, les femmes ont tendance à mal interpréter ce que les hommes disent.
94	FR	F&R	formal	multi	4.6	Vous êtes une femme et vous avez tous les atouts, mais doucement.
95	FR	F&R	formal	backtranslate	3.4	Quitte le avant de te quitter.
96	FR	F&R	formal	rule_based	4.2	C'est la personne en qui je fais le plus confiance au monde et en plus on parle beaucoup, on se dit tout!
97	FR	F&R	formal	formal	4.8	Tu as raison, si vous vous aimez.
98	FR	F&R	formal	informal	3.8	T'aurai du donné le tien, comme ça on te répondra facilement
99	FR	F&R	formal	multi	2.2	On n' est pas mariés, mais ils ne peuvent pas passer.
100	FR	F&R	formal	backtranslate	4.8	Presque tous les jours!
101	FR	F&R	formal	rt	3.8	Tu es un gros coq !
102	FR	F&R	formal	backtranslate	3.2	Tu ne peux rien fair car une personne qui na pas confiance a elle meme c' est un grand Fleau.
103	FR	F&R	formal	mt_gyafc	3.8	C' est trés trisite, votre mari doit certainement vous aimer.
104	FR	F&R	formal	rt	3.0	Certainement pour les mêmes raisons qu'un garçon préférera un super poussin totalement idiot à un intelligent et physiquement normal
105	FR	F&R	formal	backtranslate	2.8	Laisse ton coeur dit la sentiment réelle.
106	FR	F&R	formal	rule_based	4.4	! tu passes peut etre à cote d'une belle histoire d'amour, l'amour c'est pas tous les jours qu'on le rencontre!
107	FR	F&R	formal	backtranslate	4.6	Je ne suis pas intéressée, mais loin de moi l' idée de te répondre vulgairement!
108	FR	F&R	formal	multi	4.0	Vous devriez l' obliger à divorcer pour s' installer à deux.
109	FR	F&R	formal	rt	3.8	Pas tout parce que vous devez savoir comment varier les plaisirs.
110	FR	F&R	formal	informal	3.8	en parler à ta femme
111	FR	F&R	formal	mt_gyafc	3.8	Elle peut réver, et si c' est le cas, j' aurai surement mis une bonne dose de poisons dedans.
112	FR	F&R	formal	rt	4.6	Vous êtes une femme et vous avez tous les atouts, mais allez lentement.
113	FR	F&R	formal	multi	3.8	Attention, si vous avez une petite amie, elle ne vous voit pas.
114	FR	F&R	formal	mt_gyafc	2.6	Nous avons besoin de partir de 13 ans.
115	FR	F&R	formal	informal	3.8	Ne fait rien, ce qui est fai est fait.
116	FR	F&R	formal	rt	3.8	Laissez-le aller, il oubliera pas
117	FR	F&R	formal	rule_based	4.2	^enfin j'espére pour toi que c'est un homme!
118	FR	F&R	formal	rule_based	3.6	Eh oh ptet que les femmes coquines ont pas envie que tu les trouves.
119	FR	F&R	formal	rt	4.4	L'important est qu'il soit attrayant, bogoss, gentil, gentil et généreux, c'est tout.
120	FR	F&R	formal	informal	4.0	naturellement,au besoin
121	FR	F&R	formal	mt_gyafc	3.6	Parce que vous êtes trop, du coup ca fait peur aux filles qui se disent qu' elles ont aucune chance.
122	FR	F&R	formal	multi	4.6	Et encore, lui consacrer un message est trop gentil.
123	FR	F&R	formal	informal	4.2	attention, si tu as une copine, faut pas qu'elle te voit !
124	FR	F&R	formal	mt_gyafc	4.8	Tu empêches tout le monde de dormir.
125	FR	F&R	formal	multi	4.8	Tu es un gros queutard.
126	FR	F&R	formal	informal	4.4	Tu est un gros queutard !
127	FR	F&R	formal	multi	4.0	Je ne suis pas intéressée, mais loin de moi l' idée de vous répondre.
128	FR	F&R	formal	mt_gyafc	2.6	Je ne suis pas sûr de ce qu' il y a un peu de temps.
129	FR	F&R	formal	backtranslate	3.6	On peut dire qu' ils sont attirés par l' autre.
130	FR	F&R	formal	rt	4.6	Naturellement, si nécessaire
131	FR	F&R	formal	multi	4.2	Ça plaît aux hommes parcque, ce n' est pas eux qui se grattent quand ça repousse!
132	FR	F&R	formal	informal	4.2	ça m'a l'air tout clair !
133	FR	F&R	formal	mt_gyafc	4.8	Moi, ça me retournerai complètement le cœur.
134	FR	F&R	formal	rule_based	4.6	Courage tu la retrouveras j'espere!
135	FR	F&R	formal	rule_based	3.8	Comme disait un humoriste noir `` l'amour c'est dans la culotte patron ``
136	FR	F&R	formal	multi	3.6	Oui, je l' avais au passé.
137	FR	F&R	formal	backtranslate	4.8	Je ne suis pas contre les hommes.
138	FR	F&R	formal	rule_based	4.4	Sais tu au moins que la beauté fais pas tout!
139	FR	F&R	formal	rt	4.6	Mais j'ai une dent contre ma belle-mère et la belle-sœur, et je ne peux pas oublier leurs efforts pour détruire mon couple.
140	FR	F&R	formal	mt_gyafc	4.2	Il y a rien à faire tout est écris.
141	FR	F&R	formal	formal	4.8	Ça plaît aux hommes parce que ce ne sont pas eux qui se grattent quand ça repousse !
142	FR	F&R	formal	formal	4.2	C'est excitant si sa vient de ton partenaire mais troublant si c'est de quelqu'un d'autre.
143	FR	F&R	formal	formal	4.4	Il n'y a rien que vous puissiez faire, on ne peut pas changer le passer.
144	FR	F&R	formal	informal	4.6	Et encore, lui consacrer un sms c'est trop gentil.
145	FR	F&R	formal	formal	4.8	Attention. Si tu as une copine, il ne faut pas qu'elle te voit !
146	FR	F&R	formal	multi	4.6	Non, il n' y a pas de mal à ça.
147	FR	F&R	formal	formal	4.4	Je vois celle-ci!
148	FR	F&R	formal	formal	4.6	Ça dessert plus que ça ne sert.
149	FR	F&R	formal	informal	2.6	qu'on ont n'est marier,  ont ne peut pas sont passer.
150	FR	F&R	formal	informal	3.2	je dirai son amour son coeur
151	FR	F&R	formal	informal	3.8	ya rien a faire tout est écris
152	FR	F&R	formal	rule_based	2.4	Qu'on ont n'est marier, ont ne peut pas sont passer.
153	FR	F&R	formal	rule_based	4.6	Il y a vraiment des cons qui s'ennuient.
154	FR	F&R	formal	backtranslate	4.8	Il est marié, ça va être très dur de le recupérer, voir impossible!
155	FR	F&R	formal	informal	2.8	de se donner un peu de fierte en soi meme
156	FR	F&R	formal	informal	4.6	Mais j'ai une dent contre ma belle-mère et les belles-soeurs, j'arrive pas à oublier leurs efforts pour détruire mon couple.
157	FR	F&R	formal	formal	4.4	Désolé, je ne connais pas !
158	FR	F&R	formal	rule_based	3.6	Moi je ne suis pas contre les hommes, je suis tout contre
159	FR	F&R	formal	formal	4.8	J'espère pour vous que votre partenaire aura la virilité que vous souhaitez !
160	FR	F&R	formal	multi	4.4	Comment faire confiance à l' être humain?
161	FR	F&R	formal	formal	5.0	Je plaisante.
162	FR	F&R	formal	rule_based	4.0	Je pense qu'il faut q tu restes toi même sans pour autant lui dévoiller tes sentiments!
163	FR	F&R	formal	rt	3.6	Parce que tu es trop, donc ça fait peur aux filles qui pensent qu'elles n'ont pas de chance.
164	FR	F&R	formal	multi	4.2	C' est très trisite, votre mari doit certainement vous aimer.
165	FR	F&R	formal	rule_based	4.6	Il est marié, ça va etre très dur de le recupérer, voir impossible!
166	FR	F&R	formal	rule_based	3.6	Je vois celle-ci:-)
167	FR	F&R	formal	mt_gyafc	3.2	Ben moi, j' ai ne pourjamais le suporter.
168	FR	F&R	formal	rt	4.8	Non, il n'y a rien de mal à ça.
169	FR	F&R	formal	informal	4.0	Mais il faut sortir le week end, sinon on pète les plombs si on n'évacu pas le stress de la semaine
170	FR	F&R	formal	mt_gyafc	4.4	Enfin, j' espére pour toi que c' est un homme.
171	FR	F&R	formal	rt	2.8	On ne peut rien faire parce qu'une personne qui ne se fait pas confiance est une grosse épée
172	FR	F&R	formal	mt_gyafc	4.2	Ça a l' air tout clair.
173	FR	F&R	formal	mt_gyafc	2.6	Il y a des hommes qui se grattent quand ils se grattent quand ça repousse.
174	FR	F&R	formal	mt_gyafc	4.4	C' est votre choix et c' est à vous d' écouter votre cœur.
175	FR	F&R	formal	backtranslate	4.6	Le plaisir se déclenche au niveau du cerveau!
176	FR	F&R	formal	backtranslate	4.2	Certainement pour les memes raisons qui font qu' un garçon va préférer une super nana complètement idiote à une intelligente et physiquement normal.
177	FR	F&R	formal	formal	4.8	Je n'ai pas quinze ans.
178	FR	F&R	formal	informal	3.6	Les mini cheveux c mieux.
179	FR	F&R	formal	mt_gyafc	4.2	Depuis des lustres, juste apres le moyen age.
180	FR	F&R	formal	rule_based	3.6	C'est trés trisite, votre mari doit certainement vous aimez!
181	FR	F&R	formal	rt	4.8	Courage, tu la trouveras, j'espère !
182	FR	F&R	formal	mt_gyafc	2.6	Comme un humoriste noir, l' amour est dans la culotte patron.
183	FR	F&R	formal	informal	4.0	!Nan je déconne.
184	FR	F&R	formal	formal	4.8	Non, il n'y a pas de mal à cela.
185	FR	F&R	formal	multi	4.2	Les mini cheveux, c' est mieux.
186	FR	F&R	formal	mt_gyafc	4.6	Comment faire confiance à l' être humain?
187	FR	F&R	formal	rule_based	4.4	Excitant si de son partenaire, vexant si c'est quelqu'un d'autre.
188	FR	F&R	formal	informal	3.8	non pas dutout car il faut savoir varier les plaisirs.
189	FR	F&R	formal	formal	4.8	Ma relation de couple la plus récente était avec une fille très intelligente, avec une grande ouverture sur le plan sexuel; c'était très agréable!
190	FR	F&R	formal	rt	4.8	Tu ne peux pas le supporter.
191	FR	F&R	formal	informal	4.8	Il change par amour, et toi par amour tu dois lui laisser le temps.
192	FR	F&R	formal	mt_gyafc	2.2	C' est normal, tout arrive en amour, c' est une histoire qui n' est pas en train de souffrir et de ne pas souffrir.
193	FR	F&R	formal	rt	4.8	Il y a vraiment des crétins qui s'ennuient.
194	FR	F&R	formal	rt	3.4	J'étais avec ma copine dans la voiture et soudain elle m'a dit de t'arrêter dans les bois.
195	FR	F&R	formal	backtranslate	3.8	De se donner un peu de fierte en soi meme.
196	FR	F&R	formal	multi	4.6	Vous ne pouvez pas lui dire sans la blesser (en plus, les femmes transforment toujours ce que les hommes disent!)
197	FR	F&R	formal	mt_gyafc	3.8	Oui, je l' avais au passé.
198	FR	F&R	formal	rt	4.8	J'espère que c'est un homme !
199	FR	F&R	formal	formal	4.6	Dis-lui que si jamais tu le trompais avec un autre, tu n'aurais plus envie de lui.
200	FR	F&R	formal	rt	4.4	Pas de problème, vous l'enregistrez, vous l'entendez toujours.
201	FR	F&R	formal	mt_gyafc	3.6	Je pense que c' est une bonne chose que j' ai trouvé l' amour avec une fille trés ouverte sexuellement et trés intelligente, c' était le pied!
202	FR	F&R	formal	rt	3.4	! Vous pouvez passer par une belle histoire d'amour, l'amour n'est pas tous les jours que nous le rencontrons !
203	FR	F&R	formal	rt	4.8	Personnellement, je viens d'en faire deux dans le cadre d'une adoption, le maire de ma commune les faisait évidemment.
204	FR	F&R	formal	mt_gyafc	4.4	Oui, je l' ai!
205	FR	F&R	formal	formal	3.8	De mon côté, si je lui épluche des clémentines il aime pas çà.
206	FR	F&R	formal	multi	3.4	Quand j' ai un principe, je le changerai.
207	FR	F&R	formal	formal	5.0	Ceci étant dit, il s'agit d'un choix qui vous revient et en conséquence vous devriez suivre votre cœur.
208	FR	F&R	formal	multi	4.8	Tu as raison de rire ça fait du bien.
209	FR	F&R	formal	informal	4.4	presque tous les jours !!
210	FR	F&R	formal	rt	2.6	Vous lui posez la question, mais franchement, si c'est votre ex, je ne pense pas que ce soit un gd choz !
211	FR	F&R	formal	multi	4.6	Dis-lui que si tu le trompais avec un autre, tu n' aurais plus envie de lui.
212	FR	F&R	formal	mt_gyafc	3.6	Moi de mon côté, je lui épluche ses clémentines, il aime ce qu' il aime.
213	FR	F&R	formal	multi	3.6	Tu passes peut-être une belle histoire d' amour, l' amour, c' est pas tous les jours qu' on le rencontre.
214	FR	F&R	formal	mt_gyafc	4.6	En parler à votre femme.
215	FR	F&R	formal	rt	4.4	Nous pouvons dire qu'ils sont attirés les uns par les autres oui
216	FR	F&R	formal	informal	3.8	je pense qu'il faut q tu restes toi même sans pour autant lui dévoiller tes sentiments !
217	FR	F&R	formal	formal	4.8	J'en veux toujours à ma belle-mère et mes belles-sœurs, je n'arrive toujours pas à oublier leurs efforts pour détruire mon couple.
218	FR	F&R	formal	informal	4.8	Mais c'est ton choix et c'est à toi d'écouter ton coeur.
219	FR	F&R	formal	informal	3.8	l'obliger à divorcer pour s'installer à deux!
220	FR	F&R	formal	backtranslate	4.2	Enfin, j' espére pour toi que c' est un homme!
221	FR	F&R	formal	rule_based	4.2	Mais j'ai une dent contre ma belle-mère et les belles-soeurs, j'arrive pas à oublier leurs efforts pour détruire mon couple.
222	FR	F&R	formal	rt	4.4	Je l'ai vu le jour où il est parti pour le Darfour avec une mission de docteur du monde.
223	FR	F&R	formal	formal	5.0	Alors fonce. C'est la plus belle chose que tu puisses faire à la personne qui compte le plus pour toi.
224	FR	F&R	formal	rt	4.8	Le plaisir est déclenché au niveau du cerveau !
225	FR	F&R	formal	rule_based	4.0	Depuis des lustres, juste apres le moyen age
226	FR	F&R	formal	backtranslate	3.6	CA plait aux hommes Parcque c' est pas eux qui se grattent quand ça repousse!
227	FR	F&R	formal	rule_based	3.6	De se donner un peu de fierte en soi meme
228	FR	F&R	formal	informal	4.0	tu es une femme et tu dispose de tous les atouts mais va doucement.
229	FR	F&R	formal	rt	4.6	Ma dernière histoire d'amour était avec une fille très ouverte sexuellement et très intelligente, c'était le pied !
230	FR	F&R	formal	formal	4.6	J'ajouterai même que lui envoyer un SMS est plus que ce qu'il mérite.
231	FR	F&R	formal	mt_gyafc	2.0	Qu' on a n' est pas marié, ils ne peuvent pas passer.
232	FR	F&R	formal	formal	4.8	Tu pourrais lui poser la question mais j'y vois peu d'utilité si vous n'êtes plus en couple.
233	FR	F&R	formal	backtranslate	3.8	Savez-vous au moins que la beauté fait pas tout!
234	FR	F&R	formal	rule_based	4.2	En parler à ta femme
235	FR	F&R	formal	mt_gyafc	4.2	Tu es un gros queutard!
236	FR	F&R	formal	backtranslate	4.0	J' ai pas 15 ans.
237	FR	F&R	formal	rt	3.8	Oh, je ne suis pas intéressé mais loin de moi l'idée de vous répondre vulgaire !
238	FR	F&R	formal	informal	1.8	laisse tomber il vas oublier ne
239	FR	F&R	formal	backtranslate	4.4	Tant que tu lui apportes ce dont il a besoin, je pense qu' il serait bête de s' en plaindre!
240	FR	F&R	formal	rule_based	3.8	Ne fait rien, ce qui est fai est fait.
241	FR	F&R	formal	formal	3.8	Tu empêches tout les personnes de dormir!
242	FR	F&R	formal	rt	3.6	Laissez votre cœur dire le vrai sentiment
243	FR	F&R	formal	rule_based	3.8	Attention, si tu as une copine, faut pas qu'elle te voit!
244	FR	F&R	formal	backtranslate	4.0	- Nan je déconne.
245	FR	F&R	formal	formal	4.4	Tu aurais du donner le tien. Ainsi, on te répondra plus facilement.
246	FR	F&R	formal	backtranslate	4.4	Oui, je l' ai!
247	FR	F&R	formal	backtranslate	3.8	Moi de mon côté je lui épluche ses clémentines il aime pas çà!
248	FR	F&R	formal	multi	2.2	Le dessert plus que ça sert.
249	FR	F&R	formal	rt	2.8	Je ne suis pas contre les hommes, je suis contre les hommes.
250	FR	F&R	formal	informal	4.8	Je ne vois pas la trahison là dedans et je ne me sens pas du tout frustrée !
251	FR	F&R	formal	informal	3.8	On peut aimer plusieurs fois - tomber amoureux c est très simple!
252	FR	F&R	formal	rule_based	2.0	Laisse tomber il vas oublier ne
253	FR	F&R	formal	mt_gyafc	4.0	Non, mais de me sauver oui.
254	FR	F&R	formal	multi	3.0	Il change par amour, et vous êtes amoureux de lui laisser le temps.
255	FR	F&R	formal	rt	3.4	Et quand même, lui donner un SMS, c'est trop gentil.
256	FR	F&R	formal	backtranslate	4.4	Il y a vraiment des cons qui s' ennuient.
257	FR	F&R	formal	mt_gyafc	3.8	On peut aimer plusieurs fois- tomber amoureux, c' est très simple.
258	FR	F&R	formal	multi	2.6	Ben, moi, je n' ai jamais eu le suporter.
259	FR	F&R	formal	mt_gyafc	3.6	Quitte le avant de te quitter.
260	FR	F&R	formal	rule_based	3.4	Parce que t'es trop, du coup ca fait peur aux filles qui se disent qu'elles ont aucune chance.
261	FR	F&R	formal	mt_gyafc	4.2	Tu as raison si tu t' aimes.
262	FR	F&R	formal	formal	4.8	C'est malheureux, je suis convaincu que votre conjoint vous aime.
263	FR	F&R	formal	formal	4.8	On ne peut s'en passer quand on est mariés.
264	FR	F&R	formal	formal	4.4	Tu n'as pas besoin d'un chagrin !
265	FR	F&R	formal	informal	3.4	dsl connait pas !!
266	FR	F&R	formal	backtranslate	4.0	Pas de problème tu l 'enregistre, tu l' entendras toujours.
267	FR	F&R	formal	rt	4.8	Je ne vois pas de trahison là-dedans et je ne me sens pas frustré du tout !
268	FR	F&R	formal	formal	4.4	Renonce, il va oublier.
269	FR	F&R	formal	formal	4.6	Je l'ai !
270	FR	F&R	formal	backtranslate	4.6	Dis lui que si tu le trompais avec un autre, tu n' aurais plus envie de lui.
271	FR	F&R	formal	rt	4.6	Tant que tu lui apporteras ce dont il a besoin, je pense que ce serait idiot de s'en plaindre !
272	FR	F&R	formal	multi	2.0	De se donner un peu de férote en soi même.
273	FR	F&R	formal	backtranslate	3.8	Attention, si vous avez une petite amie, faut pas qu' elle vous voit!
274	FR	F&R	formal	mt_gyafc	4.6	Les mini cheveux sont mieux.
275	FR	F&R	formal	informal	3.4	t'as pas besoin donc d'un chagrin!!!
276	FR	F&R	formal	rt	5.0	C'est très triste, votre mari doit certainement vous aimer !
277	FR	F&R	formal	backtranslate	3.8	J' étais avec ma copine en voiture et d' un coup elle m 'a dit arrete toi dans le bois la bas.
278	FR	F&R	formal	backtranslate	2.0	Qu' on a n' est marier, ont ne peut-être pas passer.
279	FR	F&R	formal	multi	4.6	Enfin, j' espère que c' est un homme.
280	FR	F&R	formal	rule_based	3.8	Mais il faut sortir le week end, sinon on pète les plombs si on n'évacu pas le stress de la semaine
281	FR	F&R	formal	informal	3.8	il n y a qu'un pas entre l'amour et l'amitier.
282	FR	F&R	formal	backtranslate	3.8	Non pas dutout, car il faut savoir varier les plaisirs.
283	FR	F&R	formal	backtranslate	4.0	On peut aimer plusieurs fois- tomber amoureux c' est très simple!
284	FR	F&R	formal	rt	5.0	Comment faire confiance à l'être humain ?
285	FR	F&R	formal	multi	4.8	Presque tous les jours!
286	FR	F&R	formal	rt	3.0	Vous ne serez pas en mesure de lui dire sans lui faire mal (d'ailleurs, poussin transforme toujours ce que disent les gars !)
287	FR	F&R	formal	formal	4.6	J'étais en voiture avec mon amie lorsque soudain, elle me dit de m'arrêter dans les bois.
288	FR	F&R	formal	rt	4.8	Il change par amour, et toi par amour, tu dois lui donner du temps.
289	FR	F&R	formal	informal	3.8	Pas de problème tu l' enregistre , tu l' entendras toujours .
290	FR	F&R	formal	mt_gyafc	4.2	Vous êtes une femme et vous avez tous les atouts, mais il va doucement.
291	FR	F&R	formal	formal	4.6	Garde courage j’espère que tu la retrouveras!
292	FR	F&R	formal	informal	4.6	Comment faire confiance à l'être humain?
293	FR	F&R	formal	informal	4.6	Il y a vraiment des cons qui s'ennuient.
294	FR	F&R	formal	multi	4.2	Nan, je déconne.
295	FR	F&R	formal	rt	4.0	Oui, je l'avais dans le passé
296	FR	F&R	formal	multi	3.2	Ce n' est pas mon style d 'en avoir plusir.
297	FR	F&R	formal	formal	4.6	Je ne change pas mes principes!
298	FR	F&R	formal	mt_gyafc	4.6	Non, il n' y a pas de mal à ca.
299	FR	F&R	formal	mt_gyafc	4.6	Quand j' ai un principe, je le change.
300	FR	F&R	formal	backtranslate	3.2	Parce que t' es trop, du coup ca fait peur aux filles qui se disent qu' elles ont aucune chance.
301	FR	F&R	formal	informal	4.0	je l'ai vu le jour de son depart pour le darfour avec une mission de medecin du monde.
302	FR	F&R	formal	rt	4.8	Mais c'est votre choix et c'est à vous d'écouter votre cœur.
303	FR	F&R	formal	mt_gyafc	4.4	Tu ne peux pas supporter.
304	FR	F&R	formal	multi	4.6	Tant que tu lui apportes ce dont il a besoin, je pense qu' il serait bête de s' en plaindre.
305	FR	F&R	formal	multi	3.8	Il n' y a rien d' autre qu' écrire.
306	FR	F&R	formal	informal	3.8	il faut toujours dire la vérité même si quelques fois ca fait mal.
307	FR	F&R	formal	rule_based	3.4	Tu lui pose la question mais franchement si c’est ton ex je ne pense pas que ca serve a gd choz!
308	FR	F&R	formal	backtranslate	4.0	Les femmes coquines ont pas envie que tu les trouves.
309	FR	F&R	formal	formal	4.8	Personnellement, cela me chagrinerait profondément.
310	FR	F&R	formal	rule_based	4.2	Naturellement, au besoin
311	FR	F&R	formal	backtranslate	4.2	Vous êtes un gros queutard!
312	FR	F&R	formal	mt_gyafc	4.6	Et encore, lui consacrer un message, c' est trop gentil.
313	FR	F&R	formal	backtranslate	3.6	L' important c' est qu' il soit attirant, bogoss, gentil, et généreux c' est tout.
314	FR	F&R	formal	rule_based	4.0	L'important c'est qu'il soit attirant, bogoss, gentil, sympa, et généreux c’est tout
315	FR	F&R	formal	rule_based	4.8	Il change par amour, et toi par amour tu dois lui laisser le temps.
316	FR	F&R	formal	multi	3.8	Abstenez-vous pendant qq jours.
317	FR	F&R	formal	formal	4.8	Non, pas du tout, car il faut savoir varier les plaisirs.
318	FR	F&R	formal	mt_gyafc	4.0	Ecris lui un poeme!
319	FR	F&R	formal	rt	4.4	Eh bien, je ne pourrai jamais le supporter
320	FR	F&R	formal	backtranslate	4.8	Beaucoup, effectivement ne cherchent pas à en savoir d' avantage, beaucoup sont superficiels.
321	FR	F&R	formal	backtranslate	4.2	Depuis des lustres, juste apres le moyen age.
322	FR	F&R	formal	rt	4.8	L'homme pense peut-être un peu trop !
323	FR	F&R	formal	multi	3.4	On peut dire qu' ils sont attirés par l' autre.
324	FR	F&R	formal	informal	2.6	laisse ton coeur dit la sentiment  réelle
325	FR	F&R	formal	mt_gyafc	3.6	Je ne suis pas contre les hommes, je suis tout contre.
326	FR	F&R	formal	informal	4.2	On peux dire qu'ils sont attiré l'un par l'autre oui
327	FR	F&R	formal	rt	4.6	Attention, si tu as une copine, elle ne devrait pas te voir !
328	FR	F&R	formal	backtranslate	4.4	Tu as bien raison de rire ca fait du bien.
329	FR	F&R	formal	rule_based	3.6	T'as pas besoin donc d'un chagrin!
330	FR	F&R	formal	rt	2.4	Mais on doit sortir le week-end, ou on sortira si on ne se débarrasse pas du stress de la semaine.
331	FR	F&R	formal	informal	3.8	ahaha tu as bien raison de rire ca fait du bien.
332	FR	F&R	formal	formal	4.8	Il est possible que l'homme pense plus qu'il ne devrait.
333	FR	F&R	formal	mt_gyafc	4.0	Vous devriez l' obliger à divorcer pour s' installer à deux.
334	FR	F&R	formal	multi	3.2	Vous lui posez la question, mais honnêtement, si c' est votre ex, je ne pense pas que cela serve un gd choz.
335	FR	F&R	formal	formal	4.6	On peut avoir des sentiments amoureux de nombreuses fois, être amoureux de quelqu'un c'est facile.
336	FR	F&R	formal	backtranslate	4.8	Il change par amour, et toi par amour tu dois lui laisser le temps.
337	FR	F&R	formal	formal	4.8	Je ne suis pas opposé aux hommes.
338	FR	F&R	formal	formal	5.0	Face à votre perfection, les femmes restent lointaines parce qu'elles sont effrayées d'échouer.
339	FR	F&R	formal	formal	4.8	Le mariage est une question d'amour et non de religion!
340	FR	F&R	formal	rule_based	4.2	Ecris lui un poeme!
341	FR	F&R	formal	rule_based	3.8	Ne jamais faire dependre son bien etre d'une chose exterieur.
342	FR	F&R	formal	backtranslate	3.8	Ne fait rien, ce qui est fai est fait.
343	FR	F&R	formal	backtranslate	3.4	Desolé connait pas!
344	FR	F&R	formal	multi	4.4	Il est marié. Ça va être très difficile de le recupérer, voir impossible!
345	FR	F&R	formal	informal	3.8	J'étais avec ma copine en voiture et d'un coup elle m'a dit arrete toi dans le bois la bas.
346	FR	F&R	formal	backtranslate	3.8	Ça m 'a l' air tout clair!
347	FR	F&R	formal	multi	3.4	Parce que vous êtes trop, du coup, ça fait peur aux filles qui se disent qu' elles n' ont aucune chance.
348	FR	F&R	formal	rt	5.0	Écrivez-lui un poème !
349	FR	F&R	formal	mt_gyafc	3.4	Pour un vrai pauvre, l' argent ne fera que le bonheurpour un riche. Ça n' en fait qu' un peu plus.
350	FR	F&R	formal	mt_gyafc	3.2	Ne fait rien, ce qui est fai fait.
351	FR	F&R	formal	mt_gyafc	4.4	Il n' y a pas de problème, vous pouvez l' enregistrer.
352	FR	F&R	formal	informal	3.2	"pour un ""vrai"" pauvre, l'argent ne peu faire que le bonheurpour un riche ça n'en fait qu'un peu plus"
353	FR	F&R	formal	backtranslate	4.0	Ma derniere histoire d' amour était avec une fille trés ouverte sexuellement et trés intelligente, c' était le pied!
354	FR	F&R	formal	informal	3.8	c' est pas mon style d' en avoir plusieur
355	FR	F&R	formal	rt	4.6	Vous empêchez tout le monde de dormir !
356	FR	F&R	formal	informal	3.6	Moi de mon côté je lui épluche ses clémentines il aime pas çà !!
357	FR	F&R	formal	formal	4.8	Tu ne peux pas apporter de l'aide à une personne qui ne fait pas confiance à elle-même, car le manque de confiance en soi est un grand fléau.
358	FR	F&R	formal	multi	4.0	Ouin maman t' es méchante.
359	FR	F&R	formal	informal	4.8	Dis lui que si tu le trompais avec un autre, tu n'aurais plus envie de lui.
360	FR	F&R	formal	informal	3.4	moi je ne suis pas contre les hommes,je suis tout contre
361	FR	F&R	formal	informal	4.4	"Comme disait un humoriste noir "" l'amour c'est dans la culotte patron """
362	FR	F&R	formal	rule_based	3.2	! nan je déconne.
363	FR	F&R	formal	informal	3.8	je n ai pas 15 ans.
364	FR	F&R	formal	informal	3.8	ça dessert plus que ça sert
365	FR	F&R	formal	multi	3.8	Laisse ton coeur te dire la vraie chose.
366	FR	F&R	formal	backtranslate	4.0	Mais j' ai une dent contre ma belle-mère et les belles-soeurs, j' arrive pas à oublier leurs efforts pour détruire mon couple.
367	FR	F&R	formal	multi	4.4	Le mariage est une question d' amour, pas de religion.
368	FR	F&R	formal	informal	4.2	oui et non, en fait le froid anesthesie et du coup la frustration augmente.
369	FR	F&R	formal	formal	4.6	Beaucoup sont superficiels et ne cherchent pas à en savoir davantage.
370	FR	F&R	formal	formal	5.0	Ça fait sûrement beaucoup de ravage dans le couple.
371	FR	F&R	formal	multi	4.2	J' ai une dent contre ma belle-mère et les belles-soeurs, mais je ne peux pas oublier leurs efforts pour détruire mon couple.
372	FR	F&R	formal	formal	4.4	Les tout petits cheveux, c'est mieux.
373	FR	F&R	formal	mt_gyafc	4.6	Le plaisir se déclenche au niveau du cerveau.
374	FR	F&R	formal	formal	4.8	Il ne faut jamais faire dépendre son bien-être d'un élément extérieur.
375	FR	F&R	formal	rt	3.0	Le forçant à divorcer pour s'installer en deux !
376	FR	F&R	formal	backtranslate	4.4	Naturellement, au besoin.
377	FR	F&R	formal	rt	2.6	S'abstenir pendant les jours qq
378	FR	F&R	formal	mt_gyafc	4.2	Je pense que c' est un bon moment.
379	FR	F&R	formal	backtranslate	4.0	Quand j' ai un principe, je le change.
380	FR	F&R	formal	backtranslate	4.4	Je ne vois pas la trahison là dedans, et je ne me sens pas du tout frustrée!
381	FR	F&R	formal	rule_based	3.8	Il n y a qu'un pas entre l'amour et l'amitier.
382	FR	F&R	formal	rt	3.8	Les hommes aiment ça parce que ce ne sont pas eux qui grattent quand il repousse !
383	FR	F&R	formal	rule_based	2.8	Tu ne peux rien fair car une personne qui na pas confiance a elle meme c'est un grand fleau
384	FR	F&R	formal	multi	2.6	Naturellement, au besoin du besoin.
385	FR	F&R	formal	backtranslate	3.8	Je crois qu' il faut q tu restes toi même sans pour autant lui dévoiller tes sentiments!
386	FR	F&R	formal	multi	4.4	Moi de mon côté, je lui épluche ses clémentines, il n' aime pas ça!
387	FR	F&R	formal	multi	4.2	Je viens d' en faire deux dans le cadre d' une adoption, le maire de ma commune avait l' habitude d' en faire.
388	FR	F&R	formal	rule_based	4.0	T'aurai du donné le tien, comme ça on te répondra facilement
389	FR	F&R	formal	informal	3.8	depuis des lustres,juste apres le moyen age
390	FR	F&R	formal	backtranslate	4.0	Oui, ne vous inquiétez pas, c' est pareil!
391	FR	F&R	formal	informal	4.4	C'est pas demain qu'il va me lancer ce genre de phrase !
392	FR	F&R	formal	informal	4.6	Oh je ne suis pas intéressée mais loin de moi l'idée de te répondre vulgairement !
393	FR	F&R	formal	rule_based	4.2	Je n ai pas 15 ans.
394	FR	F&R	formal	rule_based	4.2	Le mariage est une question d'amour, pas de religion!
395	FR	F&R	formal	backtranslate	4.0	Oui, je l' avais au passé.
396	FR	F&R	formal	formal	4.2	Pas tout à fait: le froid a tendance à anesthésier et par conséquent la frustration augmente.
397	FR	F&R	formal	formal	4.6	Oh je ne suis pas intéressée mais je ne souhaitais pas te répondre de manière déplacée !
398	FR	F&R	formal	rule_based	3.8	Il y a rien a faire tout est écris
399	FR	F&R	formal	multi	2.8	Comme vous le dites, si bien on peut toujours rever.
400	FR	F&R	formal	formal	4.8	Tout peut arriver dans une histoire d'amour, vis donc pleinement cette relation. Le plus important est de ne pas en souffrir et de ne pas faire souffrir l'autre.
401	FR	F&R	formal	rt	4.6	Vous pouvez aimer plusieurs fois - tomber amoureux est très simple !
402	FR	F&R	formal	informal	3.6	Quitte le avant de te quitter.
403	FR	F&R	formal	rule_based	3.6	Moi de mon côté je lui épluche ses clémentines il aime pas çà!
404	FR	F&R	formal	backtranslate	4.6	Laisse tomber ça. Oublie-le.
405	FR	F&R	formal	rt	2.6	Oui et non, en fait, l'anesthésie froide et la frustration augmentent.
406	FR	F&R	formal	rule_based	4.0	Les mini cheveux c’est mieux.
407	FR	F&R	formal	rule_based	3.6	Quitte le avant de te quitter.
408	FR	F&R	formal	mt_gyafc	4.4	Presque tous les jours!
409	FR	F&R	formal	formal	3.4	Il a du se divorcer pour passer à autre chose!
410	FR	F&R	formal	backtranslate	4.4	C' est la personne en qui je fais le plus confiance au monde et en plus on parle beaucoup, on se dit tout!
411	FR	F&R	formal	formal	4.4	Pas de problème si tu l'écris, tu l'auras pour toujours.
412	FR	F&R	formal	backtranslate	3.0	Tu lui poses la question, mais franchement, si c' est ton ex, je ne pense pas que ca serve ait gd choz!
413	FR	F&R	formal	mt_gyafc	4.4	C' est la plus belle chose que vous puissiez faire à la personne qui compte le plus dans votre vie.
414	FR	F&R	formal	formal	4.6	Il n'y a rien à faire. Tout est déjà écrit.
415	FR	F&R	formal	informal	3.6	On dois y aller seulement a partir de 13 ans !
416	FR	F&R	formal	backtranslate	4.4	Ça dessert plus que ça sert.
417	FR	F&R	formal	formal	4.0	Tu as raison, c'est agréable de s'esclaffer!
418	FR	F&R	formal	mt_gyafc	4.8	Je ne vois pas la trahison là dedans et je ne me sens pas du tout frustrée.
419	FR	F&R	formal	multi	4.4	Ce n' est pas demain qu' il va me lancer ce genre de phrase.
420	FR	F&R	formal	rt	4.6	Ça me semble clair !
421	FR	F&R	formal	rule_based	3.8	Ca plait aux hommes parcque c'est pas eux qui se grattent quand ça repousse!
422	FR	F&R	formal	informal	3.6	eh oh ptet que les femmes coquines ont pas envie que tu les trouves.
423	FR	F&R	formal	rt	2.8	Comme l'a dit un comédien noir « l'amour est dans le patron de la culotte »
424	FR	F&R	formal	multi	4.6	Oui, et non, en fait le froid anesthesie et la frustration augmente.
425	FR	F&R	formal	informal	4.0	abstenez vous pendant qq jours
426	FR	F&R	formal	rt	4.6	Oui, je l'ai !
427	FR	F&R	formal	rule_based	4.0	L'homme pense peut être un peu trop!
428	FR	F&R	formal	backtranslate	4.4	Vous ne pouvez pas supporter.
429	FR	F&R	formal	formal	3.2	A presque tout les jours!
430	FR	F&R	formal	rt	4.4	Ne jamais faire dépendre son bien-être de quelque chose à l'extérieur.
431	FR	F&R	formal	multi	4.0	Beaucoup, vraiment ne cherchent pas à en savoir plus, beaucoup sont superficiels.
432	FR	F&R	formal	multi	4.2	Vous ne pouvez pas supporter.
433	FR	F&R	formal	backtranslate	4.4	Tu empêches tout le monde de dormir!
434	FR	F&R	formal	formal	5.0	Vous me peinez vraiment ma chère mère !
435	FR	F&R	formal	backtranslate	4.0	C' est normal tout arrive en amour vit cette histoire pleinement l' essentiel c' est ne pas en souffrir et de ne pas faire souffrir.
436	FR	F&R	formal	informal	3.2	ben moi g ne pourai jamais le suporter
437	FR	F&R	formal	informal	3.6	ouiiin maman t'es méchante :(
438	FR	F&R	formal	mt_gyafc	2.2	Il n' y a qu' un pas entre l' amour et le point de l' amour.
439	FR	F&R	formal	rule_based	4.0	C'est pas demain qu'il va me lancer ce genre de phrase!
440	FR	F&R	formal	backtranslate	3.6	Il faut avoir de la volonté pour se changer en bien si non personne ne peut t' aider et bonne chance.
441	FR	F&R	formal	rt	4.4	! Alors allez-y, c'est la plus belle chose que vous pouvez faire à la personne qui compte le plus dans votre vie !
442	FR	F&R	formal	multi	4.2	Vous n' avez pas besoin d' un chagrin.
443	FR	F&R	formal	multi	4.4	Le plaisir se déclenche au niveau du cerveau!
444	FR	F&R	formal	informal	4.2	non mais ça fait beaucoup de dégâts dans le couple ça c'est sur!
445	FR	F&R	formal	rt	3.2	Nous n'avons qu'à partir de 13 ans !
446	FR	F&R	formal	informal	4.2	T'empêches tout le monde de dormir!
447	FR	F&R	formal	informal	2.2	bon je te dit c dur c pas logique c pas sa bon c qlqchose pas bien
448	FR	F&R	formal	rule_based	4.0	Tant que tu lui apportes ce dont il a besoin je pense qu'il serait bête de s'en plaindre!
449	FR	F&R	formal	multi	3.4	C' est excitant si de son partenaire, vexant si c' est quelqu' un d' autre.
450	FR	F&R	formal	multi	3.4	"Pour un ""vrai"" pauvre, l' argent ne fera que le bonheurpour un riche. Ça n' en fait qu' un peu plus."
451	FR	F&R	formal	mt_gyafc	4.2	Laisse tomber ça. Oublie-le.
452	FR	F&R	formal	mt_gyafc	3.4	On peut dire qu' ils sont attirés par l' autre.
453	FR	F&R	formal	rule_based	4.2	Oui et non, en fait le froid anesthesie et du coup la frustration augmente.
454	FR	F&R	formal	rule_based	4.2	Non mais ça fait beaucoup de dégâts dans le couple ça c'est sur!
455	FR	F&R	formal	mt_gyafc	4.4	Certainement pour les memes raisons qui font qu' un garçon va préférer une super femme complètement idiote à une intelligente et physiquement normal.
456	FR	F&R	formal	rule_based	4.4	Tu ne pourras pas supporter.
457	FR	F&R	formal	rt	3.2	! Non, je suis un noeud.
458	FR	F&R	formal	rt	4.6	Ne fais pas la même saloperie !
459	FR	F&R	formal	informal	4.2	il est marié, ça va etre très dur de le recupérer, voir impossible!!
460	FR	F&R	formal	mt_gyafc	4.0	Si c' est quelqu' un d' autre, c' est excitant.
461	FR	F&R	formal	backtranslate	4.6	L' homme pense peut-être un peu trop.
462	FR	F&R	formal	rule_based	3.8	Non il y a pas de mal à ca.
463	FR	F&R	formal	backtranslate	3.8	Perso, je viens d' en faire deux dans le cadre d' une adoption, le maire de ma commune avait visiblement l' habitude d' en faire.
464	FR	F&R	formal	informal	4.4	Ne faites pas la même connerie !
465	FR	F&R	formal	backtranslate	4.0	Comme vous le dites si bien on peut toujours rever.
466	FR	F&R	formal	formal	5.0	Je l'ai vu le jour de son départ pour le Darfour dans le cadre d'une mission de Médecins du monde.
467	FR	F&R	formal	multi	2.8	Il faut avoir de la volonté pour se changer en tant que personne ne peut vous aider et bonne chance.
468	FR	F&R	formal	informal	3.2	parce que t'es TROP, du coup ca fait peur aux filles qui se disent qu'elles ont aucune chance.
469	FR	F&R	formal	rule_based	4.0	Certainement pour les memes raisons qui font qu'un garçon va préférer une super nana complètement idiote à une intelligente et physiquement normal
470	FR	F&R	formal	rule_based	4.2	Le plaisir se déclenche au niveau du cerveau!
471	FR	F&R	formal	multi	3.6	Depuis des lustres, juste apres le moyen d' âge.
472	FR	F&R	formal	formal	4.6	Pour aussi longtemps que vous lui apportez ce qui lui est nécessaire, il ne serait pas sage de sa part de s'en plaindre.
473	FR	F&R	formal	rule_based	3.8	Oui ne t'inquiète pas moi c'est pareil!
474	FR	F&R	formal	multi	4.2	Il y a vraiment des idiots qui s' ennuient.
475	FR	F&R	formal	formal	4.4	Dans tous les cas, cela m'a l'air bien entamé.
476	FR	F&R	formal	rule_based	4.0	Pas de problème tu l' enregistre, tu l' entendras toujours.
477	FR	F&R	formal	mt_gyafc	3.8	Vous ne pouvez rien fair car une personne qui n' est pas digne de confiance, c' est un grand fleau.
478	FR	F&R	formal	rt	4.4	Dis-lui que si tu l'as trompé avec quelqu'un d'autre, tu ne le voudras plus.
479	FR	F&R	formal	rule_based	4.4	Il faut toujours dire la vérité même si quelques fois ca fait mal.
480	FR	F&R	formal	informal	3.8	je vois celle-ci :-)
481	FR	F&R	formal	backtranslate	4.4	Je vois celle-ci.
482	FR	F&R	formal	backtranslate	4.0	Courage tu la retrouveras j' espere!
483	FR	F&R	formal	multi	3.0	Vous ne pouvez rien juste parce qu' une personne qui n' est pas digne de confiance, c' est un grand FLEAU.
484	FR	F&R	formal	rule_based	4.0	T'empêches tout le monde de dormir!
485	FR	F&R	formal	rt	4.0	Il ne me jettera pas ce genre de phrase demain !
486	FR	F&R	formal	rule_based	4.4	Non, mais de me sauver oui.
487	FR	F&R	formal	mt_gyafc	4.4	Vous pouvez lui dire sans la blesser (en plus, les femmes transforment toujours ce que les hommes disent!)
488	FR	F&R	formal	mt_gyafc	3.8	L' important est qu' il soit attirant, bogoss, gentil, gentil et généreux. C' est tout.
489	FR	F&R	formal	multi	4.4	C' est la plus belle chose que tu puisses faire à la personne qui compte le plus dans ta vie.
490	FR	F&R	formal	mt_gyafc	4.4	Ne faites pas la même connerie.
491	FR	F&R	formal	formal	4.6	Je ne vois pas de trahison ici et je n'en suis pas du tout frustrée !
492	FR	F&R	formal	mt_gyafc	4.2	Tant que tu lui apportes ce dont il a besoin, je pense qu' il serait bête de s' en plaindre.
493	FR	F&R	formal	informal	4.0	certainement pour les memes raisons qui font qu'un garçon va préférer une super nana complètement idiote à une intelligente et physiquement normal
494	FR	F&R	formal	multi	2.6	Bien que je te dise que c' est dur, ce n' est pas logique. C' est qlqchose pas bien.
495	FR	F&R	formal	informal	4.0	oui ne t'inquiète pas moi c'est pareil!!
496	FR	F&R	formal	rule_based	4.6	Tu as raison si vous vous aimez.
497	FR	F&R	formal	rt	3.4	Je vais complètement retourner mon cœur.
498	FR	F&R	formal	informal	3.4	tu pourra pas lui dire sans la blesser (en plus, les nana transforment tjs ce que les mecs disent !)
499	FR	F&R	formal	backtranslate	4.0	C' est pas demain qu' il va me lancer ce genre de phrase!
500	FR	F&R	formal	rt	3.4	Je vois celui-ci፦)
501	FR	F&R	formal	informal	3.6	il faut avoir de la volonté pour se changer en bien si non personne ne peut t'aider et bonne chance
502	FR	F&R	formal	backtranslate	3.8	Comme disait un humoriste noir, l' amour c' est dans la culotte patron.
503	FR	F&R	formal	rule_based	4.0	C'est normal tout arrive en amour vit cette histoire pleinement l'essentiel c'est ne pas en souffrir et de ne pas faire souffrir
504	FR	F&R	formal	mt_gyafc	3.4	Tu lui pose la question, mais si c' est ton ex, je ne pense pas que ca serve a gd choz.
505	FR	F&R	formal	formal	4.4	Les femmes coquines n'ont peut-être pas envie que tu les trouves.
506	FR	F&R	formal	rule_based	4.4	Moi ça me retournerai complètement le coeur.
507	FR	F&R	formal	multi	3.2	Quitte le avant de te quitter.
508	FR	F&R	formal	rt	3.6	C'est la personne que j'ai le plus confiance dans le monde et en plus nous parlons beaucoup, nous nous disons tout !
509	FR	F&R	formal	rt	4.0	Ouais, maman tu es méchante : (
510	FR	F&R	formal	informal	3.8	Non ya pas de mal à ca.
511	FR	F&R	formal	multi	4.2	Oui, je l' ai!
512	FR	F&R	formal	backtranslate	4.0	Non, mais de me sauver oui.
513	FR	F&R	formal	rule_based	3.2	Ben moi j’ai ne pourai jamais le suporter
514	FR	F&R	formal	rule_based	4.0	Je l'ai vu le jour de son depart pour le darfour avec une mission de medecin du monde.
515	FR	F&R	formal	backtranslate	3.6	Abstenez-vous pendant qq jours.
516	FR	F&R	formal	formal	4.4	Tu devrais lui écrire un poème!
517	FR	F&R	formal	rt	3.2	Je pense que tu dois rester toi-même sans dévorer tes sentiments !
518	FR	F&R	formal	backtranslate	4.0	Les mini cheveux c' est mieux.
519	FR	F&R	formal	mt_gyafc	4.0	Haha, tu as bien raison de rire, ca fait du bien.
520	FR	F&R	formal	formal	4.0	Abstenez-vous pendant quelques jour.
521	FR	F&R	formal	rule_based	3.8	Tu pourra pas lui dire sans la blesser( en plus, les nana transforment toujours ce que les mecs disent!)
522	FR	F&R	formal	multi	3.0	Il faut sortir le week-end, sinon on pète les plombs si on n' évacte pas le stress de la semaine.
523	FR	F&R	formal	multi	3.8	Ne fait rien, ce qui est fai est fait.
524	FR	F&R	formal	rule_based	4.8	Et encore, lui consacrer un sms c'est trop gentil.
525	FR	F&R	formal	rt	3.6	Il est normal que tout se passe dans l'amour vit cette histoire complètement l'essentiel est de ne pas en souffrir et de ne pas le faire souffrir
526	FR	F&R	formal	rt	4.2	Parlez à votre femme
527	FR	F&R	formal	informal	4.0	Tu ne pourras pas supporter .
528	FR	F&R	formal	rule_based	4.0	Beaucoup, effectivement ne cherchent pas à en savoir d'avantage, beaucoup sont superficiels.
529	FR	F&R	formal	informal	4.2	c'est la personne en qui je fais le plus confiance au monde et en plus on parle beaucoup, on se dit tout !
530	FR	F&R	formal	informal	4.4	Moi ça me retournerai complètement le coeur.
531	FR	F&R	formal	mt_gyafc	4.4	Il faut toujours dire la vérité même si quelques fois ca fait mal.
532	FR	F&R	formal	informal	3.6	Beaucoup, effectivement ne cherchent pas à en savoir d'avantage, bcp sont superficiels.
533	FR	F&R	formal	mt_gyafc	4.6	Il change par amour et vous par amour, vous devez lui laisser le temps.
534	FR	F&R	formal	formal	4.4	Soyez conscient que votre plaisir est intimement lié à une zone cérébrale qui libère la Dopamine.
535	FR	F&R	formal	formal	4.8	Tu es une femme et tu possèdes tous les atouts, mais prends ton temps.
536	FR	F&R	formal	formal	4.0	Je dirais son amour et son cœur.
537	FR	F&R	formal	rule_based	3.2	Pour un `` vrai'' pauvre, l'argent ne peu faire que le bonheurpour un riche ça n'en fait qu'un peu plus
538	FR	F&R	formal	mt_gyafc	2.6	Vous aurez du donné le tien, comme ça vous répondra facilement.
539	FR	F&R	formal	rule_based	4.0	Ahaha tu as bien raison de rire ca fait du bien.
540	FR	F&R	formal	formal	4.4	Il faut avoir premièrement la volonté de s'améliorer, sinon personne d'autre ne peut t'aider. Je te souhaite bonne chance.
541	FR	F&R	formal	informal	4.2	c'est normal tout arrive en amour vit cette histoire pleinement l'essentiel c'est ne pas en souffrir et de ne pas faire souffrir
542	FR	F&R	formal	rt	4.6	Tu sais au moins que la beauté ne fait pas tout !
543	FR	F&R	formal	formal	4.6	Il faut toujours dire la vérité même si, parfois, ça fait mal.
544	FR	F&R	formal	rule_based	4.8	Mais c'est ton choix et c'est à toi d'écouter ton coeur.
545	FR	F&R	formal	multi	4.2	Les femmes coquines n' ont pas envie que vous les trouviez.
546	FR	F&R	formal	multi	3.8	Elle peut réver, et si c' est le cas, j' aurai probablement mis une bonne dose de poisons dedans.
547	FR	F&R	formal	rule_based	3.6	On peut aimer plusieurs fois- tomber amoureux c’est est très simple!
548	FR	F&R	formal	multi	2.6	Ne jamais faire pendre son bien être d' une chose exterieur.
549	FR	F&R	formal	multi	3.4	Je dirai son amour son cœur.
550	FR	F&R	formal	informal	4.4	Oui, je l'ai!
551	FR	F&R	formal	formal	4.6	Naturellement, si nécessaire.
552	FR	F&R	formal	backtranslate	3.8	Et encore, lui consacrer un message c' est trop gentil.
553	FR	F&R	formal	multi	3.2	Desolé ne connait pas.
554	FR	F&R	formal	formal	4.4	"Comme disait un humoriste de couleur noire: ""l'amour c'est dans la culotte patron""."
555	FR	F&R	formal	informal	4.0	tu as raison si vous vous aimez.
556	FR	F&R	formal	backtranslate	3.6	Ne jamais faire dependre son bien etre d' une chose exterieur.
557	FR	F&R	formal	rule_based	4.4	Dis lui que si tu le trompais avec un autre, tu n'aurais plus envie de lui.
558	FR	F&R	formal	informal	3.4	c'est trés trisite, votre mari doit certainement vous aimez !!
559	FR	F&R	formal	informal	3.6	ma derniere histoire d'amour était avec une fille trés ouverte sexuellement et trés intelligente, c'étais le pied!!
560	FR	F&R	formal	mt_gyafc	4.8	Naturellement, au besoin.
561	FR	F&R	formal	rule_based	4.4	Presque tous les jours!
562	FR	F&R	formal	mt_gyafc	4.2	J' ai une dent contre ma belle-mère et les belles-sœurs, mais je ne peux pas oublier leurs efforts pour détruire mon couple.
563	FR	F&R	formal	multi	4.2	On peut aimer plusieurs fois- tomber amoureux, c' est très simple!
564	FR	F&R	formal	formal	3.6	Son institution est très ancienne dès après l'époque médiévale.
565	FR	F&R	formal	formal	4.8	Tu devrais en parler à ta femme.
566	FR	F&R	formal	mt_gyafc	4.0	Beaucoup, vraiment ne cherchent pas à en savoir plus, beaucoup sont superficiels.
567	FR	F&R	formal	multi	4.2	Ma dernière histoire d' amour était avec une fille très ouverte sexuellement et très intelligente, c' était le pied!
568	FR	F&R	formal	mt_gyafc	2.6	Tu sais que tu es au moins que la beauté n' est pas tout.
569	FR	F&R	formal	rt	4.2	Il est marié, ça va être difficile de le trouver, sinon impossible !
570	FR	F&R	formal	mt_gyafc	4.0	Il y a vraiment des cons qui s' ennuient.
571	FR	F&R	formal	mt_gyafc	3.8	Je dirai son amour son cœur.
572	FR	F&R	formal	backtranslate	4.6	Moi ça me retournerai complètement le coeur.
573	FR	F&R	formal	rt	4.6	Alors elle peut rêver, et si elle le faisait, j'y mettrais probablement une bonne dose de poisons !
574	FR	F&R	formal	formal	4.8	Il s'avère que je viens d'en faire deux dans le cadre d'une adoption, et de ce que j'en ai vu le maire de ma commune était fort accoutumé de ces demandes.
575	FR	F&R	formal	rt	2.8	Vous devez avoir la volonté de vous transformer en bon si personne ne peut vous aider et bonne chance
576	FR	F&R	formal	mt_gyafc	4.2	L' homme pense peut-être être un peu trop.
577	FR	F&R	formal	rule_based	3.8	Ouin maman t'es méchante:(
578	FR	F&R	formal	rt	2.6	Ce n'est pas mon style d'avoir beaucoup
579	FR	F&R	formal	multi	4.4	Laisse tomber il va oublier.
580	FR	F&R	formal	mt_gyafc	3.8	Abstenez-vous pendant qq jours.
581	FR	F&R	formal	rt	4.0	Se donner un peu de fierté
582	FR	F&R	formal	rule_based	2.2	Bon je te dit c’est dur c’est pas logique c’est pas sa bon c’est qlqchose pas bien
583	FR	F&R	formal	mt_gyafc	3.4	Eh bien, les femmes coquines ont envie que vous les trouvez.
584	FR	F&R	formal	multi	4.2	L' homme pense peut-être un peu trop.
585	FR	F&R	formal	multi	2.2	Ce n' est pas de problème que vous l' enregistre, vous l' entendras toujours.
586	FR	F&R	formal	rt	4.2	Ahaha, tu as raison de rire. C'est bon.
587	FR	F&R	formal	rt	2.0	Il sert plus qu'il ne sert
588	FR	F&R	formal	multi	3.4	J' étais avec ma copine en voiture et d' un coup, elle m' a dit que je t' arrête dans le bois.
589	FR	F&R	formal	rule_based	4.0	L'obliger à divorcer pour s'installer à deux!
590	FR	F&R	formal	rt	2.0	Ce que nous avons est marié, ne peut pas passer.
591	FR	F&R	formal	backtranslate	4.6	Non, mais ça fait beaucoup de dégâts dans le couple.
592	FR	F&R	formal	mt_gyafc	3.8	Ne jamais faire dependre son bien être d' une chose exterieur.
593	FR	F&R	formal	rt	4.6	Laisse-le avant de partir.
594	FR	F&R	formal	rule_based	4.6	Je ne vois pas la trahison là dedans et je ne me sens pas du tout frustrée!
595	FR	F&R	formal	rt	4.4	Non, mais pour me sauver, oui.
596	FR	F&R	formal	rule_based	3.8	On peux dire qu'ils sont attiré l'un par l'autre oui
597	FR	F&R	formal	multi	4.2	Il n' y a qu' un pas entre l' amour et l' amitié.
598	FR	F&R	formal	mt_gyafc	4.0	Je viens d' en faire deux dans le cadre d' une adoption, le maire de ma commune avait visiblement l' habitude d' en faire.
599	FR	F&R	formal	rt	4.6	Presque tous les jours !
600	FR	F&R	formal	rule_based	3.8	Non pas dutout car il faut savoir varier les plaisirs.
601	FR	F&R	formal	rt	2.8	Ouais, ne m'inquiète pas, c'est pareil !
602	FR	F&R	formal	mt_gyafc	3.4	Il faut avoir de la volonté pour se changer en bien si non personne ne peut vous aider et bonne chance.
603	FR	F&R	formal	informal	4.0	!tu passes peut etre à cote d'une belle histoire d'amour,l'amour c'est pas tous les jours qu'on le rencontre!
604	FR	F&R	formal	informal	3.6	alors la elle peut réver, et si c 'était le cas, j'aurai surement mis une bonne dose de poisons dedans !!
605	FR	F&R	formal	rule_based	4.2	Oui, je l'ai!
606	FR	F&R	formal	informal	3.0	tu ne peux rien fair car une personne qui na pas confiance a elle meme c'est un grand fleau
607	FR	F&R	formal	rt	4.8	Je n'ai pas 15 ans.
608	FR	F&R	formal	formal	4.8	L'important, c'est qu'il soit séduisant, beau gosse, gentil, sympathique et généreux. C'est tout.
609	FR	F&R	formal	backtranslate	4.2	Vous avez raison si vous vous aimez.
610	FR	F&R	formal	informal	4.0	Ca plait aux hommes parcque c'est pas eux qui se grattent quand ça repousse !
611	FR	F&R	formal	rt	3.4	Pour un « vrai » pauvre, l'argent ne peut être que le bonheur pour un homme riche, il ne fait qu'un peu plus
612	FR	F&R	formal	rule_based	3.8	Desolé connait pas!
613	FR	F&R	formal	backtranslate	4.2	Vous n' avez pas besoin d' un chagrin.
614	FR	F&R	formal	multi	4.0	Tu as raison si tu t' aimes.
615	FR	F&R	formal	multi	3.6	Comme disait un humoriste noir, l' amour est dans la culotte patron.
616	FR	F&R	formal	formal	4.6	Il est déjà marié, c'est très difficile et improbable de pouvoir le récupérer.
617	FR	F&R	formal	formal	4.6	Tu es une personne qui apprécie avoir des relations intimes.
618	FR	F&R	formal	backtranslate	4.4	Mais c' est ton choix et c' est à toi d' écouter ton coeur.
619	FR	F&R	formal	backtranslate	2.8	Alors la elle peut réver, et si c' est' était le cas, j' aurai surement mis une bonne dose de poisons dedans!
620	FR	F&R	formal	formal	4.4	Sais-tu seulement que la beauté ne fait pas tout?
621	FR	F&R	formal	multi	4.6	Je ne vois pas la trahison là dedans et je ne me sens pas frustrée.
622	FR	F&R	formal	multi	4.6	Tu empêches tout le monde de dormir.
623	FR	F&R	formal	formal	4.4	Oui, ne t'inquiète pas. C'est pareil pour moi !
624	FR	F&R	formal	multi	2.4	C' est normal que tout le monde vit dans l' amour. C' est tout ce qui est essentiel, c' est ne pas souffrir et ne pas souffrir.
625	FR	F&R	formal	multi	4.8	Je le vois.
626	FR	F&R	formal	backtranslate	3.6	Excitant si de son partenaire, vexant si c' est quelqu' un d' autre.
627	FR	F&R	formal	rt	4.2	Il n'y a rien à faire tout est écrit
628	FR	F&R	formal	formal	3.8	De se donner un peu de fierté à soi-même
629	FR	F&R	formal	mt_gyafc	4.2	Vous n' avez pas besoin d' un chagrin.
630	FR	F&R	formal	rule_based	3.6	On dois y aller seulement a partir de 13 ans!
631	FR	F&R	formal	rule_based	4.0	Quand j'ai un principe je le change pas!
632	FR	F&R	formal	mt_gyafc	4.4	Dis-lui que si tu le trompais avec un autre, tu n' aurais plus envie de lui.
633	FR	F&R	formal	informal	3.6	perso je viens d'en faire deux dans le cadre d'une adoption, le maire de ma commune avait visiblement l'habitude d'en faire.
634	FR	F&R	formal	multi	4.2	C' est votre choix et c' est à vous d' écouter votre cœur.
635	FR	F&R	formal	backtranslate	4.8	Oui et non, en fait le froid anesthesie et du coup la frustration augmente.
636	FR	F&R	formal	backtranslate	3.4	On doit partir seulement a partir de 13 ans!
637	FR	F&R	formal	rt	3.0	Je, de mon côté, épluchez ses clémentines, il n'aime pas ça !
638	FR	F&R	formal	mt_gyafc	4.0	Je l' ai vu le jour de son depart pour le darfour avec une mission de medecin du monde.
639	FR	F&R	formal	multi	2.8	Vous aurez le tien, comme ça on vous répondra facilement.
640	FR	F&R	formal	informal	4.0	comme tu le dis si bien on peut toujours rever
641	FR	F&R	formal	mt_gyafc	4.4	C' est une bonne question, mais c' est une question difficile.
642	FR	F&R	formal	rt	3.2	Vous auriez dû donner le vôtre, donc nous vous répondrons facilement
643	FR	F&R	formal	rule_based	4.2	Oh je ne suis pas intéressée mais loin de moi l'idée de te répondre vulgairement!
644	FR	F&R	formal	informal	3.6	Oui, je l'avais au passé
645	FR	F&R	formal	informal	4.0	courage tu la retrouveras j'espere !!
646	FR	F&R	formal	formal	4.6	En effet, on peut dire qu'ils sont attirés l'un par l'autre.
647	FR	F&R	formal	rule_based	3.8	Abstenez vous pendant qq jours
648	FR	F&R	formal	mt_gyafc	3.0	Il faut sortir le week-end, sinon on pète les plombs si on n' évacte pas le stress de la semaine.
649	FR	F&R	formal	rt	4.4	Donc tu n'as pas besoin de chagrin !
650	FR	F&R	formal	informal	4.0	ecris lui un poeme !
651	FR	F&R	formal	informal	3.8	Sais tu au moins que la beauté fais pas tout !!!!
652	FR	F&R	formal	formal	4.8	"Pour un ""vrai"" pauvre, l'argent ne peut faire que le bonheur. Pour un riche, cela n'en fait qu'un peu plus."
653	FR	F&R	formal	rule_based	4.0	J'étais avec ma copine en voiture et d'un coup elle m' a dit arrete toi dans le bois la bas.
654	FR	F&R	formal	multi	4.4	C' est la personne en qui je fais le plus confiance au monde et en plus on parle beaucoup, on se dit tout!
655	FR	F&R	formal	formal	4.6	Ne faites pas les mêmes erreurs.
656	FR	F&R	formal	rule_based	4.0	Comme tu le dis si bien on peut toujours rever
657	FR	F&R	formal	backtranslate	4.0	Je l' ai vu le jour de son depart pour le Darfour avec une mission de medecin du monde.
658	FR	F&R	formal	backtranslate	3.8	Il n y a qu' un pas entre l' amour et l' amitier.
659	FR	F&R	formal	backtranslate	2.4	Tu t' aurai du donné le tien, comme ça on te répondra facilement.
660	FR	F&R	formal	backtranslate	4.0	Il y a rien a faire tout est écris.
661	FR	F&R	formal	multi	4.0	Certainement pour les memes raisons qui font qu' un garçon va préférer une super femme complètement idiote à une intelligente et physiquement normale.
662	FR	F&R	formal	backtranslate	4.0	Ouin maman t' es méchante.
663	FR	F&R	formal	informal	4.4	L'homme pense peut être un peu trop !!
664	FR	F&R	formal	formal	5.0	Il n'en faut pas beaucoup pour transformer une amitié en relation amoureuse.
665	FR	F&R	formal	backtranslate	3.0	Ben moi, j' ai ne pourai jamais le suporter.
666	FR	F&R	formal	formal	4.2	Nous devons nous y rendre seulement si on a plus de treize ans.
667	FR	F&R	formal	informal	3.4	tu lui pose la question mais franchement si c ton ex je ne pense pas que ca serve a gd choz!
668	FR	F&R	formal	informal	4.0	Ne jamais faire dependre son bien etre d'une chose exterieur.
669	FR	F&R	formal	backtranslate	3.8	Ecris lui un poeme!
670	FR	F&R	formal	informal	3.6	l'important c'est qu'il soit attirant , BOGOSS , gentil, sympa, et généreux c tout
671	FR	F&R	formal	formal	5.0	Il change par amour pour toi, et réciproquement, tu dois lui en laisser le temps.
672	FR	F&R	formal	mt_gyafc	4.8	Le mariage est une question d' amour, pas de religion.
673	FR	F&R	formal	mt_gyafc	2.6	Je ne suis pas sûr, mais je ne suis pas sûr.
674	FR	F&R	formal	formal	4.6	C'est la personne en qui je fais le plus confiance au monde, de plus, nous parlons beaucoup, on se dit tout !
675	FR	F&R	formal	formal	4.6	Je ne pense pas mais cela a généré une véritable envie de m'enfuir.
676	FR	F&R	formal	rule_based	3.8	Je dirai son amour son coeur
677	FR	F&R	formal	mt_gyafc	3.6	Attention, si vous avez une petite amie, vous devez vous assurer qu' elle vous voit.
678	FR	F&R	formal	formal	4.6	Laisse parler ton cœur. Exprime réellement tes sentiments.
679	FR	F&R	formal	informal	4.0	!alors fonce c'est la plus belle chose que tu puisse faire à la personne qui compte le plus dans ta vie!
680	FR	F&R	formal	rule_based	3.8	! alors fonce c'est la plus belle chose que tu puisse faire à la personne qui compte le plus dans ta vie!
681	FR	F&R	formal	rt	5.0	Le mariage est une question d'amour, pas de religion !
682	FR	F&R	formal	multi	4.0	Nous devons y aller seulement à partir de 13 ans.
683	FR	F&R	formal	mt_gyafc	4.2	Oui, ne vous inquiétez pas, c' est pareil.
684	FR	F&R	formal	mt_gyafc	2.8	Le courage, tu la retrouveras, et j' espère que tu le trouveras.
685	FR	F&R	formal	backtranslate	3.8	C' est pas mon style d 'en avoir plusieur.
686	FR	F&R	formal	multi	4.8	Ne faites pas la même chose.
687	FR	F&R	formal	rt	4.4	Comme vous le dites si bien, nous pouvons toujours rêver
688	FR	F&R	formal	mt_gyafc	3.4	Je pense qu' il faut q vous restez vous même sans lui dévoiller vos sentiments.
689	FR	F&R	formal	multi	3.8	Ecris lui un poeme!
690	FR	F&R	formal	mt_gyafc	2.6	Je ne suis pas intéressée, mais je ne suis pas intéressé par vous-même.
691	FR	F&R	formal	formal	4.4	Tu vas être incapable de supporter cela.
692	FR	F&R	formal	multi	4.4	En parler à votre femme.
693	FR	F&R	formal	rule_based	4.0	Perso je viens d'en faire deux dans le cadre d'une adoption, le maire de ma commune avait visiblement l'habitude d'en faire.
694	FR	F&R	formal	mt_gyafc	4.0	Desolé Connait pas!
695	FR	F&R	formal	mt_gyafc	4.0	J' étais avec ma copine en voiture et elle a dit arrete toi dans le bois.
696	FR	F&R	formal	informal	4.2	Non , mais de me sauver oui .
697	FR	F&R	formal	rule_based	4.6	Ça m' a l'air déjà bien parti en tout cas
698	FR	F&R	formal	formal	4.6	Ce n'est pas dans mon caractère d'en avoir plusieurs.
699	FR	F&R	formal	rule_based	3.6	Il faut avoir de la volonté pour se changer en bien si non personne ne peut t'aider et bonne chance
700	FR	F&R	formal	rule_based	3.0	C’est' est pas mon style d' en avoir plusieur
