segment_ID	lang-ISO	domain	target_style	system_name	Aggregated_score	segment
701	IT	F&R	formal	formal	-0.4	Inizia con un dito, poi con due e con un po' di pazienza e perseveranza vedrai che entrerà.
702	IT	F&R	formal	rt	-0.4	Meriti un uomo tutto per te
703	IT	F&R	formal	mt_gyafc	1.0	In cosa consiste questo divertimento?
704	IT	F&R	formal	backtranslate	-2.6	Se e 'un RAGA degli auguri dolcissimi.
705	IT	F&R	formal	multi	-2.4	Mi è successo Anke.
706	IT	F&R	formal	informal	0.4	prima cerca di sapere più cose possibili su ciò che le piace in un ragazzo.
707	IT	F&R	formal	multi	0.4	Non vale la pena se lo compri da sola.
708	IT	F&R	formal	rt	0.8	Non fasciare la testa prima di romperla.
709	IT	F&R	formal	multi	-0.8	E 'triste questa cosa qui.
710	IT	F&R	formal	informal	-2.6	se il vostro uomo vi tradisce: UH X CARITA'!!
711	IT	F&R	formal	formal	0.4	È quella che ho compiuto domenica passata con il mio compagno.
712	IT	F&R	formal	multi	-1.0	Queste sono cose che dicono in faccia.
713	IT	F&R	formal	multi	-1.6	Mi metto due bocce e per te diventerò bellissima.
714	IT	F&R	formal	rt	-2.0	Prima di dirgli che il postino Ke ha avuto i suoi affari, poi digli che tua madre non sarà in grado di incastrarti!
715	IT	F&R	formal	mt_gyafc	0.8	E 'stato solo dopo che ho avuto paura, forse anche ora a ripensarci, ma in quel momento no.
716	IT	F&R	formal	backtranslate	0.6	Da quando ragiono con la mia testa ho perso molti amici.
717	IT	F&R	formal	rt	0.8	Tutto ciò che rappresenta per ognuno di noi
718	IT	F&R	formal	mt_gyafc	-0.6	Decidi se starci o meno.
719	IT	F&R	formal	backtranslate	-0.2	Arrivare a sorpresa, però io abitavo a udine lei a Basilea, erano quasi 880km.
720	IT	F&R	formal	informal	-2.8	?dimenticavo AUGURIciao lollina (lory) non riesco a contattarti ,forse ho sbagliato indirizzo !
721	IT	F&R	formal	rt	-0.8	L'ho speso male
722	IT	F&R	formal	informal	-1.0	prova a tirartelo fuori e vedi la reazione!
723	IT	F&R	formal	multi	-0.6	E 'sempre il nome del solito altruista.
724	IT	F&R	formal	rt	-1.8	Ognuno di noi ha qlc che gli altri non hanno e sicuramente gli altri ti invidieranno
725	IT	F&R	formal	informal	0.0	Si ma ancora non l'ho mai ricevuto!
726	IT	F&R	formal	rt	-2.6	Cm sempre sn l solito altruista.
727	IT	F&R	formal	rt	-0.2	Belle no, ma almeno una sincera buonanotte
728	IT	F&R	formal	formal	-0.2	Evviva Eldorado!
729	IT	F&R	formal	formal	2.0	Per quanto concerne il regalo, se non ne hai alcuna idea, non ha senso chiedere in giro.
730	IT	F&R	formal	backtranslate	-0.4	E 'bellissimo quello che fai!
731	IT	F&R	formal	rt	0.8	Credo di dover darmi una mossa per ripulire prima che il pavimento assorba tutto!
732	IT	F&R	formal	backtranslate	-0.6	Se ci sta, è fatta altrimenti volta pagina!
733	IT	F&R	formal	multi	-0.2	Mi dispiace, ma se ti vorra 'tornera' da te.
734	IT	F&R	formal	informal	-1.6	Non reputarmi antipatico se non approvo qste cose, e se le giudico non appropriate!
735	IT	F&R	formal	formal	0.6	Buona fortuna!
736	IT	F&R	formal	rt	1.8	Ti concedo di farlo, fintanto che la ami per tutta la vita.
737	IT	F&R	formal	multi	-0.6	Rimani sempre cosi 'non cambiare le tue cose normali.
738	IT	F&R	formal	formal	1.4	Non cercarlo più, gli stai soltanto provocando dolore.
739	IT	F&R	formal	informal	-1.2	lasciateli se no rischiate di far soffrire pure loro e se vi scoprono sarà ancora peggio
740	IT	F&R	formal	multi	-2.2	X me è solo una magra consolazione!
741	IT	F&R	formal	formal	1.6	Anch'io mi recherò in Abruzzo con mia moglie, ma non nella stessa zona dove ti trovi tu, speriamo nevichi in abbondanza!
742	IT	F&R	formal	formal	1.8	Ti auguro di divertirti, un saluto.
743	IT	F&R	formal	formal	1.8	In ogni caso può andare bene iniziare in qualsiasi momento dell'anno, anche se sarebbe meglio fosse continuativo.
744	IT	F&R	formal	rt	0.8	Egli usa la scusa che vi vedete di nuovo dopo molto tempo e che avete bisogno di lui per animare la serata.
745	IT	F&R	formal	informal	-1.4	Cmq va bene in qualsiasi momento dell'anno, meglio se continuativamente.
746	IT	F&R	formal	mt_gyafc	1.0	Datele un bacio e basta, non dirle nulla.
747	IT	F&R	formal	informal	-2.0	!Vi auguro tanta felicità!ciau
748	IT	F&R	formal	formal	2.0	In cosa consiste il divertimento di cui parli?
749	IT	F&R	formal	backtranslate	-1.2	Rimani sempre cosi 'non cambiare maisei normalissima.
750	IT	F&R	formal	informal	0.4	non c'è niente di sbagliato,non c'è età per cominciare
751	IT	F&R	formal	rt	-0.8	Conosci la parola del male a nessuno dei bambini? '
752	IT	F&R	formal	backtranslate	-1.2	Belle no, ma almeno una sincera Goodnight.
753	IT	F&R	formal	informal	-1.6	Io pagherei oro se il mio ragazzo la facesse dappertutto!!!
754	IT	F&R	formal	backtranslate	-0.4	Decidi se starci o meno.
755	IT	F&R	formal	formal	0.4	Potrebbe essere perché non prova molta attrazione per lei
756	IT	F&R	formal	rt	1.6	E' stato solo dopo che mi sono spaventato, forse anche ora per ripensarci, ma in quel momento non lo era.
757	IT	F&R	formal	backtranslate	1.0	"Dille: ""Ti amo!"""
758	IT	F&R	formal	rt	-0.2	Non cercarlo piu', gli stai solo facendo del male.
759	IT	F&R	formal	rt	-1.2	Dipende dai momenti:)
760	IT	F&R	formal	mt_gyafc	1.8	Se le piaci, non rifiuterà il tuo corteggiamento.
761	IT	F&R	formal	multi	-1.0	Cara, ma se non dici a grandi linee, gli hai detto.
762	IT	F&R	formal	informal	-0.4	Se lui non ti vuole scaricalo subito e non lo sentire più ( così soffri di meno) .
763	IT	F&R	formal	backtranslate	-2.4	E in qualsiasi posto tu e lei andate va bene, perke 'l' importante e' ke siete assieme e nessuno vi disturba.
764	IT	F&R	formal	multi	0.6	Spero presto!
765	IT	F&R	formal	rt	1.6	Appartengo ad esso e la rendo felice.
766	IT	F&R	formal	backtranslate	0.2	Ah, se la coglie.
767	IT	F&R	formal	backtranslate	0.0	Non fasciarti la testa prima di rompertela.
768	IT	F&R	formal	formal	2.0	Ho visto tante belle domande; nel caso in cui tu fondi un movimento elettore, garantisco il mio appoggio e la mia appartenenza.
769	IT	F&R	formal	mt_gyafc	-1.6	Dimenticavo auguriciao lollina (lory) non riesco a contattarti, forse ho sbagliato indirizzo!
770	IT	F&R	formal	formal	0.8	Sarei davvero contenta se il mio ragazzo fosse in grado di urinare ovunque.
771	IT	F&R	formal	backtranslate	-0.2	È triste questa cosa qui.
772	IT	F&R	formal	multi	-0.4	Inizia con un dito e poi con un po 'di pazienza.
773	IT	F&R	formal	formal	2.6	Credo di dovermi affrettare nel pulire il pavimento, prima che tutto venga assorbito.
774	IT	F&R	formal	informal	-2.2	Se le piaci non rifiuterà il tuo corteggiamento qnd falle capire ke lei ti piace
775	IT	F&R	formal	mt_gyafc	0.2	Dai la colpa a tutti e due a prescindere.
776	IT	F&R	formal	rt	-0.2	Con quella premessa no!
777	IT	F&R	formal	rt	-0.2	Se non vuole scaricarlo subito e non lo sente più (quindi soffri di meno).
778	IT	F&R	formal	backtranslate	-1.0	Prova a tirartelo fuori e vedi la reazione!
779	IT	F&R	formal	informal	-2.2	aaa che carino, magari qualcuno si comporatsse cosi con me!!!
780	IT	F&R	formal	informal	-0.2	Dai la colpa a tutti e due a prescindere
781	IT	F&R	formal	formal	2.8	Io ritengo che, se lei è sinceramente interessata a te, non rifiuterà il tuo corteggiamento. Quindi, ti suggerisco di farle capire che sei interessato a lei.
782	IT	F&R	formal	multi	-0.6	Prova a tirarlo fuori e vedi la reazione.
783	IT	F&R	formal	mt_gyafc	-0.2	Devo dare una mossa a pulire prima che il pavimento assorba il tutto!
784	IT	F&R	formal	multi	1.4	Probabilmente sarò in Abruzzo con mia moglie, ma non dove sei tu, speriamo che venga tanta di neve!
785	IT	F&R	formal	backtranslate	-1.8	Divertiti, baciotto!
786	IT	F&R	formal	backtranslate	-0.8	Ma si fai la cosa giusta!
787	IT	F&R	formal	backtranslate	0.8	E 'stato solo dopo che ho avuto paura, forse anche adesso a ripensarci ma in quel momento no.
788	IT	F&R	formal	informal	-0.2	non fare però l'errore che facciamo tutte, di avere due piedi in una scarpa.
789	IT	F&R	formal	informal	-1.2	penso che ti fai troppi problemi!!
790	IT	F&R	formal	multi	0.8	Se un ragazzo non vuole essere un tuo amico, ma ben altro è normale.
791	IT	F&R	formal	backtranslate	0.2	Inizia con un dito poi con due poi con un po 'di pazienza perseveranza e lubrificante vedrai che accetterà.
792	IT	F&R	formal	formal	1.6	Questo genere di cose va comunicato di persona.
793	IT	F&R	formal	rt	-1.2	E' triste questa cosa qui.
794	IT	F&R	formal	informal	-2.6	!questo penso--scusa---non ha senso---
795	IT	F&R	formal	formal	1.8	A mio parere è solo una magra consolazione.
796	IT	F&R	formal	mt_gyafc	-1.6	Divertiti, un baciotto!
797	IT	F&R	formal	mt_gyafc	-0.2	Rimani sempre cosi 'non cambiare te stesso.
798	IT	F&R	formal	multi	-0.4	Grande Eldorado!
799	IT	F&R	formal	multi	0.0	Non c 'e' un modo preciso, l' unica cosa che ti puo 'aiutare e' il tempo.
800	IT	F&R	formal	formal	2.2	Solo in seguito ho provato paura, probabilmente anche adesso nel ripensarci ne provo, ma in quel momento no.
801	IT	F&R	formal	backtranslate	-0.6	Sai il detto' del male a nessuno dei figli a tutti?
802	IT	F&R	formal	informal	0.0	vai al comune della tua città di residenza, la' ti  sapranno ondicare tutto con precisione.
803	IT	F&R	formal	informal	-2.8	Cm sempre sn l solita altruista.
804	IT	F&R	formal	rt	0.6	Sì, ma non l'ho ancora ricevuto!
805	IT	F&R	formal	mt_gyafc	-0.6	Belle no, ma almeno una sincera, Goodnight night.
806	IT	F&R	formal	formal	2.4	Penso sia stato molto carino, vorrei che qualcuno si comportasse nella stessa maniera con me.
807	IT	F&R	formal	multi	-0.8	Se ci sta facendo, altrimenti la pagina è finita.
808	IT	F&R	formal	mt_gyafc	-0.8	Se lui non ti vuole, scaricalo subito e non lo sentire più (così soffri di meno).
809	IT	F&R	formal	rt	1.2	L'ho tenuto gelosamente segreto, ma tu hai rovinato tutto.
810	IT	F&R	formal	rt	-1.0	E comunque finché ci sono persone stupide ke daranno loro la corda (e ci sarà sempre) non abbasserà mai la cresta!
811	IT	F&R	formal	backtranslate	-1.2	A che carino, magari qualcuno si comporatsse cosi con me!
812	IT	F&R	formal	multi	0.4	Grazie, una buona notte anche a te!
813	IT	F&R	formal	mt_gyafc	-0.4	Vai al comune della tua città di residenza, la 'ti sapranno di andare avanti con precisione.
814	IT	F&R	formal	formal	2.2	A livello ipotetico direi tendenzialmente di no.
815	IT	F&R	formal	backtranslate	-2.6	Vedrai ke c divertiremo.
816	IT	F&R	formal	backtranslate	0.6	Di tutto quello che rappresenta per ognuno di noi.
817	IT	F&R	formal	informal	-0.4	io l' ho trascorso male
818	IT	F&R	formal	multi	-2.0	Non riesco a capire se non approvo qste cose, e se le giudico non sono appropriate.
819	IT	F&R	formal	mt_gyafc	0.4	Meriti un uomo tutto per te.
820	IT	F&R	formal	mt_gyafc	1.8	Lo tenevo gelosamente segreto, invece hai rovinato tutto.
821	IT	F&R	formal	rt	-3.0	Ank i sn di torino si e vero spesso accade così e meglio tenerli d'okkio
822	IT	F&R	formal	rt	-1.0	Rimani sempre così non cambiare maisei normalissima
823	IT	F&R	formal	informal	-0.8	è bellissimo quello che fai!!
824	IT	F&R	formal	multi	0.4	Le belle domande ne ho viste tante, se fondi il movimento elettore sono dei vostri.
825	IT	F&R	formal	multi	2.2	Direi tendenzialmente di no.
826	IT	F&R	formal	formal	1.0	Ah, se la colpisse.
827	IT	F&R	formal	mt_gyafc	-0.4	Le belle domande ne ho viste tante, se fondi il movimento elettore sono dei vostri.
828	IT	F&R	formal	multi	1.0	Sì, ma non l' ho mai ricevuto.
829	IT	F&R	formal	backtranslate	1.8	Grazie! Una buona serata anche a te!
830	IT	F&R	formal	rt	-0.6	Per arrivare sorpresa, ma ho vissuto a udine lei a Basilea, erano quasi 880km
831	IT	F&R	formal	formal	1.0	Una ragazza fugace finisce sempre per intrigarti di più. Ciao.
832	IT	F&R	formal	formal	1.6	Credimi. Mio fratello si è comportato in modo simile. Ora lo incontriamo una volta all'anno. Ci ha abbandonato per dedicarsi solo a lei
833	IT	F&R	formal	formal	2.2	Questo suo comportamento potrebbe essere riconducibile alla timidezza, è possibile che sia per questo che è di poche parole, o magari ha subito dei danni al cervello, mettilo spalle al muro.
834	IT	F&R	formal	mt_gyafc	0.2	Se non è una cosa del genere, non è una cosa del genere.
835	IT	F&R	formal	formal	0.8	Comunque c'è bisogno che sia un regalo, se lo compri per te stessa non vale!
836	IT	F&R	formal	multi	-0.6	Non cercare più gli stai facendo del male.
837	IT	F&R	formal	backtranslate	-3.0	Meglio 1 pò di pancetta e tanta allegria ke 1 triste e insoddisfatta ragazza pelle e ossa!
838	IT	F&R	formal	mt_gyafc	0.2	Anzi, è stupenda!
839	IT	F&R	formal	formal	1.0	Dipenda sia da cosa piace a lui, sia da cosa tu sei disposta a fare.
840	IT	F&R	formal	backtranslate	0.6	Anche se personalmente, sono contro la violenza alle donne.
841	IT	F&R	formal	informal	-2.8	a volte è difficile dimostrare cio k si prova, xk se ne ha paura!
842	IT	F&R	formal	informal	-2.4	anke a me è successo!!
843	IT	F&R	formal	multi	0.4	Datele un bacio e basta, non dirle nulla.
844	IT	F&R	formal	mt_gyafc	-0.2	Molte volte si '.
845	IT	F&R	formal	rt	-0.6	Che bello, forse qualcuno si comporterebbe in questo modo con me!
846	IT	F&R	formal	informal	-2.8	forse xkè nn gli piaci tanto
847	IT	F&R	formal	backtranslate	1.2	Comunque va bene in qualsiasi momento dell' anno, meglio se continuativamente.
848	IT	F&R	formal	rt	0.6	Vai al comune della tua città di residenza, lì saranno in grado di ondestare tutto con precisione.
849	IT	F&R	formal	mt_gyafc	1.2	Non c è un modo preciso, l' unica cosa che ti può aiutare è il tempo.
850	IT	F&R	formal	mt_gyafc	-0.6	Inizia con un dito poi con due poi con un po 'di pazienza.
851	IT	F&R	formal	rt	1.0	Comunque va bene in qualsiasi momento dell'anno, meglio se continuamente.
852	IT	F&R	formal	formal	2.4	È un accadimento che ho già vissuto.
853	IT	F&R	formal	rt	-1.0	Da quando infuria con la testa ho perso un sacco di ``amici»!
854	IT	F&R	formal	formal	2.6	Fintanto che avrà un certo seguito di inetti, non muterà mai l'atteggiamento spavaldo.
855	IT	F&R	formal	formal	2.8	Ritengo che sia la soluzione più auspicabile.
856	IT	F&R	formal	mt_gyafc	0.8	Vi auguro tanta felicità!
857	IT	F&R	formal	informal	-1.4	se ci sta è fatta altrimenti volta pagina!
858	IT	F&R	formal	informal	-1.0	Dipende cosa gli piace a lui e a cosa sei disposta te!
859	IT	F&R	formal	multi	0.2	Meriti un uomo tutto per te.
860	IT	F&R	formal	rt	-1.2	Grande eldorado!
861	IT	F&R	formal	backtranslate	0.0	Non c 'e' un modo preciso, l 'unica cosa che ti puo' aiutare e 'il tempo.
862	IT	F&R	formal	mt_gyafc	-1.8	Credimi, mio fratello ha FATO la stessa cosa, ora lo vediamo una volta all' anno. Ci ha praticamente scaricati per lei.
863	IT	F&R	formal	rt	0.0	Incolpare entrambi a prescindere
864	IT	F&R	formal	backtranslate	0.6	Vi auguro tanta felicità!
865	IT	F&R	formal	formal	2.2	È meglio andare al Comune della tua città di residenza, dove ti sapranno indicare tutto con maggiore precisione.
866	IT	F&R	formal	informal	-1.4	con questa premessa no!!
867	IT	F&R	formal	rt	0.2	Penso che tu abbia troppi problemi!
868	IT	F&R	formal	multi	0.2	"Forse più importante? """
869	IT	F&R	formal	multi	1.4	Dovresti fare la cosa giusta.
870	IT	F&R	formal	rt	-0.2	Ho messo su 2 ciotole e per te diventerò bello!
871	IT	F&R	formal	multi	-0.6	Mi apparto e la faccio felice.
872	IT	F&R	formal	informal	-2.6	no m basta il my boy
873	IT	F&R	formal	mt_gyafc	0.2	Di tutto quello che rappresenta per ognuno di noi.
874	IT	F&R	formal	informal	-1.2	Si ma se la persona ti garantisce che non ti amerà ma inon ha senso
875	IT	F&R	formal	rt	-1.6	! davvero stupenda!
876	IT	F&R	formal	backtranslate	2.0	Spero non dicano sul serio.
877	IT	F&R	formal	mt_gyafc	1.4	Se la persona ti garantisce che non ti amerà, non ha senso.
878	IT	F&R	formal	backtranslate	-0.2	Non fare però l' errore che facciamo tutte, di avere due metri in una scarpa.
879	IT	F&R	formal	rt	0.0	Credimi, mio fratello ha fatto la stessa cosa, ora che lo vediamo una volta all'anno, ci ha praticamente mollati per lei.
880	IT	F&R	formal	informal	-0.4	E' triste questa cosa qui.
881	IT	F&R	formal	informal	-0.2	"Da quando ragiono con la mia testa ho perso un sacco di ""amici""!"
882	IT	F&R	formal	formal	2.0	Un arrivo a sorpresa. Tuttavia, io abitavo a Udine e lei a Basilea, erano quasi 880km di distanza.
883	IT	F&R	formal	multi	-2.0	E in qualsiasi posto tu e lei vada bene, perkè l' importante è ke siete insieme e nessuno vi dà fastidio.
884	IT	F&R	formal	backtranslate	0.4	Meriti un uomo tutto per te.
885	IT	F&R	formal	formal	2.2	Un po' troppo antiquata per essere usata ancora oggi, per fortuna i tempi cambiano.
886	IT	F&R	formal	formal	0.6	Fra 6 giorni sarà il mio compleanno.
887	IT	F&R	formal	mt_gyafc	0.0	Forse perché non gli piaci tanto.
888	IT	F&R	formal	formal	-0.4	Prova a mostrare il pene e osserva la reazione!
889	IT	F&R	formal	formal	2.4	Nel fare la tua scelta, scegli ciò che la tua etica ti indica.
890	IT	F&R	formal	mt_gyafc	0.0	In bocca al lupo.
891	IT	F&R	formal	mt_gyafc	1.2	Penso che tu abbia troppi problemi.
892	IT	F&R	formal	rt	0.4	Ma non fare l'errore che facciamo tutti, di avere due piedi in una scarpa.
893	IT	F&R	formal	formal	0.4	Cara, se non ci dici almeno in via generale ciò che gli hai detto, non saremo in grado di aiutarti.
894	IT	F&R	formal	informal	1.6	Lo tenevo gelosamente segreto invece tu hai rovinato tutto.
895	IT	F&R	formal	mt_gyafc	0.4	Sì, se la coglie.
896	IT	F&R	formal	multi	0.0	Non c' è niente di sbagliato, non c è età per cominciare.
897	IT	F&R	formal	mt_gyafc	0.4	Dipende dai momenti.
898	IT	F&R	formal	rt	-1.0	Queste sono cose che dici in faccia!
899	IT	F&R	formal	mt_gyafc	-2.4	"Si chiama ""Ank"" di torino, si e 'sempre percio e meglio di tenerle d' okkio."
900	IT	F&R	formal	formal	2.6	Ti concedo di prenderla in sposa, a patto che tu la ami per tutta la vita.
901	IT	F&R	formal	rt	0.4	Mi dispiace, ma dategli tempo se volete tornare da voi
902	IT	F&R	formal	multi	0.0	Anzi, stupenda!
903	IT	F&R	formal	mt_gyafc	0.2	Forse è solo timido, ma devi capire se parla poco per quello.
904	IT	F&R	formal	informal	-2.6	e cara ma se nn dici a grandi linee cs gli hai detto,,,,
905	IT	F&R	formal	informal	-2.2	Queste sono cose ke si dicono in faccia!!
906	IT	F&R	formal	rt	-1.4	! anche se personalmente sono contro la violenza contro le donne!
907	IT	F&R	formal	mt_gyafc	-0.6	E 'sempre il tuo nome, il tuo nome e' molto altruista.
908	IT	F&R	formal	informal	-0.4	penso che mi devo dare una mossa a pulire prima che il pavimento assorba il tutto !!
909	IT	F&R	formal	backtranslate	0.2	Non cercarlo più gli stai facendo solo del male.
910	IT	F&R	formal	rt	1.8	In un sabato autunnale qualche anno fa voleva che io facessi 150km.
911	IT	F&R	formal	mt_gyafc	1.6	Prima cerca di sapere più cose possibili su ciò che le piace in un ragazzo.
912	IT	F&R	formal	mt_gyafc	0.0	Lasciateli se no rischiate di far soffrire, e se vi scoprono, sarà ancora peggio.
913	IT	F&R	formal	backtranslate	1.2	Lo tenevo gelosamente segreto invece tu hai rovinato tutto.
914	IT	F&R	formal	formal	1.0	Questa cosa è amara.
915	IT	F&R	formal	mt_gyafc	-0.6	E 'triste questa cosa qui.
916	IT	F&R	formal	backtranslate	1.2	Direi tendenzialmente di no.
917	IT	F&R	formal	formal	2.0	Non devi etichettarmi come persona antipatica se non sposo le tue idee e le ritengo inappropriate.
918	IT	F&R	formal	rt	-1.8	Anke a me è successo!
919	IT	F&R	formal	formal	1.6	Mi correggo, molto bella.
920	IT	F&R	formal	mt_gyafc	0.2	Queste sono cose che dicono in faccia.
921	IT	F&R	formal	formal	1.4	Non con questa premessa.
922	IT	F&R	formal	rt	-2.6	Meglio 1 piccolo pancetta e tanta allegria ke 1 triste e insoddisfatto ragazza pelle e ossa!
923	IT	F&R	formal	informal	-0.8	Una ragazza sfuggente finisce sempre per intrigarti di piùCiao
924	IT	F&R	formal	multi	-1.4	Forse è timido, ma devi capire se parla poco per quello, o perché è cerebrolesomettilo alle strette.
925	IT	F&R	formal	multi	-1.2	Sì, ma se la persona ti garantisce che non ti amerà, ma inon ha senso.
926	IT	F&R	formal	rt	-0.4	Lasciali se non rischi di ferirli pure e se ti scoprono sarà ancora peggio
927	IT	F&R	formal	multi	1.6	Per il regalo, se non lo sai, è inutile chiedere.
928	IT	F&R	formal	backtranslate	0.8	Dai la colpa a tutti e due a prescindere.
929	IT	F&R	formal	informal	-2.6	meglio 1 pò di pancetta e tanta allegria ke 1 triste e insoddisfatta ragazza pelle e ossa!
930	IT	F&R	formal	formal	0.2	Forse più importanti?
931	IT	F&R	formal	backtranslate	-2.4	Se il tuo uomo ti tradisce, uh x carita '!
932	IT	F&R	formal	rt	-0.8	Una ragazza sfuggente finisce sempre per intrigarti di piùCiao
933	IT	F&R	formal	mt_gyafc	0.8	Troppo antica per essere usata ancora oggi, per fortuna i tempi cambiano.
934	IT	F&R	formal	formal	2.0	Sì, ma se la persona ti garantisce che non ti amerà, allora non ha senso.
935	IT	F&R	formal	mt_gyafc	-0.4	Non c è niente di sbagliato, non c è età per cominciare.
936	IT	F&R	formal	formal	2.2	Nel caso in cui un ragazzo non ha interesse per la tua amicizia, è comprensibile che abbia di questi comportamenti.
937	IT	F&R	formal	informal	-2.6	ank io sn di torino si e vero capita spesso percio e meglio tenerle d'okkio
938	IT	F&R	formal	informal	-2.0	x me è solo una magra consolazione!!
939	IT	F&R	formal	mt_gyafc	0.0	Mi dispiace, ma se ti vorra 'tornera' da te.
940	IT	F&R	formal	rt	0.2	In genere coloro che sono più gelosi nella coppia hanno maggiori probabilità di imbrogliare
941	IT	F&R	formal	formal	1.4	Lo tenevo gelosamente segreto invece lei ha rovinato tutto.
942	IT	F&R	formal	formal	2.2	Solitamente, nella coppia, chi tende ad essere un più geloso è anche più propenso al tradimento.
943	IT	F&R	formal	backtranslate	1.6	Ti concedo di farlo, a patto di amarla per tutta la vita.
944	IT	F&R	formal	mt_gyafc	-0.2	Non l' ho mai ricevuto!
945	IT	F&R	formal	mt_gyafc	-0.8	Sai il detto' del male a nessuno dei figli?
946	IT	F&R	formal	backtranslate	-0.2	Vai al comune della tua citta 'di residenza, la' ti sapranno ondicare tutto con precisione.
947	IT	F&R	formal	mt_gyafc	1.2	Un sabato d' autunno di alcuni anni fa mi voleva far fare 150km.
948	IT	F&R	formal	multi	0.4	Sì, se la coglie.
949	IT	F&R	formal	mt_gyafc	-1.4	A che carino, forse qualcuno si comporsse cosi 'con me.
950	IT	F&R	formal	rt	-2.4	In cosa consiste questo divertimento? ahahahahahahahaha
951	IT	F&R	formal	formal	1.8	Ti ringrazio. Auguro una buona notte anche a te.
952	IT	F&R	formal	rt	-0.6	Per il regalo se non lo sai sei inutile chiedere!
953	IT	F&R	formal	informal	-0.4	usa la scusa che vi rivedete dopo tanto tempo e che c'è bisogno di lui per  animare la serata.
954	IT	F&R	formal	backtranslate	-2.0	Queste sono cose ke si dicono in faccia!
955	IT	F&R	formal	multi	0.8	Dai la colpa a tutti e due a prescindere.
956	IT	F&R	formal	informal	-1.8	belle no ma almeno una sincera goodnight
957	IT	F&R	formal	formal	-0.2	Non vivere di ricordi!
958	IT	F&R	formal	backtranslate	-0.6	Non c 'e' niente di sbagliato, non c 'e' eta 'per cominciare.
959	IT	F&R	formal	informal	-1.0	Credimi, mio fratello ha fato la stessa cosa, ora lo vediamo una volta all'anno, ci ha praticamente scaricati per lei.
960	IT	F&R	formal	rt	0.8	Io tenderei a non farlo.
961	IT	F&R	formal	multi	0.2	Non fasciarti la testa prima di rompertela.
962	IT	F&R	formal	mt_gyafc	0.4	Fai la cosa giusta.
963	IT	F&R	formal	formal	1.6	Se lei è disponibile, considerala cosa fatta, se non lo è dovrai andare avanti senza di lei.
964	IT	F&R	formal	backtranslate	0.6	Per il regalo, se non lo sai, è inutile chiederlo!
965	IT	F&R	formal	mt_gyafc	-0.4	Grande eldorado!
966	IT	F&R	formal	mt_gyafc	-0.6	Prova a tirartelo fuori e vedi la reazione.
967	IT	F&R	formal	rt	0.4	Tra sei giorni, e' il mio compleanno.
968	IT	F&R	formal	multi	-0.6	Gli tenevo il gelosamente segreto invece che tu abbia rovinato tutto.
969	IT	F&R	formal	multi	0.2	In genere, chi e 'piu' geloso nella coppia, e 'piu' propenso a tradire.
970	IT	F&R	formal	mt_gyafc	0.2	"Dille: ""Ti amo!"""
971	IT	F&R	formal	informal	-0.8	mi dispiace ma dalle tempo se ti vorra tornera da te
972	IT	F&R	formal	formal	0.4	Non commettere l'errore comune a tutte noialtre, di avere due piedi in una sola scarpa.
973	IT	F&R	formal	rt	-1.2	No, sono abbastanza del mio ragazzo
974	IT	F&R	formal	backtranslate	2.2	Auguri e che sia una unione felice.
975	IT	F&R	formal	multi	0.6	E 'stato solo dopo che ho avuto paura, forse anche ora a ripensarci, ma in quel momento no.
976	IT	F&R	formal	mt_gyafc	1.4	Auguri e che sia una unione felice.
977	IT	F&R	formal	mt_gyafc	1.4	In genere, chi è più geloso nella coppia, è più propenso a tradire.
978	IT	F&R	formal	formal	0.8	Di tutto quello che significa per ciascuno di noi.
979	IT	F&R	formal	backtranslate	-2.4	Cm sempre sn l solita altruista.
980	IT	F&R	formal	multi	0.4	Credimi, mio fratello ha fatto la stessa cosa, ora lo vediamo una volta all' anno. Ci ha praticamente scaricati per lei.
981	IT	F&R	formal	informal	-1.4	Spero presto!!!!!
982	IT	F&R	formal	mt_gyafc	0.2	Anche se personalmente sono contro la violenza alle donne.
983	IT	F&R	formal	multi	-0.2	Dipende da cosa gli piace a lui e a cosa sei disposta a te.
984	IT	F&R	formal	mt_gyafc	-0.8	Quella che ho fatto domenica con il mio ragazzo.
985	IT	F&R	formal	rt	0.6	Se non ti senti mai lentamente si spegne, se ti ritrovi ogni tanto puoi rinvigorire.
986	IT	F&R	formal	mt_gyafc	-0.8	E 'tutto quello che devi fare e' andare avanti.
987	IT	F&R	formal	rt	-0.4	E' bello quello che fai!
988	IT	F&R	formal	rt	1.6	Non vivere di ricordi del passato.
989	IT	F&R	formal	informal	-1.2	regia di giuseppe tiralacqua e la straordinaria partecipazione di piero passamelacarta
990	IT	F&R	formal	rt	0.2	Anche io probabilmente sarò in abruzzo con mia moglie, ma non dove sei, speriamo che arrivi tanta neve!
991	IT	F&R	formal	rt	-0.6	Cerca di tirarlo fuori e vedere la reazione!
992	IT	F&R	formal	informal	-1.8	Nn vivere dei ricordi del passato.
993	IT	F&R	formal	rt	0.0	Dipende da cosa gli piace e da cosa sei disposto a farlo!
994	IT	F&R	formal	multi	2.0	Troppo antica per essere usata oggi, per fortuna i tempi cambiano.
995	IT	F&R	formal	formal	-0.2	Quello che meriti è un uomo che sia solo per te!
996	IT	F&R	formal	formal	1.8	La tua idea di lasciarlo per soffrire una sola volta rivela la tua natura infantile ed egoista.
997	IT	F&R	formal	multi	0.6	Penso che dovrei dare una mossa a pulire prima che il pavimento assorba tutto!
998	IT	F&R	formal	formal	0.8	Se si tratta di un ragazzo, degli auguri molto dolci.
999	IT	F&R	formal	multi	1.4	Se il mio ragazzo lo facesse, pagherei oro.
1000	IT	F&R	formal	rt	1.6	Non c'è modo preciso, l'unica cosa che può aiutarti è il tempo.
1001	IT	F&R	formal	multi	-0.4	Usa la scusa che vi rivedete dopo tanto tempo e che c è bisogno di lui per animare la serata.
1002	IT	F&R	formal	backtranslate	0.4	Molte volte si!
1003	IT	F&R	formal	rt	-2.0	! Ti auguro tanta felicità! ciau
1004	IT	F&R	formal	informal	-1.8	cmq bisogna che sia regalato non vale se te lo compri da sola!!
1005	IT	F&R	formal	mt_gyafc	-1.2	Quindi per la paura di soffrire la fascia della testa.
1006	IT	F&R	formal	multi	1.2	Dipende dai momenti.
1007	IT	F&R	formal	informal	-1.8	"magari + importanti?"""
1008	IT	F&R	formal	multi	-2.4	Se è un RAGA degli auguri dolcissimi.
1009	IT	F&R	formal	backtranslate	0.6	Io di belle domande ne ho viste tante, se fondi il movimento elettore io sono dei vostri.
1010	IT	F&R	formal	formal	1.8	Io pensò ciò. Mi scuso, poiché è insensato.
1011	IT	F&R	formal	rt	-2.0	A volte è difficile dimostrare chi provi, xk ne ha paura!
1012	IT	F&R	formal	informal	-1.6	!anzi stupenda!!
1013	IT	F&R	formal	multi	1.0	Lasciateli se non rischiate di soffrire, e se vi scoprono, sarà ancora peggio.
1014	IT	F&R	formal	mt_gyafc	1.2	Non vale la pena se lo compri da sola.
1015	IT	F&R	formal	mt_gyafc	0.6	Probabilmente sarò in abruzzo con mia moglie, ma non dove sei tu, speriamo che venga tanta di neve!
1016	IT	F&R	formal	informal	0.0	Ah, se la coglie.
1017	IT	F&R	formal	mt_gyafc	1.4	Ti concedo di farlo, a patto di amarla per tutta la vita.
1018	IT	F&R	formal	rt	-1.6	Forse è solo timido, ma devi capire se parla poco per questo, o perché è al muro cerebrolesomettilo!
1019	IT	F&R	formal	mt_gyafc	-1.2	Mi metto due bocce e per te diventerò bellissima.
1020	IT	F&R	formal	multi	0.6	Finche 'ci saranno persone stupide che le daranno corda e ci saranno sempre, non abbasserà mai la cresta.
1021	IT	F&R	formal	informal	-0.2	è stato solo dopo che ho avuto paura, forse anche adesso a ripensarci ma in quel momento no.
1022	IT	F&R	formal	mt_gyafc	1.6	Grazie! Una buona notte anche a te.
1023	IT	F&R	formal	formal	-0.8	Là. Cosa mi rattrista, ma prova a darle del tempo e se ti vorrà tornerà da te.
1024	IT	F&R	formal	backtranslate	-1.2	Pagherei oro se il mio ragazzo la facesse dappertutto!
1025	IT	F&R	formal	rt	-1.8	Se un ragazzo non vuole essere un tuo amico, ma molto altro è normale ke comportarsi così.
1026	IT	F&R	formal	backtranslate	-2.2	A volte è difficile dimostrare cio 'chi si prova, XK se ne ha paura!
1027	IT	F&R	formal	multi	1.2	"Dille: ""Ti amo!"""
1028	IT	F&R	formal	formal	1.4	Non ci sono posti in cui portarla che non siano validi, ciò che conta davvero è lo stare insieme indisturbati.
1029	IT	F&R	formal	multi	-1.8	Vedrai ke c divertiremo!
1030	IT	F&R	formal	formal	-0.6	Regia di Giuseppe Tiralacqua, con la partecipazione straordinaria di Piero Passamelacarta.
1031	IT	F&R	formal	backtranslate	0.8	Anche io probabilmente sarò in Abruzzo con mia moglie, ma non dove sei tu, speriamo ne venga tanta di neve!
1032	IT	F&R	formal	multi	1.4	In cosa consiste questo divertimento?
1033	IT	F&R	formal	formal	1.6	Come prima cosa cerca di venire a conoscenza di quante più cose possibili in quanto ai suoi gusti in fatto di ragazzi.
1034	IT	F&R	formal	backtranslate	-0.4	Con questa premessa no!
1035	IT	F&R	formal	formal	2.0	Nell'evenienza in cui tu non fossi di suo gradimento, lascialo e non contattarlo così risparmierai lacrime e sofferenza.
1036	IT	F&R	formal	formal	1.4	Il mio fidanzato è tutto ciò di cui ho bisogno.
1037	IT	F&R	formal	informal	-2.0	E cmq finchè ci saranno persone stupide ke le daranno corda (e ci saranno sempre) non abbasserà mai la cresta!
1038	IT	F&R	formal	informal	0.0	non fasciarti la testa prima di rompertela.
1039	IT	F&R	formal	mt_gyafc	0.8	Se il tuo uomo ti tradisce, allora non preoccuparti.
1040	IT	F&R	formal	informal	0.6	Hai detto che ogni tanto pensi di lasciarlo per soffrire una sola volta quindi oltre che infantile sei anche egoista.
1041	IT	F&R	formal	informal	-0.8	poi decidi tu se starci o meno
1042	IT	F&R	formal	backtranslate	1.8	Sì, se la persona ti garantisce che non ti amerà, ma non ha senso.
1043	IT	F&R	formal	backtranslate	0.2	Spero presto!
1044	IT	F&R	formal	backtranslate	-2.0	Ognuno di noi abbiamo qlc che gli altri non hanno e sicuramente saranno gli altri ad invidiarti.
1045	IT	F&R	formal	mt_gyafc	0.2	Dipende da cosa gli piace a lui e a cosa sei disposta a te.
1046	IT	F&R	formal	backtranslate	0.2	No, mi basta il mio ragazzo.
1047	IT	F&R	formal	multi	0.8	Un sabato d' autunno di alcuni anni fa mi voleva far fare 150km.
1048	IT	F&R	formal	rt	0.0	Spero presto!
1049	IT	F&R	formal	multi	-0.8	Sai il detto' del male a nessuno dei figli?
1050	IT	F&R	formal	formal	1.6	Ti raccomando di lasciarli altrimenti sarete causa anche della loro di sofferenza e se verrete scoperti gli eventi precipiteranno.
1051	IT	F&R	formal	rt	1.6	Troppo vecchio per essere usato anche oggi, per fortuna i tempi cambiano
1052	IT	F&R	formal	informal	-1.4	!auguri e che sia una unione felice
1053	IT	F&R	formal	formal	1.2	A seconda del momento.
1054	IT	F&R	formal	multi	0.0	Prima cerca di sapere più cose possibili su ciò che le piace in un ragazzo.
1055	IT	F&R	formal	formal	1.8	Personalmente sono contrario alla violenza sulle donne.
1056	IT	F&R	formal	multi	1.0	Credo che finirebbe in galera.
1057	IT	F&R	formal	multi	0.0	No, mi basta il mio ragazzo.
1058	IT	F&R	formal	backtranslate	0.6	Un sabato d' autunno di alcuni anni fa mi voleva far fare 150km.
1059	IT	F&R	formal	multi	-0.6	Con questa premessa no!
1060	IT	F&R	formal	multi	-0.4	Per la paura di soffrire, si fascia la testa!
1061	IT	F&R	formal	mt_gyafc	0.4	Penso che finirebbe in galera.
1062	IT	F&R	formal	mt_gyafc	-1.0	Ho passato male.
1063	IT	F&R	formal	multi	1.2	Se le piaci, non rifiuterà il tuo corteggiamento. Falle capire che ti piace.
1064	IT	F&R	formal	multi	-2.0	Ognuno di noi abbiamo qlc che gli altri non hanno e saranno gli altri ad invidiarti.
1065	IT	F&R	formal	mt_gyafc	-0.2	Mi apparto e la faccio felice.
1066	IT	F&R	formal	mt_gyafc	-0.2	E 'bellissimo quello che fai.
1067	IT	F&R	formal	backtranslate	-2.2	Ank io nome di Torino si e vero capita spesso percio e meglio tenerle d' okkio.
1068	IT	F&R	formal	backtranslate	0.4	In genere, chi e 'piu' geloso nella coppia e 'piu' propenso a tradire.
1069	IT	F&R	formal	multi	1.6	Comunque, va bene in qualsiasi momento dell' anno, meglio se continuativamente.
1070	IT	F&R	formal	mt_gyafc	-2.4	Prima di tt, digli che il postino ke si facesse gli affaracci suoi, poi diglielo a tua madre.
1071	IT	F&R	formal	formal	1.6	Rimani sempre così e non cambiare mai, sei assolutamente nella norma.
1072	IT	F&R	formal	rt	-2.0	? Ho dimenticato auguriciao lollina (lory) Non posso contattarti, forse ho sbagliato indirizzo!
1073	IT	F&R	formal	formal	1.2	Molteplici volte sì!
1074	IT	F&R	formal	informal	-1.2	quella che ho fatto domenica con il mio fidanzato!!
1075	IT	F&R	formal	backtranslate	-0.6	Quella che ho fatto domenica con il mio fidanzato!
1076	IT	F&R	formal	mt_gyafc	1.4	Direi tendenzialmente di no.
1077	IT	F&R	formal	rt	0.6	Non c'è niente di sbagliato, non c'è età per cominciare
1078	IT	F&R	formal	multi	-0.2	Divertiti, un bacio.
1079	IT	F&R	formal	backtranslate	0.0	Credo che finirebbe in galera!
1080	IT	F&R	formal	informal	-1.0	sai  il  detto  'del  male  a  nessuno  dei  figli  a  tutti?'
1081	IT	F&R	formal	rt	1.2	Per prima cosa cerca di sapere quante più cose possibili su ciò che le piace in un ragazzo.
1082	IT	F&R	formal	informal	-1.6	?secondo me sarebbe la migliore soluzione!
1083	IT	F&R	formal	rt	-1.8	E cara, ma se non dici alle grandi linee, gli hai detto,
1084	IT	F&R	formal	rt	-0.4	Quello che ho fatto domenica con il mio fidanzato!
1085	IT	F&R	formal	informal	-1.8	ognuno di noi abbiamo qlc che gli altri non hanno e sicuramente saranno gli altri ad invidiarti
1086	IT	F&R	formal	multi	-1.2	Se il tuo uomo ti tradisce, allora la carita '.
1087	IT	F&R	formal	informal	-0.6	Mi ci apparto e la faccio felice.
1088	IT	F&R	formal	mt_gyafc	-2.2	Vedrai ke c divertiremo!
1089	IT	F&R	formal	informal	1.2	Ti concedo di farlo,a patto di amarla per tutta la vita
1090	IT	F&R	formal	backtranslate	0.2	Comunque bisogna che sia regalato non vale se te lo compri da sola!
1091	IT	F&R	formal	informal	-0.4	in bocca al lupo!
1092	IT	F&R	formal	informal	1.0	in genere chi è più geloso nella coppia è più propenso a  tradire
1093	IT	F&R	formal	backtranslate	1.2	Dipende dai momenti.
1094	IT	F&R	formal	mt_gyafc	-0.4	Quando ragiono con la mia testa, ho perso un sacco di amici.
1095	IT	F&R	formal	mt_gyafc	-2.2	A volte è difficile dimostrare ciò che si prova, xk se ne ha paura!
1096	IT	F&R	formal	informal	-1.0	quindi per la paura di soffrire si fascia la testa!!
1097	IT	F&R	formal	backtranslate	-1.0	Mi metto due bocce e per te diventerò bellissima!
1098	IT	F&R	formal	backtranslate	0.4	Dalle un bacio e basta, non dirle nulla.
1099	IT	F&R	formal	mt_gyafc	2.0	Non vivere dei ricordi del passato.
1100	IT	F&R	formal	multi	-0.8	Mi dispiace, ma non ha senso-.
1101	IT	F&R	formal	multi	1.8	Penso che tu abbia troppi problemi.
1102	IT	F&R	formal	informal	2.2	Spero che non dicano sul serio.
1103	IT	F&R	formal	rt	1.0	Buona fortuna!
1104	IT	F&R	formal	backtranslate	1.0	Forse è solo timido, ma devi capire se parla poco per quello, o perché è un po 'strano.
1105	IT	F&R	formal	mt_gyafc	-2.2	Se è un RAGA degli auguri dolcissimi.
1106	IT	F&R	formal	multi	-2.0	A volte è difficile dimostrare ciò che si prova, XK se ne ha paura!
1107	IT	F&R	formal	informal	-1.4	MERITI UN UOMO TUTTO PER TE
1108	IT	F&R	formal	multi	-0.2	Regia di giuseppe tiralacqua e la straordinaria partecipazione di piero passamelacarta.
1109	IT	F&R	formal	rt	0.0	Allora decidi se restare lì o meno
1110	IT	F&R	formal	multi	-1.0	Dimenticavo auguriciao lollina Lollina (Lory) Non riesco a contattarti, forse ho sbagliato indirizzo!
1111	IT	F&R	formal	informal	-1.8	se è un raga degli auguri dolcissimi
1112	IT	F&R	formal	informal	-2.4	dille: TI AMOOOOOOOOOOOOOOOOOOO!
1113	IT	F&R	formal	rt	0.2	E ovunque tu e lei andate va bene, perché la cosa importante è che siete insieme e nessuno vi dà fastidio.
1114	IT	F&R	formal	rt	0.4	Dille: ti amo!
1115	IT	F&R	formal	backtranslate	0.8	Credo che mi devo dare una mossa a pulire prima che il pavimento assorba il tutto!
1116	IT	F&R	formal	informal	-1.0	grazie!una buona notte anche a te!
1117	IT	F&R	formal	mt_gyafc	0.0	Si prega di arrivare a sorpresa, ma io abitavo a udine lei a basilea, erano quasi 880km.
1118	IT	F&R	formal	mt_gyafc	1.0	Fra sei giorni è il mio compleanno.
1119	IT	F&R	formal	rt	1.0	Hai detto che ogni tanto pensi di lasciarlo soffrire solo una volta così oltre infantile sei anche egoista.
1120	IT	F&R	formal	multi	0.6	Ti concedo di farlo, a patto di amarla per tutta la vita.
1121	IT	F&R	formal	backtranslate	-2.0	E comunque finchè ci saranno persone stupide ke le daranno corda (e ci saranno sempre) non abbasserà mai la cresta!
1122	IT	F&R	formal	backtranslate	-0.6	Usa la scusa che vi rivedete dopo tanto tempo e che c 'e' bisogno di lui per animare la serata.
1123	IT	F&R	formal	rt	0.0	Molte volte tu!
1124	IT	F&R	formal	multi	1.4	Non vivere dei ricordi del passato.
1125	IT	F&R	formal	mt_gyafc	0.8	Se un uomo non vuole essere un amico, ma ben altro è normale.
1126	IT	F&R	formal	backtranslate	0.2	Fra sei giorni e 'il mio di compleanno.
1127	IT	F&R	formal	mt_gyafc	0.8	Non fasciarti la testa prima di rompertela.
1128	IT	F&R	formal	mt_gyafc	0.8	Non cercare più gli stai facendo solo del male.
1129	IT	F&R	formal	backtranslate	0.4	Forse più importanti?
1130	IT	F&R	formal	informal	-2.0	GRANDE ELDORADO!!!!!!!!!!!
1131	IT	F&R	formal	informal	-2.6	prima di tt digli al postino ke si facesse gli affaracci suoi, poi diglielo a tua madre, non potrà mica squartarti!
1132	IT	F&R	formal	informal	-0.8	per il regalo se non lo sai tu è inutile chiederlo!!!
1133	IT	F&R	formal	mt_gyafc	1.4	Non fare l' errore che facciamo tutte, di avere due piedi in una scarpa.
1134	IT	F&R	formal	backtranslate	0.2	Grande Eldorado!
1135	IT	F&R	formal	mt_gyafc	2.0	Va bene in qualsiasi momento dell' anno, meglio se continuativamente.
1136	IT	F&R	formal	formal	0.6	Un sabato d'autunno di alcuni anni fa intendeva farmi percorrere 150 silometri.
1137	IT	F&R	formal	mt_gyafc	0.4	Una ragazza sfuggente finisce sempre per il tuo tempo.
1138	IT	F&R	formal	formal	1.0	Penso che ti preoccupi inutilmente.
1139	IT	F&R	formal	multi	0.4	Quando ragiono con la mia testa, ho perso un sacco di amici.
1140	IT	F&R	formal	formal	0.8	La faccio felice trascinandola in disparte.
1141	IT	F&R	formal	multi	-2.4	Un po 'di pancetta e tanta allegria ke 1 triste e insoddisfatta.
1142	IT	F&R	formal	rt	-2.4	Vedrai ke c ci divertiremo!»
1143	IT	F&R	formal	backtranslate	2.0	Mi dispiace, ma non ha senso.
1144	IT	F&R	formal	multi	-2.6	Il nome di Torino si e 'cosi' spesso, e meglio tenerle d' okkio.
1145	IT	F&R	formal	informal	-1.6	rimani sempre cosi non cambiare maisei normalissima
1146	IT	F&R	formal	rt	-0.8	Se c'è fatto altrimenti pagina di tempo!
1147	IT	F&R	formal	multi	0.2	Belle, no, ma almeno una buona notte.
1148	IT	F&R	formal	backtranslate	-2.0	E cara, ma se non dici a grandi linee cs gli hai detto.
1149	IT	F&R	formal	informal	-1.8	Se un ragazzo nn vuole essere un tuo amico ma ben altro è normale ke si comporti così.
1150	IT	F&R	formal	informal	-2.6	mi metto 2 bocce e per te diventerò bellissimA!!!
1151	IT	F&R	formal	informal	-0.2	anche io probabilmente sarò in abruzzo con mia moglie, ma non dove sei tu, speriamo ne venga tanta di neve!
1152	IT	F&R	formal	mt_gyafc	-0.8	Regia di giuti e tiralacqua e la straordinaria partecipazione di piero passamelacarta.
1153	IT	F&R	formal	backtranslate	1.4	Penso che ti faccia troppi problemi.
1154	IT	F&R	formal	formal	1.6	Se non mantenete vivo il dialogo almeno a distanza il rapporto pian piano si affievolisce, se però di tanto in tanto vi incontrate potete rinvigorirlo.
1155	IT	F&R	formal	backtranslate	1.4	In cosa consiste questo divertimento?
1156	IT	F&R	formal	backtranslate	-0.2	Dipende da cosa gli piace e a cosa sei disposta te.
1157	IT	F&R	formal	formal	1.8	Ognuno di noi possiede una qualche capacità estranea agli altri, i quali sicuramente te la invidiano.
1158	IT	F&R	formal	formal	1.8	Mi auguro che stiano scherzando.
1159	IT	F&R	formal	rt	0.8	Se le piaci, non rifiuterà il tuo corteggiamento, farle capire che le piaci
1160	IT	F&R	formal	backtranslate	-2.4	"Regia di un po 'di un po' di un po 'di un po' di un sacco di fan di ""Sono"" di ""Sare Witalacqua"" e ""La straordinaria partecipazione di Piero passamelacarta"
1161	IT	F&R	formal	mt_gyafc	-2.2	X me è solo una magra consolazione!
1162	IT	F&R	formal	multi	0.2	Decidi se starci o meno.
1163	IT	F&R	formal	informal	-1.0	Dipende dai momenti :)
1164	IT	F&R	formal	multi	2.0	Vi auguro tanta felicità!
1165	IT	F&R	formal	rt	-0.6	Inizia con un dito poi con due poi con un po 'di pazienza perseveranza e lubrificante vedrai che accetterà
1166	IT	F&R	formal	backtranslate	1.4	Troppo antica per essere usata ancora oggi, per fortuna i tempi cambiano.
1167	IT	F&R	formal	mt_gyafc	1.6	Secondo me, sarebbe la migliore soluzione.
1168	IT	F&R	formal	backtranslate	-0.8	Anzi stupenda!
1169	IT	F&R	formal	rt	-0.2	Ah, lo prende.
1170	IT	F&R	formal	mt_gyafc	1.4	Con questa premessa, no.
1171	IT	F&R	formal	informal	-2.4	"vedrai ke c divertiremo!"""
1172	IT	F&R	formal	informal	0.6	Se non vi sentite mai piano piano si spegne, se ogni tanto vi trovate si può rinvigorire.
1173	IT	F&R	formal	informal	-2.4	e in qualsiasi posto tu e lei andate va bene, perkè l'importante è ke siete assieme e nessuno vi disturba.
1174	IT	F&R	formal	mt_gyafc	2.4	Spero che non dicano sul serio.
1175	IT	F&R	formal	multi	-1.0	Molte volte si '.
1176	IT	F&R	formal	multi	0.4	Anche se personalmente sono contro la violenza alle donne.
1177	IT	F&R	formal	formal	1.4	"Conosci il proverbio che recita ""del male a nessuno dei figli a tutti""?"
1178	IT	F&R	formal	rt	0.8	Baciala e basta, non dirle niente!
1179	IT	F&R	formal	informal	-1.4	arrivare a sorpresa,però io abitavo a udine lei a basilea,erano quasi 880km
1180	IT	F&R	formal	formal	-1.0	Dimenticato, auguri! Ciao Lollina (Lory), non riesco a contattarti, forse ho sbagliato indirizzo!
1181	IT	F&R	formal	rt	0.0	Grazie! una buona notte anche a te!
1182	IT	F&R	formal	informal	1.0	Dalle un bacio e basta, non dirle nulla!
1183	IT	F&R	formal	informal	-1.4	inizia con un dito poi con due poi con un po di  pazienza perseveranza e lubrificante   vedrai che accetterà
1184	IT	F&R	formal	rt	1.2	Non mi consideri incomprensivo se non approvo le cose, e se le giudico inappropriate!
1185	IT	F&R	formal	formal	1.2	Se il vostro compagno è infedele, lasciatelo stare!
1186	IT	F&R	formal	mt_gyafc	-3.0	Meglio 1 pò di pancetta e tanta allegria ke 1 triste e insoddisfatta.
1187	IT	F&R	formal	backtranslate	-1.8	Se un uomo non vuole essere un tuo amico, ma ben altro è normale ke si comporti così.
1188	IT	F&R	formal	multi	0.8	Non fare l' errore che facciamo tutti, di avere due piedi in una scarpa.
1189	IT	F&R	formal	informal	-2.2	in cosa consiste questo divertimento?ahahahahhahahaha
1190	IT	F&R	formal	rt	1.6	Spero che non lo vogliano dire.
1191	IT	F&R	formal	multi	1.2	Se lui non ti vuole, lascialo subito e non lo sentirai più.
1192	IT	F&R	formal	formal	1.0	Utilizza il pretesto del rivedervi dopo tanto tempo e che ci sia bisogno di lui per rendere più viva la serata.
1193	IT	F&R	formal	rt	-2.4	X me è solo una consolazione magra!
1194	IT	F&R	formal	backtranslate	0.0	Se non vi sentite mai piano piano si spegne, se ogni tanto vi trovate si puo 'rinvigorire.
1195	IT	F&R	formal	formal	2.4	Non trovo nulla di sbagliato in questo, non esiste un'età giusta per cominciare.
1196	IT	F&R	formal	multi	0.4	In bocca al lupo!
1197	IT	F&R	formal	multi	0.2	Se non vi sentite mai piano piano, si spegne, se ogni tanto vi trovate si può rinvigorire.
1198	IT	F&R	formal	informal	-0.8	penso finirebbe in galera!
1199	IT	F&R	formal	formal	2.2	Preferisco avere qualche chilo in più ed essere allegra, piuttosto che essere una ragazza magrissima triste e insoddisfatta.
1200	IT	F&R	formal	rt	1.4	Ho visto molte buone domande; se finanziate il movimento elettorale io sono vostro.
1201	IT	F&R	formal	rt	0.6	Tuttavia deve essere dato via non vale la pena se si acquista da soli!
1202	IT	F&R	formal	mt_gyafc	1.2	Mi è piaciuto molto.
1203	IT	F&R	formal	backtranslate	1.0	Hai detto che ogni tanto pensi di lasciarlo per soffrire una sola volta quindi oltre che infantile sei anche egoista.
1204	IT	F&R	formal	backtranslate	-1.2	Dimenticavo auguriciao lollina (lory) non riesco a contattarti, forse ho sbagliato indirizzo!
1205	IT	F&R	formal	rt	0.8	Ma tu fai la cosa giusta!
1206	IT	F&R	formal	multi	0.4	Tra 6 giorni è il mio compleanno.
1207	IT	F&R	formal	informal	0.0	fra sei giorni è il mio di compleanno.
1208	IT	F&R	formal	rt	-1.8	Se si tratta di una raga di dolci saluti
1209	IT	F&R	formal	multi	0.4	E 'bellissimo quello che fai.
1210	IT	F&R	formal	backtranslate	-2.6	Prima di tt digli al postino ke si facesse gli affaracci suoi, poi diglielo a tua madre, non potrà mica squartarti!
1211	IT	F&R	formal	formal	2.0	A mio parere potrebbe finire in prigione.
1212	IT	F&R	formal	backtranslate	0.4	Lasciateli se no rischiate di far soffrire pure loro, e se vi scoprono sarà ancora peggio.
1213	IT	F&R	formal	formal	1.0	Incolpa tutti e due, non importa la situazione.
1214	IT	F&R	formal	formal	2.0	Da quando ragiono autonomamente, molte persone che credevo essere amici, se ne sono andate.
1215	IT	F&R	formal	formal	2.0	Non vi è nulla di preciso: l'unica cosa che ti può aiutare è il tempo.
1216	IT	F&R	formal	rt	-0.8	Quindi, per la paura di soffrire, ti allaccia la testa!
1217	IT	F&R	formal	informal	-1.6	magari è solo timido,ma devi capire se parla poco per quello,oppure perchè è cerebrolesomettilo alle strette!
1218	IT	F&R	formal	backtranslate	-2.2	X me è solo una magra consolazione!
1219	IT	F&R	formal	formal	2.8	Innanzitutto, dovresti dire al postino di badare ai fatti suoi. Secondariamente dillo a tua madre. Di certo non avrà problemi a comprendere le tue ragioni.
1220	IT	F&R	formal	mt_gyafc	-1.0	Ognuno di noi abbiamo qlc che gli altri non hanno e sicuramente saranno gli altri ad invidiarti.
1221	IT	F&R	formal	informal	-0.2	non cercarlo piu gli stai facendo solo del male.
1222	IT	F&R	formal	backtranslate	-0.2	Mi dispiace, ma dalle tempo se ti vorra 'tornera' da te.
1223	IT	F&R	formal	informal	-1.2	ma si fai la cosa giusta!
1224	IT	F&R	formal	formal	2.4	A volte è difficile mostrare ciò che si prova perché se ne ha paura.
1225	IT	F&R	formal	mt_gyafc	0.6	Se non vi sentite mai piano, si spegne, se ogni tanto vi trovate si può rinvigorire.
1226	IT	F&R	formal	informal	-2.2	!Divertiti, un baciotto!
1227	IT	F&R	formal	mt_gyafc	1.0	Mi dispiace, ma non ha senso.
1228	IT	F&R	formal	multi	1.8	Auguri e che sia una unione felice.
1229	IT	F&R	formal	formal	1.2	Deciderai poi tu se rimanerci o no.
1230	IT	F&R	formal	rt	-2.6	! questo pensiero-scuso-senza senso-
1231	IT	F&R	formal	formal	1.8	Anch'io sono di Torino. Sì, è vero; capita spesso e per questo è meglio sorvegliarle.
1232	IT	F&R	formal	mt_gyafc	-0.2	No, mi chiamo il mio ragazzo.
1233	IT	F&R	formal	formal	2.0	Non preoccuparti con eccessivo anticipo.
1234	IT	F&R	formal	backtranslate	-0.6	Una ragazza sfuggente finisce sempre per intrigarti di piùciao.
1235	IT	F&R	formal	mt_gyafc	0.8	Per il regalo, se non lo sai, è inutile chiedere.
1236	IT	F&R	formal	rt	-0.2	Forse più importante?»
1237	IT	F&R	formal	multi	-0.4	Si prega di prendere una sorpresa, tuttavia, abitavo a Udine lei a Basilea, erano quasi 880km.
1238	IT	F&R	formal	backtranslate	1.2	Non l' ho mai ricevuto.
1239	IT	F&R	formal	backtranslate	-0.6	Se lui non ti vuole scaricarlo subito e non lo sentire più (così soffri di meno).
1240	IT	F&R	formal	rt	-2.4	Se il tuo uomo ti tradisce: uh x beneficenza!
1241	IT	F&R	formal	multi	0.6	Quella che ho fatto domenica con il mio ragazzo.
1242	IT	F&R	formal	rt	-1.4	? a mio parere sarebbe la soluzione migliore!
1243	IT	F&R	formal	formal	1.2	Mi auguro al più presto!
1244	IT	F&R	formal	multi	-2.4	Prima di tt, digli che il postino ke si facesse gli affaracci, poi diglielo a tua madre. Non potrà mai squartarti.
1245	IT	F&R	formal	multi	1.2	Hai detto che ogni tanto pensi di lasciarlo per soffrire una sola volta, oltre che infantile sei anche egoista.
1246	IT	F&R	formal	backtranslate	0.2	In bocca al lupo!
1247	IT	F&R	formal	informal	-1.6	molte volte si!!!!
1248	IT	F&R	formal	formal	2.0	Di conseguenza, temendo di soffrire, giunge a conclusioni affrettate.
1249	IT	F&R	formal	multi	-0.6	Una ragazza sfuggente finisce sempre per intrigarti di piùhi.
1250	IT	F&R	formal	formal	1.6	Ti auguro che sia una felice unione.
1251	IT	F&R	formal	backtranslate	-1.0	Credimi, mio fratello ha fato la stessa cosa, ora lo vediamo una volta all' anno, ci ha praticamente scaricati per lei.
1252	IT	F&R	formal	multi	0.6	Forse non gli piaci tanto.
1253	IT	F&R	formal	formal	1.2	Io l'ho trascorso in maniera insoddisfacente.
1254	IT	F&R	formal	formal	1.6	Esprimile ad alta voce l'amore che provi nei suoi confronti.
1255	IT	F&R	formal	rt	0.6	Forse perché non gli piaci così tanto
1256	IT	F&R	formal	informal	1.8	Troppo antica per essere usata ancora oggi, per fortuna i tempi cambiano
1257	IT	F&R	formal	informal	1.2	Io di belle domande ne ho viste tante; se fondi il movimento elettore io sono dei vostri.
1258	IT	F&R	formal	backtranslate	-1.4	Se non approvo qste cose, non mi piacciono le cose, ma se le giudico non appropriate.
1259	IT	F&R	formal	backtranslate	-0.4	Mi ci apparto e la faccio felice.
1260	IT	F&R	formal	formal	2.4	Mi risulta davvero gradevole il tuo lavoro!
1261	IT	F&R	formal	mt_gyafc	1.2	Hai detto che ogni tanto pensi di lasciarlo per soffrire una sola volta, quindi oltre che infantile sei anche egoista.
1262	IT	F&R	formal	mt_gyafc	1.0	Forse più importanti?
1263	IT	F&R	formal	rt	-1.4	! desidera e possa essere un'unione felice
1264	IT	F&R	formal	multi	1.4	Tutto quello che rappresenta per ognuno di noi.
1265	IT	F&R	formal	mt_gyafc	-1.4	Inoltre, finchci saranno persone stupide che le daranno corda (e ci saranno sempre) non abbasserà mai la cresta!
1266	IT	F&R	formal	rt	0.4	Penso che finirebbe in prigione!
1267	IT	F&R	formal	multi	-0.2	Ho passato male.
1268	IT	F&R	formal	informal	-0.4	non c'è un modo preciso, l' unica cosa che ti puo aiutare è il tempo.
1269	IT	F&R	formal	backtranslate	1.2	Forse perché non gli piaci tanto.
1270	IT	F&R	formal	mt_gyafc	0.8	Spero presto!
1271	IT	F&R	formal	backtranslate	1.4	Prima cerca di sapere più cose possibili su ciò che le piace in un uomo.
1272	IT	F&R	formal	mt_gyafc	-1.8	Cara, ma se non dici a grandi linee cs gli hai detto.
1273	IT	F&R	formal	informal	0.4	un sabato d'autunno di alcuni anni fa mi voleva far fare 150km.
1274	IT	F&R	formal	rt	-1.2	Sì, ma se la persona ti garantisce che non ti amerà ma inon ha senso
1275	IT	F&R	formal	backtranslate	1.6	Non vivere dei ricordi del passato.
1276	IT	F&R	formal	rt	-2.0	! Divertiti, un bacio!
1277	IT	F&R	formal	multi	-1.4	Forse qualcuno si comporsse cosi 'con me.
1278	IT	F&R	formal	multi	0.2	Vai al comune della tua città di residenza, la 'ti riconosceranno tutto con precisione.
1279	IT	F&R	formal	backtranslate	1.4	Io l 'ho trascorso male.
1280	IT	F&R	formal	multi	1.6	Secondo me, sarebbe la soluzione migliore.
1281	IT	F&R	formal	backtranslate	-2.6	Anke a me e 'successo!
1282	IT	F&R	formal	backtranslate	1.6	Se le piaci, non rifiuterà il tuo corteggiamento. Falle capire che ti piace.
1283	IT	F&R	formal	formal	2.2	La bellezza non vi è in nessuna, tuttavia almeno in una vi è sincerità. Un augurio di buona notte.
1284	IT	F&R	formal	informal	-1.4	!anche se personalmente sono contro la violenza alle donne!
1285	IT	F&R	formal	formal	1.0	Perfetto ma io ancora non l'ho proprio mai ricevuto.
1286	IT	F&R	formal	informal	2.4	Direi tendenzialmente di no.
1287	IT	F&R	formal	rt	-0.4	Pagherei l'oro se il mio ragazzo lo facesse dappertutto!
1288	IT	F&R	formal	formal	1.0	Se avessi il seno più abbondante tu penseresti che io sia bellissima.
1289	IT	F&R	formal	formal	2.6	Vi auguro la migliore gioia e prosperità, un saluto!
1290	IT	F&R	formal	multi	2.0	Spero che non dicano sul serio.
1291	IT	F&R	formal	mt_gyafc	-0.8	Se ci sta e 'fatta, allora vai avanti.
1292	IT	F&R	formal	formal	2.0	Sono certa che trascorreremo del bel tempo assieme.
1293	IT	F&R	formal	backtranslate	-0.4	Quindi per la paura di soffrire si fascia la testa!
1294	IT	F&R	formal	rt	-0.8	Diretto da giuseppe tiralacqua e la straordinaria partecipazione di piero passamelacarta
1295	IT	F&R	formal	informal	-0.4	di tutto quello che rappresenta per ognuno di noi
1296	IT	F&R	formal	backtranslate	1.0	Secondo me sarebbe la migliore soluzione!
1297	IT	F&R	formal	formal	0.8	Non dovresti dirle proprio nulla e baciarla solamente.
1298	IT	F&R	formal	mt_gyafc	-0.2	Usa la scusa che vi rivedete dopo tanto tempo e che c è bisogno di lui per animare la notte.
1299	IT	F&R	formal	formal	1.8	Sono altruista, come sempre.
1300	IT	F&R	formal	mt_gyafc	0.4	Pagherei oro se il mio ragazzo lo facesse dappertutto.
1301	IT	F&R	formal	rule_based	0.0	Una ragazza sfuggente finisce sempre per intrigarti di piùciao
1302	IT	F&R	formal	rule_based	-2.0	E in qualsiasi posto tu e lei andate va bene, perkè l'importante è ke siete assieme e nessuno vi disturba.
1303	IT	F&R	formal	rule_based	-2.0	Meglio 1 pò di pancetta e tanta allegria ke 1 triste e insoddisfatta ragazza pelle e ossa!
1304	IT	F&R	formal	rule_based	-2.2	Vedrai ke c divertiremo!''
1305	IT	F&R	formal	rule_based	0.2	Mi dispiace ma dalle tempo se ti vorra tornera da te
1306	IT	F&R	formal	rule_based	0.2	Per il regalo se non lo sai tu è inutile chiederlo!
1307	IT	F&R	formal	rule_based	-1.8	! anzi stupenda!
1308	IT	F&R	formal	rule_based	0.6	Non cercarlo piu gli stai facendo solo del male.
1309	IT	F&R	formal	rule_based	-2.4	! divertiti, un baciotto!
1310	IT	F&R	formal	rule_based	-1.6	Se un ragazzo non vuole essere un tuo amico ma ben altro è normale ke si comporti così.
1311	IT	F&R	formal	rule_based	-0.2	Credimi, mio fratello ha fato la stessa cosa, ora lo vediamo una volta all'anno, ci ha praticamente scaricati per lei.
1312	IT	F&R	formal	rule_based	0.0	Comunque bisogna che sia regalato non vale se te lo compri da sola!
1313	IT	F&R	formal	rule_based	1.0	Con questa premessa no!
1314	IT	F&R	formal	rule_based	-1.0	Magari è solo timido, ma devi capire se parla poco per quello, oppure perchè è cerebrolesomettilo alle strette!
1315	IT	F&R	formal	rule_based	-1.0	Rimani sempre cosi non cambiare maisei normalissima
1316	IT	F&R	formal	rule_based	0.8	Dalle un bacio e basta, non dirle nulla!
1317	IT	F&R	formal	rule_based	-1.2	Si ma se la persona ti garantisce che non ti amerà ma inon ha senso
1318	IT	F&R	formal	rule_based	1.2	Non c' è un modo preciso, l' unica cosa che ti puo aiutare è il tempo.
1319	IT	F&R	formal	rule_based	-0.2	A che carino, magari qualcuno si comporatsse cosi con me!
1320	IT	F&R	formal	rule_based	-0.2	Grande eldorado!
1321	IT	F&R	formal	rule_based	0.4	Quindi per la paura di soffrire si fascia la testa!
1322	IT	F&R	formal	rule_based	0.2	Io di belle domande ne ho viste tante; se fondi il movimento elettore io sono dei vostri.
1323	IT	F&R	formal	rule_based	1.4	È stato solo dopo che ho avuto paura, forse anche adesso a ripensarci ma in quel momento no.
1324	IT	F&R	formal	rule_based	0.8	Fra sei giorni è il mio di compleanno.
1325	IT	F&R	formal	rule_based	1.4	Non fare però l'errore che facciamo tutte, di avere due piedi in una scarpa.
1326	IT	F&R	formal	rule_based	1.4	Non vivere dei ricordi del passato.
1327	IT	F&R	formal	rule_based	-0.6	Grazie! una buona notte anche a te!
1328	IT	F&R	formal	rule_based	0.0	Non c' è niente di sbagliato, non c' è età per cominciare
1329	IT	F&R	formal	rule_based	-0.4	Forse perché non gli piaci tanto
1330	IT	F&R	formal	rule_based	1.2	Se non vi sentite mai piano piano si spegne, se ogni tanto vi trovate si può rinvigorire.
1331	IT	F&R	formal	rule_based	-0.2	Magari più importanti?''
1332	IT	F&R	formal	rule_based	-0.8	Inizia con un dito poi con due poi con un po di pazienza perseveranza e lubrificante vedrai che accetterà
1333	IT	F&R	formal	rule_based	-2.0	! vi auguro tanta felicità! ciau
1334	IT	F&R	formal	rule_based	-0.4	Sai il detto'del male a nessuno dei figli a tutti?'
1335	IT	F&R	formal	rule_based	0.2	In bocca al lupo!
1336	IT	F&R	formal	rule_based	-1.4	Belle no ma almeno una sincera goodnight
1337	IT	F&R	formal	rule_based	1.0	Anche io probabilmente sarò in abruzzo con mia moglie, ma non dove sei tu, speriamo ne venga tanta di neve!
1338	IT	F&R	formal	rule_based	-0.8	! auguri e che sia una unione felice
1339	IT	F&R	formal	rule_based	0.0	Lasciateli se no rischiate di far soffrire pure loro e se vi scoprono sarà ancora peggio
1340	IT	F&R	formal	rule_based	1.0	Ti concedo di farlo, a patto di amarla per tutta la vita
1341	IT	F&R	formal	rule_based	-2.0	Se il vostro uomo vi tradisce: uh x carita'!
1342	IT	F&R	formal	rule_based	-2.0	X me è solo una magra consolazione!
1343	IT	F&R	formal	rule_based	1.2	Un sabato d'autunno di alcuni anni fa mi voleva far fare 150km.
1344	IT	F&R	formal	rule_based	1.4	Prima cerca di sapere più cose possibili su ciò che le piace in un ragazzo.
1345	IT	F&R	formal	rule_based	0.8	Penso finirebbe in galera!
1346	IT	F&R	formal	rule_based	-1.4	Mi metto 2 bocce e per te diventerò bellissima!
1347	IT	F&R	formal	rule_based	-0.4	E' triste questa cosa qui.
1348	IT	F&R	formal	rule_based	0.2	Di tutto quello che rappresenta per ognuno di noi
1349	IT	F&R	formal	rule_based	-0.2	Dipende cosa gli piace a lui e a cosa sei disposta te!
1350	IT	F&R	formal	rule_based	-2.0	Ognuno di noi abbiamo qlc che gli altri non hanno e sicuramente saranno gli altri ad invidiarti
1351	IT	F&R	formal	rule_based	-2.6	Cm sempre sn l solita altruista.
1352	IT	F&R	formal	rule_based	0.4	Ah, se la coglie.
1353	IT	F&R	formal	rule_based	-2.2	No mi basta il my boy
1354	IT	F&R	formal	rule_based	-1.2	Non reputarmi antipatico se non approvo qste cose, e se le giudico non appropriate!
1355	IT	F&R	formal	rule_based	2.0	Direi tendenzialmente di no.
1356	IT	F&R	formal	rule_based	-2.2	In cosa consiste questo divertimento? ahahahahhahahaha
1357	IT	F&R	formal	rule_based	0.0	Quella che ho fatto domenica con il mio fidanzato!
1358	IT	F&R	formal	rule_based	2.0	Spero che non dicano sul serio.
1359	IT	F&R	formal	rule_based	0.2	Troppo antica per essere usata ancora oggi, per fortuna i tempi cambiano
1360	IT	F&R	formal	rule_based	0.2	Usa la scusa che vi rivedete dopo tanto tempo e che c' è bisogno di lui per animare la serata.
1361	IT	F&R	formal	rule_based	0.4	Io pagherei oro se il mio ragazzo la facesse dappertutto!
1362	IT	F&R	formal	rule_based	1.0	Spero presto!
1363	IT	F&R	formal	rule_based	-2.0	Anke a me è successo!
1364	IT	F&R	formal	rule_based	-1.0	! anche se personalmente sono contro la violenza alle donne!
1365	IT	F&R	formal	rule_based	0.2	Si ma ancora non l'ho mai ricevuto!
1366	IT	F&R	formal	rule_based	0.8	Lo tenevo gelosamente segreto invece tu hai rovinato tutto.
1367	IT	F&R	formal	rule_based	0.0	Meriti un uomo tutto per te
1368	IT	F&R	formal	rule_based	-0.8	? secondo me sarebbe la migliore soluzione!
1369	IT	F&R	formal	rule_based	0.0	Da quando ragiono con la mia testa ho perso un sacco di `` amici''!
1370	IT	F&R	formal	rule_based	0.6	Mi ci apparto e la faccio felice.
1371	IT	F&R	formal	rule_based	0.6	Non fasciarti la testa prima di rompertela.
1372	IT	F&R	formal	rule_based	-1.4	Prova a tirartelo fuori e vedi la reazione!
1373	IT	F&R	formal	rule_based	0.0	Ma si fai la cosa giusta!
1374	IT	F&R	formal	rule_based	-2.6	Ank io sn di torino si e vero capita spesso percio e meglio tenerle d'okkio
1375	IT	F&R	formal	rule_based	0.6	È bellissimo quello che fai!
1376	IT	F&R	formal	rule_based	-1.8	! questo penso-scusa-non ha senso-
1377	IT	F&R	formal	rule_based	-2.0	A volte è difficile dimostrare cio chi si prova, xk se ne ha paura!
1378	IT	F&R	formal	rule_based	-0.6	Arrivare a sorpresa, però io abitavo a udine lei a basilea, erano quasi 880km
1379	IT	F&R	formal	rule_based	-0.2	Dai la colpa a tutti e due a prescindere
1380	IT	F&R	formal	rule_based	1.6	Comunque va bene in qualsiasi momento dell'anno, meglio se continuativamente.
1381	IT	F&R	formal	rule_based	0.6	Se ci sta è fatta altrimenti volta pagina!
1382	IT	F&R	formal	rule_based	1.0	In genere chi è più geloso nella coppia è più propenso a tradire
1383	IT	F&R	formal	rule_based	-2.0	E cara ma se non dici a grandi linee cs gli hai detto,
1384	IT	F&R	formal	rule_based	0.2	Penso che ti fai troppi problemi!
1385	IT	F&R	formal	rule_based	-2.6	? dimenticavo auguriciao lollina( lory) non riesco a contattarti, forse ho sbagliato indirizzo!
1386	IT	F&R	formal	rule_based	0.2	Vai al comune della tua città di residenza, la' ti sapranno ondicare tutto con precisione.
1387	IT	F&R	formal	rule_based	-2.0	Se le piaci non rifiuterà il tuo corteggiamento qnd falle capire ke lei ti piace
1388	IT	F&R	formal	rule_based	-1.0	Dipende dai momenti:)
1389	IT	F&R	formal	rule_based	0.4	Dille: ti amo!
1390	IT	F&R	formal	rule_based	0.2	Penso che mi devo dare una mossa a pulire prima che il pavimento assorba il tutto!
1391	IT	F&R	formal	rule_based	0.0	Regia di giuseppe tiralacqua e la straordinaria partecipazione di piero passamelacarta
1392	IT	F&R	formal	rule_based	-1.0	Se è un raga degli auguri dolcissimi
1393	IT	F&R	formal	rule_based	-0.4	Se lui non ti vuole scaricalo subito e non lo sentire più( così soffri di meno).
1394	IT	F&R	formal	rule_based	-2.8	Prima di tt digli al postino ke si facesse gli affaracci suoi, poi diglielo a tua madre, non potrà mica squartarti!
1395	IT	F&R	formal	rule_based	-2.0	Queste sono cose ke si dicono in faccia!
1396	IT	F&R	formal	rule_based	0.4	Molte volte si!
1397	IT	F&R	formal	rule_based	0.8	Hai detto che ogni tanto pensi di lasciarlo per soffrire una sola volta quindi oltre che infantile sei anche egoista.
1398	IT	F&R	formal	rule_based	-0.6	Poi decidi tu se starci o meno
1399	IT	F&R	formal	rule_based	0.0	Io l' ho trascorso male
1400	IT	F&R	formal	rule_based	-1.6	E comunque finchè ci saranno persone stupide ke le daranno corda( e ci saranno sempre) non abbasserà mai la cresta!
