segment_ID	lang-ISO	domain	target_style	system_name	Aggregated_score	segment
1401	PT	F&R	formal	formal	1.0	Apesar de eu já ter 18 anos, acho a infância o melhor período de vida.
1402	PT	F&R	formal	rt	0.8	E celebre esta graça maravilhosa!
1403	PT	F&R	formal	formal	1.8	Na minha opinião, não há diferença alguma, amor e paixão completam-se, o que é muito bom.
1404	PT	F&R	formal	rt	0.8	Infelizmente para mim, a tristeza não tem cura! Eu não posso perdoar.
1405	PT	F&R	formal	mt_gyafc	-1.2	O que não tem remédio remediado.
1406	PT	F&R	formal	backtranslate	0.0	E se for gente 'da pesada', a polícia se encarrega de fazê-los pagar por isso!
1407	PT	F&R	formal	mt_gyafc	-2.0	Se você não quiser saina frente que a fila anda.
1408	PT	F&R	formal	formal	0.2	Um abraço, Stela.
1409	PT	F&R	formal	mt_gyafc	-0.4	Todo dia recebo e-mail de pessoa desaparecidas.
1410	PT	F&R	formal	multi	-0.4	A prisão de ventre.
1411	PT	F&R	formal	backtranslate	0.2	Vocês já não são mais crianças.
1412	PT	F&R	formal	mt_gyafc	0.4	Não imagine que te quero mal, apenas nâo te quero mais.
1413	PT	F&R	formal	rt	-1.2	Então ele vai ligar em breve e ele não vai empurrar a barra.
1414	PT	F&R	formal	rt	-1.8	? se eu tivesse corrido atrás de perder tempo
1415	PT	F&R	formal	backtranslate	-0.4	A loucura que já fiz e depois me arrependi foi fazer faculdade ao mesmo tempo trabalhar e treinar basquetebol.
1416	PT	F&R	formal	informal	-0.8	Um tornado que baixou aqui perto de casa esses dias (nos EUA).
1417	PT	F&R	formal	multi	-0.4	Agressão já é caráter, alias falta de respeito com um ser humano.
1418	PT	F&R	formal	mt_gyafc	-1.2	Se for, escalareço, porque minha mãe me mandou pra lá várias vezes.
1419	PT	F&R	formal	rt	0.4	E o principal, quanto mais você traz a pessoa mais perto de Deus (igreja), mais perto ela leva de si mesmo.
1420	PT	F&R	formal	multi	0.0	É loucura, mas são nossos instintos básicos, animais!
1421	PT	F&R	formal	multi	0.4	Não assuste o menino imediatamente.
1422	PT	F&R	formal	informal	-2.0	Já, acho horrível, mais a carne é fraca.
1423	PT	F&R	formal	mt_gyafc	-0.2	Quando o mundo for homossexual, eu me mudo pra marte!
1424	PT	F&R	formal	backtranslate	-1.4	Não só engole quem quer!
1425	PT	F&R	formal	formal	1.0	Envie-a uma mensagem de texto.
1426	PT	F&R	formal	informal	-3.0	hhuuuummmm DELÍCIAAAAAAAAA!!!!!!!!!
1427	PT	F&R	formal	formal	0.4	Ter uma família maravilhosa, saúde, paz, amor e acima de tudo, ter Deus no coração!
1428	PT	F&R	formal	formal	0.8	O problema que não tem solução já está solucionado.
1429	PT	F&R	formal	rt	0.6	Seja muito determinado e feliz!
1430	PT	F&R	formal	informal	-0.2	Infelizmente para mim a mágoa não tem cura!Não consigo perdoar.
1431	PT	F&R	formal	multi	0.4	Se perdeste-a QD lhe mandaste a foto, não era amizade ou não perdeste nada.
1432	PT	F&R	formal	rt	-0.6	? Se for, estou na mesma situação que você!
1433	PT	F&R	formal	multi	-2.8	Se tive correr atrazta perdendotempovai logorsrs.
1434	PT	F&R	formal	informal	0.0	Procure ajuda na saída das igrejas, pequenas e médias empresas e porta em porta e verá que conseguirá juntar muito dinheiro.
1435	PT	F&R	formal	rt	1.8	Vá para onde possa encontrá-la!
1436	PT	F&R	formal	informal	0.0	Com certeza ainda dá tempo, eu também quero ser mãe novamente, eu tenho 39 anos e estou me preparando para engravidar.
1437	PT	F&R	formal	informal	0.2	Está no meu perfil!
1438	PT	F&R	formal	multi	1.2	Trair-me, mentir para mim, ser falso comigo, fazer algo de mau com minha filha, etc.
1439	PT	F&R	formal	multi	0.0	Diga aos seus pais que ele é rico e ex-seminarista.
1440	PT	F&R	formal	informal	-1.2	Não assuste o menino logo de cara!
1441	PT	F&R	formal	mt_gyafc	0.8	Na minha opinião, não há diferença, amor e paixão se completam o que é muito bom.
1442	PT	F&R	formal	backtranslate	0.2	Então mande as flores e aguarde, nem ligue, deixe ela te procurar.
1443	PT	F&R	formal	formal	1.0	E quando você achar que já dialogou o necessário, dialogue mais.
1444	PT	F&R	formal	formal	0.8	Agressão e falta de respeito com outro ser humano são relacionados ao caráter de uma pessoa.
1445	PT	F&R	formal	formal	0.4	Tenha uma conversa séria com ele, é a melhor forma.
1446	PT	F&R	formal	backtranslate	0.2	É muito relativo, depende muito de cada pessoa.
1447	PT	F&R	formal	informal	0.6	O ficar é hoje, uma maneira, que os jovens encontraram, de se relacionar, sem compromisso.
1448	PT	F&R	formal	rt	-0.4	A loucura que fiz e depois me arrependi foi ir para a faculdade ao mesmo tempo trabalhando e praticando basquete.
1449	PT	F&R	formal	informal	0.0	Sim, tem dias que dá vontade de dormir o dia todo.
1450	PT	F&R	formal	backtranslate	-1.6	Pode desenrolar comigo caso você queira, podemos ser bons amigos.
1451	PT	F&R	formal	backtranslate	-1.8	Os homens acham que a vida hoje é ficar bombado, que mulher gosta é disso!
1452	PT	F&R	formal	informal	-1.4	Uma mistura dos dois seia perfeito!!
1453	PT	F&R	formal	backtranslate	-0.8	Todo dia recebo email de pessoa desaparecidas.
1454	PT	F&R	formal	multi	2.2	Decepcionar-se com alguém que lhe é muito precioso.
1455	PT	F&R	formal	informal	-1.4	não lembro nem o que comi ontem no jantar.
1456	PT	F&R	formal	informal	-1.2	Eu ,e você é a Amanda !
1457	PT	F&R	formal	rt	-2.0	Fala o vertade mesmo que não seja acritado
1458	PT	F&R	formal	formal	2.4	Pelo mesmo motivo supracitado, na pergunta sobre o pai.
1459	PT	F&R	formal	multi	0.8	Foco e objetividade é a regra.
1460	PT	F&R	formal	formal	1.0	Um ser humano pode se apaixonar por outra pessoa.
1461	PT	F&R	formal	rt	1.0	Vamos deixar essa concepção romantizada que a mídia coloca em nossas cabeças.
1462	PT	F&R	formal	informal	-2.0	O q, não tem remédio remediado está.
1463	PT	F&R	formal	backtranslate	0.6	Não uso nenhum.
1464	PT	F&R	formal	rt	1.2	Se for, tenho a certeza que o fiz, porque a minha mãe mandou-me lá várias vezes.
1465	PT	F&R	formal	informal	-2.4	?se for ,estou na mesma situaçao q vc !!
1466	PT	F&R	formal	mt_gyafc	-0.4	Não me lembro nem o que comi ontem no jantar.
1467	PT	F&R	formal	formal	1.2	Copular, se alimentar e dormir.
1468	PT	F&R	formal	mt_gyafc	-1.2	Pode desenrolar comigo se quiser, podemos ser bons amigos.
1469	PT	F&R	formal	formal	0.6	Indivíduo sortudo!
1470	PT	F&R	formal	multi	-2.4	Eu gosto de 10 pontos miguinha.
1471	PT	F&R	formal	backtranslate	-0.2	Seja muuito determinada e feliz!
1472	PT	F&R	formal	formal	0.2	Eu apoio sua decisão de tentar fazer isso.
1473	PT	F&R	formal	formal	2.6	Porventura seria bom conhecer novas pessoas, entreter-se, buscar sua felicidade.
1474	PT	F&R	formal	formal	2.0	Homens acreditam que a vida hoje se resume em ficar com uma boa aparência física, pois é o que mulheres apreciam.
1475	PT	F&R	formal	backtranslate	-1.2	Vai fundo filha, e se quiser um padrinho estou aqui.
1476	PT	F&R	formal	multi	-2.0	Acho que é horrível, mais a carne é fraca.
1477	PT	F&R	formal	backtranslate	-0.8	Manda um sms para ela!
1478	PT	F&R	formal	backtranslate	0.0	Meu amigo, eu tenho este mesmo problema, mas a minha esposa é por problema de doença.
1479	PT	F&R	formal	mt_gyafc	1.8	Vá até onde você possa encontrá-la.
1480	PT	F&R	formal	formal	0.6	Só sei que fico muito mais bela quando faz frio!
1481	PT	F&R	formal	rt	0.0	Se você não quer sair na frente, a linha se move.
1482	PT	F&R	formal	mt_gyafc	-0.2	O principal quanto mais você levar a pessoa para perto de deus (igreja), mais perto leva para você mesmo.
1483	PT	F&R	formal	informal	-1.4	Tenha uma conversa seria com ele acho que essa e a melhor forma .conversando.
1484	PT	F&R	formal	multi	-0.4	Se for, estou na mesma situação.
1485	PT	F&R	formal	informal	-1.4	a loucura que já fiz e depois me arrependi foi fazer faculdade ao mesmo tempo trabalhar e treinar basquetebol.
1486	PT	F&R	formal	informal	0.6	Eu não uso nenhum.
1487	PT	F&R	formal	rt	-1.0	! um abraço, estela
1488	PT	F&R	formal	formal	0.8	Sim, realmente há dias que tenho vontade de dormir o dia inteiro.
1489	PT	F&R	formal	backtranslate	0.6	Pelo mesmo motivo antes citado na outra pergunta sobre pai!
1490	PT	F&R	formal	mt_gyafc	0.0	Concordo, apesar de não ser uma nem outra em um lugar nem outro.
1491	PT	F&R	formal	multi	0.8	Mande flores e aguarde, não ligue, deixe ela te procurar.
1492	PT	F&R	formal	formal	1.2	E nos permite viajar.
1493	PT	F&R	formal	formal	-0.4	Me dê 10 pontos, amiga.
1494	PT	F&R	formal	multi	-2.8	C está com um problemão, irmão.
1495	PT	F&R	formal	informal	-1.8	!manda um SMS para ela!
1496	PT	F&R	formal	formal	0.8	Concordo também, apesar de não ser nem uma nem outra, em um lugar ou outro.
1497	PT	F&R	formal	multi	-0.2	Vai fundo filha, e se quiser um padrinho, estou aqui.
1498	PT	F&R	formal	mt_gyafc	-0.6	Eu, e você é a Amanda.
1499	PT	F&R	formal	backtranslate	1.0	Diga aos seus pais que ele é rico e ex-seminarista.
1500	PT	F&R	formal	mt_gyafc	-0.2	Eu acho que eles são todos os meus favoritos.
1501	PT	F&R	formal	formal	0.4	Amigo, você está com um grande problema.
1502	PT	F&R	formal	multi	-2.0	Ele vai se ligar logo e não vai forçar a barra.
1503	PT	F&R	formal	multi	-0.4	Não deixe passar se é seu amor.
1504	PT	F&R	formal	mt_gyafc	0.0	Isso é muito bom.
1505	PT	F&R	formal	mt_gyafc	-0.4	Os homens acham que a vida hoje é boa.
1506	PT	F&R	formal	backtranslate	0.2	Se for, estou na mesma situaçao que você!
1507	PT	F&R	formal	informal	-0.8	E o principal quanto mais você  levar a pessoa para perto de Deus ( igreja ), mais perto leva para você mesmo.
1508	PT	F&R	formal	multi	0.0	"Palavrões que o sistema substitui por ""* * *""."
1509	PT	F&R	formal	informal	-0.8	De dois um: ou mergulhe no trabalho/estudo ou abra seu coração pra conhecer uma pessoa melhor!!!
1510	PT	F&R	formal	multi	0.2	É antiquado, mas ainda é engraçado.
1511	PT	F&R	formal	rt	-0.4	Quando o mundo for homossexual, vou me mudar para Marte!
1512	PT	F&R	formal	rt	-1.0	Meu amigo, eu tenho esse mesmo problema, mas minha esposa é um problema de doença.
1513	PT	F&R	formal	rt	0.4	Diga aos seus pais que ele é rico e ex-seminarista.
1514	PT	F&R	formal	mt_gyafc	0.6	Não sou homem, mas acho que sentem prazer por estar dando prazer a quem está com ele.
1515	PT	F&R	formal	formal	0.4	Fale a verdade, mesmo que ela não acredite.
1516	PT	F&R	formal	rt	-1.0	Fale com ela, você pode acabar chorando com ela se não estiver sentindo atração por ela.
1517	PT	F&R	formal	informal	-2.2	Acho q ñ tem nada pior do que sentir falta de alguem q vc nunca mais podera ver isso doi muito.
1518	PT	F&R	formal	mt_gyafc	0.8	Pelo mesmo motivo antes citado na outra pergunta sobre pai!
1519	PT	F&R	formal	informal	-2.4	pode desenrolar comigo caso vc queira, podemos ser bons amigos.
1520	PT	F&R	formal	multi	-0.6	Eles gostam de canalhas.
1521	PT	F&R	formal	formal	0.8	É antiga, mas divertida.
1522	PT	F&R	formal	rt	-1.2	! É loucura, mas são os nossos instintos básicos, animais!
1523	PT	F&R	formal	multi	-1.2	Eu sou do jardim da PENHA.
1524	PT	F&R	formal	mt_gyafc	-0.6	Sua namorada, apesar de ser do interior é mais esperta que você!
1525	PT	F&R	formal	rt	-0.2	Só sei que sou mais bonita quando está frio!
1526	PT	F&R	formal	mt_gyafc	2.4	Decepcionar-se com alguém que lhe é muito precioso.
1527	PT	F&R	formal	informal	-1.4	Homens preferem mulheres verdadeiras!!!!!!!!!!!
1528	PT	F&R	formal	backtranslate	-0.8	Tem dia que da vondade de chorar mesmo.
1529	PT	F&R	formal	mt_gyafc	0.4	A velha escola é velha, mas ainda é engraçada.
1530	PT	F&R	formal	rt	0.6	A constipação!
1531	PT	F&R	formal	informal	-1.0	Faz tempo já que o meu sumiu, tinha 16 anos.
1532	PT	F&R	formal	informal	-2.6	Ai ele vai se ligar logo e ñ vai forçar a barra.
1533	PT	F&R	formal	backtranslate	2.0	Decepcionar-se com alguem que lhe é muito precioso.
1534	PT	F&R	formal	formal	1.0	Vá até onde você possa encontrá-la!
1535	PT	F&R	formal	mt_gyafc	-0.6	Meu amigo, eu tenho este mesmo problema, mas minha esposa é por problema de doença.
1536	PT	F&R	formal	rt	0.6	Eles dizem que não, mas eu queria ser bonita, então seria mais fácil.
1537	PT	F&R	formal	mt_gyafc	-1.0	Um tornado que baixou aqui perto de casa esses dias (nos EUA).
1538	PT	F&R	formal	formal	0.8	Absolutamente ainda há tempo, eu também gostaria de engravidar novamente, tenho trinta e nove anos e estou me preparando para engravidar.
1539	PT	F&R	formal	formal	1.8	Eu quase não os vejo.
1540	PT	F&R	formal	formal	0.6	A prisão de ventre!
1541	PT	F&R	formal	multi	0.8	Homens preferem mulheres verdadeiras.
1542	PT	F&R	formal	multi	0.6	Quando você achar que já conversou o bastante converse mais.
1543	PT	F&R	formal	rt	1.6	Mal os vejo!
1544	PT	F&R	formal	backtranslate	0.2	Pelo menos algumas vezes.
1545	PT	F&R	formal	backtranslate	-1.6	Que essa pessoa tem sérios problemas psicológicos! Isso aconteceu comigo na facul, mas era homem, né!
1546	PT	F&R	formal	multi	1.8	Infelizmente, para mim, a mágoa não tem cura, não consigo perdoar.
1547	PT	F&R	formal	backtranslate	1.8	Trair-me, mentir para mim, ser falso comigo, fazer algo de mau com minha filha.
1548	PT	F&R	formal	informal	-1.0	não sou homem,mas acho que eles sentem prazer justamente por estar dando prazer a quem está com ele.
1549	PT	F&R	formal	formal	1.2	Isso certamente não é amor.
1550	PT	F&R	formal	mt_gyafc	-2.0	Dizem que não, mas queria ser linda, tdo seria mais fácil.
1551	PT	F&R	formal	mt_gyafc	2.0	Eu quase não os vejo.
1552	PT	F&R	formal	formal	1.6	Eu não usufruo de nenhum.
1553	PT	F&R	formal	informal	-1.8	!é muito relativo,depende muito de cada pessoa!!
1554	PT	F&R	formal	formal	-0.4	"Não ter decisão e gostos próprios, ficar falando ""não sei"", ""pode ser"", isso eles detestam."
1555	PT	F&R	formal	backtranslate	0.0	As vezes é necessário!
1556	PT	F&R	formal	formal	1.2	Caso você faça sua parte, ela também fará.
1557	PT	F&R	formal	mt_gyafc	0.0	Que tipo de sorte!
1558	PT	F&R	formal	multi	0.2	Concordo, apesar de não ser uma nem outra em um lugar nem outro.
1559	PT	F&R	formal	rt	-0.4	Acho que não há nada pior do que sentir falta de alguém que você nunca verá de novo dói.
1560	PT	F&R	formal	formal	2.4	Se perdeste-a quando mandaste a foto, então, não era amizade, ou seja, não perdeste nada.
1561	PT	F&R	formal	rt	0.0	Eu não uso nenhum.
1562	PT	F&R	formal	informal	-1.0	Quando o mundo for gay eu me mudo pra Marte!
1563	PT	F&R	formal	informal	0.0	E se for gente 'da pesada', a polícia se encarrega de fazê-los pagar por isso!
1564	PT	F&R	formal	mt_gyafc	0.0	Mande flores e aguarde, nem ligue, deixe ela te procurar.
1565	PT	F&R	formal	mt_gyafc	-0.6	Ele só não quis.
1566	PT	F&R	formal	rt	1.4	Eu não sou um homem, mas eu acho que eles têm prazer precisamente porque eles estão dando prazer para aqueles que estão com ele.
1567	PT	F&R	formal	multi	-0.2	Eu não entendi.
1568	PT	F&R	formal	rt	0.2	Se você a perdeu quando enviou a foto, então não foi amizade, o que significa que você não perdeu nada.
1569	PT	F&R	formal	rt	-0.2	Um tornado que caiu aqui perto de casa nos dias de hoje (nos EUA).
1570	PT	F&R	formal	multi	0.2	Eu não tenho nenhuma resposta própria, então eu não sei, pode ser, quem sabe, que eles odeiam.
1571	PT	F&R	formal	formal	-1.2	Hum, delícia!
1572	PT	F&R	formal	mt_gyafc	0.6	Diga aos seus pais que ele é rico e ex-seminarista.
1573	PT	F&R	formal	rt	0.0	Que cara de sorte!
1574	PT	F&R	formal	backtranslate	-0.4	Esta é bem sucedida, mas ainda é engraçado.
1575	PT	F&R	formal	backtranslate	-0.8	"Não tudo indica segundo estes ""estudiosos"", que maria foi mãe de jesus, e Madalena, sua mulher!"
1576	PT	F&R	formal	formal	-1.2	Apesar de sua namorado vir do interior, ela é bem mais esperta do que você.
1577	PT	F&R	formal	backtranslate	0.0	Que sorte!
1578	PT	F&R	formal	multi	0.6	Um abraço, stela.
1579	PT	F&R	formal	backtranslate	-0.2	Se voce fizer sua parte, com certeza ela também vai procurar fazer a dela.
1580	PT	F&R	formal	backtranslate	-2.4	Foi só passar as mentiras da eleiçãoque começa a subir tudogasolina, pão, e tudo maisporisso que nosso dinheironão está mais sobrando.
1581	PT	F&R	formal	rt	0.4	Vocês não são mais crianças.
1582	PT	F&R	formal	rt	-2.2	Mas nunca vi ninguém morrer disso, mano.
1583	PT	F&R	formal	rt	-2.0	Que essa pessoa tem sérios problemas psicológicos! Aconteceu comigo no Facul, mas era um homem, certo?
1584	PT	F&R	formal	mt_gyafc	0.4	Foco e objetividade é a regra.
1585	PT	F&R	formal	rt	-0.2	Então mande as flores e espere, nem ligue, deixe ela te procurar.
1586	PT	F&R	formal	backtranslate	-0.4	Não assuste o menino logo de cara!
1587	PT	F&R	formal	formal	-0.8	"Já eu acho horrível, mas a ""carne"" é fraca."
1588	PT	F&R	formal	informal	-1.2	Não sou mãe, nem mulher, mas concordo com vc.
1589	PT	F&R	formal	rt	-1.0	! Mande mensagem para ela
1590	PT	F&R	formal	formal	1.4	E o principal, quanto mais você levar a pessoa para perto de Deus, mais perto você leva a si próprio.
1591	PT	F&R	formal	informal	-1.6	!FOCO E OBJETIVIDADE É A REGRA!!
1592	PT	F&R	formal	backtranslate	-1.8	Tenha uma conversa seria com ele acho que essa e a melhor forma .conversando.
1593	PT	F&R	formal	backtranslate	-0.6	Sou de jardim da PENHa-vitória.
1594	PT	F&R	formal	informal	-1.6	Dizem que não, mas queria eu ser linda, tdo seria mais fácil.
1595	PT	F&R	formal	multi	-0.4	Tenha uma conversa com ele, eu acho que essa e a melhor forma de conversar.
1596	PT	F&R	formal	mt_gyafc	-0.6	Essa pessoa tem sérios problemas psicológicos. Isso aconteceu comigo na facl, mas era um homem.
1597	PT	F&R	formal	rt	1.8	Se fizeres a tua parte, tenho a certeza que ela vai tentar fazer a dela também.
1598	PT	F&R	formal	rt	-0.6	! é muito relativo, depende muito de cada pessoa!
1599	PT	F&R	formal	rt	0.4	Não sou mãe ou mulher, mas concordo com você.
1600	PT	F&R	formal	multi	0.8	Ele simplesmente não quis.
1601	PT	F&R	formal	rt	-1.2	Eles gostam dos canalhas
1602	PT	F&R	formal	multi	-0.4	Se você não quer sair, então a fila anda.
1603	PT	F&R	formal	mt_gyafc	0.6	Uma pessoa pode se apaixonar por uma outra pessoa.
1604	PT	F&R	formal	informal	-0.8	!Agressão já é caráter, alias falta de respeito com um ser humano!
1605	PT	F&R	formal	informal	-1.8	se perdeste-a qd lhe mandaste  a foto então n era amizade, ou seja n perdeste nada.
1606	PT	F&R	formal	rt	-1.4	Foi apenas passar as mentiras eleitorais que começam a subir toda a gasolina, pão, e tudo mais para que o nosso dinheiro não é mais deixado
1607	PT	F&R	formal	mt_gyafc	-1.0	Ele vai se ligar logo e não vai forçar a barra.
1608	PT	F&R	formal	informal	-1.4	Vá até onde vc possa encontrá-la!
1609	PT	F&R	formal	backtranslate	1.0	Um abraço, stela.
1610	PT	F&R	formal	rt	1.0	Pare de ser tão vulgar!
1611	PT	F&R	formal	mt_gyafc	1.0	Está no meu perfil.
1612	PT	F&R	formal	mt_gyafc	-1.2	Uma mistura dos dois seia perfeito.
1613	PT	F&R	formal	backtranslate	0.4	Um tornado que baixou aqui perto de casa esses dias, nos Estados Unidos.
1614	PT	F&R	formal	formal	1.4	Se isso for verdade, então estou na mesma situação que você se encontra.
1615	PT	F&R	formal	mt_gyafc	0.0	Se for, estou na mesma situaçao que você.
1616	PT	F&R	formal	backtranslate	-1.6	De não ter desição própria, ficar não sei, pode ser, quem sabe, isso eles detestam.
1617	PT	F&R	formal	formal	0.6	A regra é ter foco e objetividade.
1618	PT	F&R	formal	rt	-0.2	Sim, acho horrível, mas a carne é fraca.
1619	PT	F&R	formal	formal	0.0	Se não quiser, saia da frente porque eu me desapego.
1620	PT	F&R	formal	mt_gyafc	0.6	Se você perdeu a foto dele, então não era amizade, ou não perdeste nada.
1621	PT	F&R	formal	formal	0.6	Não sou mulher e nem posso ser considerado mãe, mas concordo.
1622	PT	F&R	formal	rt	0.4	Há um dia que você quer chorar de qualquer maneira.
1623	PT	F&R	formal	informal	-1.0	transar, comer e dormir.
1624	PT	F&R	formal	multi	1.0	Uma pessoa pode se apaixonar por outra pessoa.
1625	PT	F&R	formal	multi	0.2	Não me lembro nem o que comi ontem no jantar.
1626	PT	F&R	formal	rt	0.2	Uma mistura perfeita dos dois!
1627	PT	F&R	formal	multi	0.4	Ter uma família maravilhosa, ter saude, paz, amor e acima de tudo ter Deus no coração.
1628	PT	F&R	formal	backtranslate	-1.0	Quando o mundo for gay eu me mudo pra marte!
1629	PT	F&R	formal	informal	-1.2	Tem dia que da vondade de chorar mesmo.
1630	PT	F&R	formal	formal	0.2	Não entendi mesmo.
1631	PT	F&R	formal	backtranslate	0.6	O ficar é hoje, uma maneira, que os jovens encontraram, de se relacionar, sem compromisso.
1632	PT	F&R	formal	rt	0.2	Fazer sexo, comer e dormir.
1633	PT	F&R	formal	mt_gyafc	0.6	De repente, seria uma boa conhecer pessoas novas, se distrair mais, estar em busca da sua felicidade.
1634	PT	F&R	formal	formal	1.0	Não consigo me recordar nem mesmo o que jantei ontem a noite.
1635	PT	F&R	formal	mt_gyafc	0.8	Homens preferem mulheres verdadeiras.
1636	PT	F&R	formal	formal	1.4	Não desperdice a oportunidade, caso seja realmente seu amor.
1637	PT	F&R	formal	informal	0.8	Se for, escalareço que já o fíz, pois minha mãe me mandou pra lá várias vezes.
1638	PT	F&R	formal	informal	-2.6	C tá com um problemão, brother.
1639	PT	F&R	formal	mt_gyafc	0.0	Eles gostam dos canalhas.
1640	PT	F&R	formal	rt	0.6	É fato comprovado!
1641	PT	F&R	formal	formal	0.0	Um tornado nos Estados Unidos da América passou aqui perto de casa recentemente.
1642	PT	F&R	formal	formal	0.6	É um fato.
1643	PT	F&R	formal	backtranslate	-2.0	Só sei que fico mt mais bonita qd faz frio!
1644	PT	F&R	formal	mt_gyafc	0.4	Infelizmente, para mim a mágoa não tem cura, não consigo perdoar.
1645	PT	F&R	formal	mt_gyafc	0.2	Vocês já não são mais crianças.
1646	PT	F&R	formal	backtranslate	0.0	E o principal quanto mais você levar a pessoa para perto de deus (igreja), mais perto leva para você mesmo.
1647	PT	F&R	formal	mt_gyafc	-0.2	Deixa de ser tão vulgar.
1648	PT	F&R	formal	multi	0.0	Pelo mesmo motivo antes de fazer isso na outra pergunta sobre o pai.
1649	PT	F&R	formal	mt_gyafc	0.0	Mande um SMS para ela.
1650	PT	F&R	formal	rt	0.4	Sua namorada, apesar de ser do país, é mais esperta que você!
1651	PT	F&R	formal	formal	1.2	Eu moro em Jardim da Penha, na cidade de Vitória.
1652	PT	F&R	formal	rt	0.8	Tenha uma família maravilhosa, tenha saúde, paz, amor e, acima de tudo, tenha Deus em seu coração.
1653	PT	F&R	formal	informal	1.0	E celebre essa graça maravilhosa!
1654	PT	F&R	formal	backtranslate	-0.2	Se perdeste-a qd lhe mandaste a foto então não era amizade, ou seja não perdeste nada.
1655	PT	F&R	formal	multi	-0.8	Quando o mundo for gay, eu me mudo para marte.
1656	PT	F&R	formal	informal	-0.4	Meu amigo,eu tenho este mesmo problema, mas a minha esposa é por problema de doença.
1657	PT	F&R	formal	formal	1.0	Acredito que seja uma opção melhor você pedir a alguém que tenha conhecimento sobre esse assunto e seja proprietário de um ‘website’.
1658	PT	F&R	formal	backtranslate	1.0	Homens preferem mulheres verdadeiras.
1659	PT	F&R	formal	informal	0.8	eu quase não os vejo!!
1660	PT	F&R	formal	rt	-0.6	De não terem a sua própria humilhação, não sei, poderia ser, quem sabe, que eles odeiam.
1661	PT	F&R	formal	multi	-1.8	Seja muuito determinada e feliz!
1662	PT	F&R	formal	mt_gyafc	-0.6	Vai fundo filha, e se quiser um padrinho, estou aqui.
1663	PT	F&R	formal	formal	0.6	Não faça o garoto te temer assim no primeiro momento.
1664	PT	F&R	formal	backtranslate	1.2	Ter uma familia maravilhosa, ter saude, paz, amor e acima de tudo ter deus no coração.
1665	PT	F&R	formal	mt_gyafc	0.0	A prisão de ventre.
1666	PT	F&R	formal	mt_gyafc	0.0	Tenha uma conversa com ele, acho que essa e a melhor forma.
1667	PT	F&R	formal	rt	0.8	E isso nos faz viajar.
1668	PT	F&R	formal	multi	-0.8	Um tornado que baixou aqui perto de casa esses dias.
1669	PT	F&R	formal	multi	-1.4	É fato de provado!
1670	PT	F&R	formal	mt_gyafc	-0.4	Não tudo indica segundo estes estudiosos, que maria foi mãe de Jesus, e madalena, sua mulher!
1671	PT	F&R	formal	informal	-1.2	Elas gostam é dos canalhas
1672	PT	F&R	formal	formal	-0.6	A loucura que já fiz e depois me arrependi foi cursar na faculdade e ao mesmo tempo trabalhar e treinar basquetebol.
1673	PT	F&R	formal	rt	-0.2	Já faz um tempo desde que o meu desapareceu, eu tinha 16 anos.
1674	PT	F&R	formal	backtranslate	-2.0	Se voce gosta de le e ele de voce aproveite a felicidade pode esta em suas maos boa sorte!
1675	PT	F&R	formal	multi	1.6	Desejo-lhe sorte.
1676	PT	F&R	formal	mt_gyafc	-1.4	Se você disse que gosta de le e ele de voce aproveite a felicidade pode esta em suas maos boa sorte!
1677	PT	F&R	formal	mt_gyafc	0.8	É um fato de comprovado.
1678	PT	F&R	formal	formal	2.2	Essa pessoa tem graves problemas psicológicos. Esse fato ocorreu comigo na faculdade, contudo era um homem no meu caso.
1679	PT	F&R	formal	backtranslate	-1.4	Ai ele vai se ligar logo e não vai forçar a barra.
1680	PT	F&R	formal	multi	1.4	Eu quase não os vejo.
1681	PT	F&R	formal	informal	-0.6	Palavrões que o sistema substitui por *
1682	PT	F&R	formal	mt_gyafc	-2.4	Foi só passar as mentiras da eleiçação, pão e tudo maisporisso que nosso dinheironão está mais sobrando.
1683	PT	F&R	formal	multi	0.4	Com certeza ainda dá tempo, eu também quero ser mãe novamente, eu tenho 39 anos e estou me preparando para engravidar.
1684	PT	F&R	formal	mt_gyafc	-0.4	Infância, apesar de ter 18 anos, para mim não a nada melhor do que a infância.
1685	PT	F&R	formal	rt	0.0	Nem sequer sou mulher, nem gosto de cozinhar e gosto de futebol!
1686	PT	F&R	formal	mt_gyafc	0.2	Me trair, mentir para mim, ser falso comigo, fazer algo de mau com minha filha, etc.
1687	PT	F&R	formal	rt	0.8	E se você é um homem pesado, a polícia vai cuidar de fazê-los pagar por isso!
1688	PT	F&R	formal	rt	-1.4	É melhor editar alguém que tem conhecimento e é um site poprietaio
1689	PT	F&R	formal	informal	-2.2	eu sou mulher e gosto de homemnão tenho atração por mulher, então to foravc vai sentir prazer com a pessoa que te atrair
1690	PT	F&R	formal	rt	-2.0	Me de 10 pontos miguinha
1691	PT	F&R	formal	rt	0.0	Ter uma conversa seria com ele. Acho que esta é a melhor maneira. Conversando.
1692	PT	F&R	formal	informal	-2.0	melhor voce edir a alguem que tenha conhecimento e seja poprietaio de um site
1693	PT	F&R	formal	rt	0.4	Com certeza ainda há tempo, eu também quero ser mãe novamente, tenho 39 anos e estou me preparando para engravidar.
1694	PT	F&R	formal	multi	0.6	De repente, seria uma boa conhecer pessoas novas, se distrair mais, estar em busca de sua felicidade.
1695	PT	F&R	formal	formal	0.0	Então mande as flores e espere ela ligar para você.
1696	PT	F&R	formal	formal	0.8	Assim, exatamente como é no aplicativo MSN.
1697	PT	F&R	formal	multi	1.0	Vá até onde você possa encontrá-la.
1698	PT	F&R	formal	formal	1.0	Ao menos esporadicamente.
1699	PT	F&R	formal	multi	0.4	Sim, tem dias que dá vontade de dormir o dia todo.
1700	PT	F&R	formal	rt	0.6	Decepcione-se com alguém que é muito precioso para você.
1701	PT	F&R	formal	multi	1.4	E celebre essa graça maravilhosa!
1702	PT	F&R	formal	backtranslate	0.0	Não imagine que te quero mal, apenas nâo te quero mais!
1703	PT	F&R	formal	rt	1.0	Você pode descobrir comigo se quiser, podemos ser bons amigos.
1704	PT	F&R	formal	informal	-1.8	E quando vc achar que já conversou o bastante converse mais.
1705	PT	F&R	formal	mt_gyafc	0.2	Afinal, toda a gente tem o direito de conviver com seu próprio pai e esse menino.
1706	PT	F&R	formal	multi	0.6	Deixe essa concepção romantizada que a mídia enfia na cabeça da gente.
1707	PT	F&R	formal	informal	-3.0	Naum entendi mesmo!!!!
1708	PT	F&R	formal	multi	0.4	Pelo menos algumas vezes.
1709	PT	F&R	formal	backtranslate	-0.4	Concordo também, apesar de não ser uma nem outra em um lugar nem outro.
1710	PT	F&R	formal	formal	1.8	Procure ajuda nas saídas das igrejas, pequenas e médias empresas, de porta em porta, e verá que conseguirá juntar muito dinheiro.
1711	PT	F&R	formal	rt	0.4	De dois: mergulhe no trabalho/estudo ou abra seu coração para conhecer uma pessoa melhor!
1712	PT	F&R	formal	informal	-2.2	se não quiser saida frente q a fila anda.
1713	PT	F&R	formal	multi	-0.8	Uma mistura dos dois seia perfeito!
1714	PT	F&R	formal	mt_gyafc	-0.4	Quando você achar que já conversou o mais converse.
1715	PT	F&R	formal	mt_gyafc	-2.2	Eu gosto da 10 pontos miguinha.
1716	PT	F&R	formal	informal	0.0	pelo mesmo motivo antes citado na outra pergunta sobre pai !
1717	PT	F&R	formal	mt_gyafc	-2.4	Só sei que fico mt mais bonita qd faz frio!
1718	PT	F&R	formal	rt	0.2	Uma pessoa pode se apaixonar por outra pessoa.
1719	PT	F&R	formal	mt_gyafc	-2.8	Se eu tive correr atrazta perdendotempo vai logorsrsrs.
1720	PT	F&R	formal	multi	0.2	Mesmo que ela não seja acritida, fala a veratra.
1721	PT	F&R	formal	informal	-0.6	Que cara de sorte !
1722	PT	F&R	formal	mt_gyafc	-0.2	Eu sou de jardim da PENHA-vitória.
1723	PT	F&R	formal	formal	1.2	Elas gostam dos homens infames.
1724	PT	F&R	formal	backtranslate	0.8	Sim, tem dias que dá vontade de dormir o dia todo.
1725	PT	F&R	formal	rt	0.2	Não deixe passar se é o seu amor.
1726	PT	F&R	formal	backtranslate	0.6	De dois um: Ou mergulhe no trabalho / estudo ou abra seu coração pra conhecer uma pessoa melhor!
1727	PT	F&R	formal	multi	0.2	"Não tudo indica segundo estes ""estudiosos"", que Maria foi mãe de jesus, e Madalena, sua mulher!"
1728	PT	F&R	formal	formal	1.0	Tais como me trair, mentir para mim, ser falso comigo ou fazer algo de ruim com a minha filha, por exemplo.
1729	PT	F&R	formal	multi	0.6	Porque as vezes é necessário.
1730	PT	F&R	formal	formal	1.0	Eu sou uma mulher heterossexual, portanto, me atraio apenas por homens.
1731	PT	F&R	formal	backtranslate	-1.6	- Me da dez pontos miguinha.
1732	PT	F&R	formal	multi	0.0	Sua namorada, apesar de ser do interior, é mais inteligente que você!
1733	PT	F&R	formal	formal	1.4	Essa informação está disponível no meu perfil.
1734	PT	F&R	formal	backtranslate	0.6	Não sou mãe, nem mulher, mas concordo com você.
1735	PT	F&R	formal	formal	1.6	Não sou homem, portanto, não tenho propriedade sobre o que falo, mas acredito que os homens sentem prazer ao observar a pessoa com que eles estão sentindo prazer também.
1736	PT	F&R	formal	formal	-0.2	Tinha 16 anos na época em que o meu sumiu.
1737	PT	F&R	formal	informal	-1.4	fala a vertade mesmo que ela não acritida
1738	PT	F&R	formal	informal	-2.2	Seja muuuuito determinada e feliz!!!!!
1739	PT	F&R	formal	mt_gyafc	0.4	O relacionamento é hoje, uma maneira que os jovens encontraram, de se relacionar, sem compromisso.
1740	PT	F&R	formal	informal	-0.4	Assim tal e qual como é no msn.
1741	PT	F&R	formal	informal	-0.4	!Todo dia recebo email de pessoa desaparecidas
1742	PT	F&R	formal	backtranslate	-0.8	Não lembro nem o que comi ontem no jantar.
1743	PT	F&R	formal	backtranslate	0.0	Palavrões que o sistema substitui.
1744	PT	F&R	formal	backtranslate	-2.4	Nunca vi ninguém morrer disso, mano.
1745	PT	F&R	formal	mt_gyafc	0.2	Com certeza ainda dá tempo, eu também quero ser mãe novamente, eu tenho 39 anos e estou me preparando para engravidar.
1746	PT	F&R	formal	backtranslate	-0.4	Faz tempo já que o meu sumiu, tinha 16 anos.
1747	PT	F&R	formal	multi	0.2	Deixa de ser tão vulgar.
1748	PT	F&R	formal	rt	-1.0	Juro que o sistema substitui com*
1749	PT	F&R	formal	multi	0.2	Vocês já não são mais crianças.
1750	PT	F&R	formal	formal	1.2	Uma combinação entre os dois seria perfeita.
1751	PT	F&R	formal	rt	1.0	De repente, seria bom conhecer novas pessoas, estar mais distraído, estar em busca de sua felicidade.
1752	PT	F&R	formal	informal	-1.6	se voce gosta de le e ele de voce aproveite a felicidade pode esta em suas maos boa sorte!
1753	PT	F&R	formal	formal	1.4	Vamos cessar essa concepção romantizada que a mídia impõe a nós.
1754	PT	F&R	formal	multi	0.2	Está no meu perfil.
1755	PT	F&R	formal	formal	-0.4	Foi só falar das mentiras da eleição que começa o preço da gasolina, do pão e de outras coisas subiu, e é por esse motivo que não sobra mais dinheiro até o fim do mês.
1756	PT	F&R	formal	multi	-1.2	Pq eles têm a famosa crise de machão, aquele que é auto-suficiente em tudo!
1757	PT	F&R	formal	multi	-0.2	Faz tempo que o meu sumiu, tinha 16 anos.
1758	PT	F&R	formal	backtranslate	0.0	Deixa de ser tão vulgar!
1759	PT	F&R	formal	multi	0.2	Não sou mãe, nem mulher, mas concordo com você.
1760	PT	F&R	formal	multi	0.4	Afinal, toda a gente tem o direito de conviver com seu próprio pai e esse menino (a) não é excepção!
1761	PT	F&R	formal	mt_gyafc	-1.0	Eles têm a famosa crise de machão, aquele que é auto-suficiente em tudo!
1762	PT	F&R	formal	mt_gyafc	0.2	Acho que não tem nada pior do que sentir falta de alguém que nunca mais podera ver isso.
1763	PT	F&R	formal	multi	-2.0	Delícia de Hhuumm.
1764	PT	F&R	formal	multi	-2.2	Nunca vi ninguém morrer disso, mano.
1765	PT	F&R	formal	mt_gyafc	0.8	É loucura, mas são nossos instintos.
1766	PT	F&R	formal	mt_gyafc	-0.8	Se for gente 'da pesada, a polícia se encarrega de fazê-los pagar por isso!
1767	PT	F&R	formal	backtranslate	0.8	Se for, escalareço que já o fíz, pois minha mãe me mandou pra lá várias vezes.
1768	PT	F&R	formal	backtranslate	0.4	É fato comprovado!
1769	PT	F&R	formal	multi	0.4	Eu não uso nenhum.
1770	PT	F&R	formal	mt_gyafc	-2.8	Fala com ela issu, você pode acabar com ela se fikar com ela não é atração por ela.
1771	PT	F&R	formal	formal	1.2	Diga aos seus pais que ele é rico e foi seminarista.
1772	PT	F&R	formal	rt	-0.8	Eu, e você é a Amanda!
1773	PT	F&R	formal	formal	1.2	Não pense que eu quero o seu mal, apenas não quero mais me relacionar com você.
1774	PT	F&R	formal	informal	-0.4	Infância, apesar de ter 18 anos, para mim não a nada melhor do que a infância
1775	PT	F&R	formal	backtranslate	0.2	Infância, apesar de ter 18 anos, para mim não a nada melhor do que a infância.
1776	PT	F&R	formal	mt_gyafc	-0.6	Não tenho certeza, mas não sei, pode ser, quem sabe, eles odiam.
1777	PT	F&R	formal	rt	0.0	Os homens preferem mulheres de verdade!
1778	PT	F&R	formal	multi	-0.4	Os homens acham que a vida hoje é ficar bombado, que as mulheres gostam disso.
1779	PT	F&R	formal	backtranslate	-0.6	"Pq eles têm a famosa ""crise de machão"", aquele que é auto-suficiente em tudo!"
1780	PT	F&R	formal	informal	-0.6	vocês já não são mais crianças.
1781	PT	F&R	formal	rt	-0.2	Está no meu perfil!
1782	PT	F&R	formal	informal	-1.8	!Isso não é Amor !!
1783	PT	F&R	formal	rt	-0.6	! agressão já é caráter, pseudônimo falta de respeito por um ser humano!
1784	PT	F&R	formal	rt	0.0	Infância, apesar de ter 18 anos, para mim nada melhor do que a infância
1785	PT	F&R	formal	informal	-2.2	Mas, nunca vi ninguém morrer disso, mano.
1786	PT	F&R	formal	multi	0.2	O relacionamento é hoje, uma maneira que os jovens encontraram, de se relacionar, sem compromisso.
1787	PT	F&R	formal	informal	-0.4	!É loucura, mas são nossos instintos básicos, animais!
1788	PT	F&R	formal	mt_gyafc	1.0	Porque as vezes é necessário.
1789	PT	F&R	formal	informal	-2.8	Só sei q fico mt mais bonita qd faz frio!
1790	PT	F&R	formal	backtranslate	0.2	E quando achar que já conversou o bastante converse mais.
1791	PT	F&R	formal	informal	-1.8	na minha opinião não tem diferença nenhuma,amor e paixão se completam o k é muito bom.
1792	PT	F&R	formal	informal	-0.2	´É fato comprovado!!
1793	PT	F&R	formal	backtranslate	-0.4	Vamos deixar essa concepção romantizada que a mídia enfia na cabeça da gente.
1794	PT	F&R	formal	mt_gyafc	1.0	É muito relativo, depende de cada pessoa.
1795	PT	F&R	formal	mt_gyafc	0.4	De dois um: Ou mergulhe no trabalho / estudo ou abra seu coração para conhecer uma pessoa melhor.
1796	PT	F&R	formal	informal	0.4	Afinal toda a gente tem o direito de conviver com o seu próprio pai e esse menino(a) não é excepção!
1797	PT	F&R	formal	backtranslate	-2.8	Se tive correr atrazta perdendotempo vai logorsrsrs.
1798	PT	F&R	formal	backtranslate	0.6	Ele simplesmente não quis.
1799	PT	F&R	formal	mt_gyafc	-1.8	Melhor voce edir a alguém que tenha conhecimento e seja poprietaio de um site.
1800	PT	F&R	formal	multi	1.2	Procure ajuda na saída das igrejas, pequenas e médias empresas e porta em porta e verá que você vai conseguir muito dinheiro.
1801	PT	F&R	formal	multi	-0.4	Dizem que não, mas queria ser linda, mas seria mais fácil.
1802	PT	F&R	formal	informal	-1.8	Não só engole quem QUER!
1803	PT	F&R	formal	rt	0.6	Na minha opinião, não há diferença, amor e paixão completam o que é muito bom.
1804	PT	F&R	formal	backtranslate	-1.0	Uma pessoa pode se apaixonar por uma pessoa.
1805	PT	F&R	formal	mt_gyafc	0.4	Pelo menos algumas vezes.
1806	PT	F&R	formal	multi	0.4	Mergulhe no trabalho / estudo ou abra seu coração para conhecer uma pessoa melhor.
1807	PT	F&R	formal	informal	0.2	Então mande as flores e aguarde, nem ligue, deixe ela te procurar.
1808	PT	F&R	formal	multi	-1.8	"Eu sou uma mulher e gosto de ""homemnão tenho atração por mulheres, então eu estou foravc vai sentir prazer com a pessoa que te atrair""."
1809	PT	F&R	formal	rt	-2.0	! todos os dias eu recebo pessoas desaparecidas e-mail
1810	PT	F&R	formal	multi	-0.6	Eu, e você é a amanda.
1811	PT	F&R	formal	informal	-0.4	Pelo menos algumas vezes.
1812	PT	F&R	formal	informal	-1.4	"Não td indica segundo estes ""estudiosos"", que Maria foi mãe de Jesus, e Madalena, sua mulher!"
1813	PT	F&R	formal	rt	-1.2	Trair-me, mentir para mim, ser falso para mim, fazer algo ruim para a minha filha, etc.
1814	PT	F&R	formal	rt	0.6	Nem tudo indica, segundo estes “estudiosos”, que Maria era a mãe de Jesus, e Madalena, sua esposa!
1815	PT	F&R	formal	backtranslate	0.4	Vá até onde você possa encontrá-la!
1816	PT	F&R	formal	informal	-0.6	Eu sou de Jardim da Penha-Vitória
1817	PT	F&R	formal	mt_gyafc	0.2	Se você disse a ela, então você deve fazer sua parte, com certeza, ela também vai procurar por ela.
1818	PT	F&R	formal	mt_gyafc	-0.2	E nos faz viajar.
1819	PT	F&R	formal	rt	-1.2	Então, como é no msn.
1820	PT	F&R	formal	multi	-2.0	Só sei que fico mais bonita QD faz frio.
1821	PT	F&R	formal	backtranslate	-1.8	Parece que ela não acritida.
1822	PT	F&R	formal	backtranslate	-0.2	E Celebre essa graça maravilhosa!
1823	PT	F&R	formal	rt	-0.4	Não imagines que te quero magoar, só não te quero mais!
1824	PT	F&R	formal	multi	-1.8	É melhor você ter conhecimento e ser poprietaio de um site.
1825	PT	F&R	formal	mt_gyafc	-0.6	Não deixe passar se é seu amor mesmo.
1826	PT	F&R	formal	backtranslate	-0.2	Nos faz viajar.
1827	PT	F&R	formal	mt_gyafc	-1.4	Seja muuito determinada e feliz.
1828	PT	F&R	formal	mt_gyafc	0.2	Um abraço, stela.
1829	PT	F&R	formal	backtranslate	-0.2	Não entendi mesmo!
1830	PT	F&R	formal	informal	0.0	A prisão de ventre!
1831	PT	F&R	formal	informal	-2.8	fala com ela issu, vc pode acabar maxucando ela se fikar com ela naum sentindo nem uma atração por ela.
1832	PT	F&R	formal	informal	-2.0	TEr uma familia maravilhosa, ter saude, paz, amor e acima de tudo ter Deus no coração.
1833	PT	F&R	formal	mt_gyafc	-0.4	A loucura que já fiz e depois me arrependi foi fazer faculdade ao mesmo tempo trabalhar e treinar basquetebol.
1834	PT	F&R	formal	backtranslate	0.4	A prisão de ventre!
1835	PT	F&R	formal	mt_gyafc	0.2	Eu não uso nenhum.
1836	PT	F&R	formal	formal	0.8	Deixe de ser tão vulgar.
1837	PT	F&R	formal	mt_gyafc	-0.2	Transar, comer e dormir.
1838	PT	F&R	formal	formal	-1.0	Dizem que não, mas eu gostaria de ser linda, tudo seria mais fácil.
1839	PT	F&R	formal	multi	0.4	É muito relativo, mas depende muito de cada pessoa.
1840	PT	F&R	formal	formal	0.6	Isso parece ser loucura, mas é devido aos nossos instintos básicos, ou seja, animais.
1841	PT	F&R	formal	multi	-1.2	Tem dia que da vondade de chorar mesmo.
1842	PT	F&R	formal	rt	0.0	Porque às vezes é necessário!
1843	PT	F&R	formal	backtranslate	0.6	Procure ajuda na saída das igrejas, pequenas e médias empresas e porta em porta e verá que conseguirá juntar muito dinheiro.
1844	PT	F&R	formal	multi	0.6	Se for, escalareço que já o fíz, minha mãe me mandou para lá várias vezes.
1845	PT	F&R	formal	informal	-1.8	DIZER AOS SEUS PAIS QUE ELE É RICO E EX-SEMINARISTA
1846	PT	F&R	formal	rt	0.4	Não assuste o rapaz imediatamente!
1847	PT	F&R	formal	multi	-0.4	Meu amigo, eu tenho este mesmo problema, mas minha esposa é por causa de doença.
1848	PT	F&R	formal	backtranslate	-0.4	Agressão já é caráter, alias falta de respeito com um ser humano!
1849	PT	F&R	formal	informal	-0.4	Não deixe passar se é seu amor mesmo.
1850	PT	F&R	formal	informal	-2.8	?se tive correr atrazta perdendotempovai logorsrsrs
1851	PT	F&R	formal	informal	-3.0	mim da 10 pontos miguinha
1852	PT	F&R	formal	mt_gyafc	-2.0	Eu sou uma mulher e eu gosto de homeme eu não tenho atração por mulheres, então eu estou foravc vai sentir prazer com a pessoa que te atrair.
1853	PT	F&R	formal	backtranslate	-1.4	Dizem que não, mas queria eu ser linda, tdo seria mais fácil.
1854	PT	F&R	formal	formal	0.0	Não é sempre que sou mulher, além disso não gosto de cozinhar e de assistir futebol.
1855	PT	F&R	formal	backtranslate	-1.2	Sua namorada, apesar de ser do interior é mais esperta que você!
1856	PT	F&R	formal	backtranslate	0.0	Com certeza ainda dá tempo, eu também quero ser mãe novamente. Tenho 39 anos e estou me preparando para engravidar.
1857	PT	F&R	formal	formal	1.6	Contudo, meu caro, eu nunca soube de ninguém que morreu por causa disso.
1858	PT	F&R	formal	formal	-1.4	Não só engole quem quer!
1859	PT	F&R	formal	rt	-2.0	Hhuumm delicioso!
1860	PT	F&R	formal	backtranslate	-2.6	Sou mulher e gosto de homemnão tenho atração por mulher, então estou foravc vai sentir prazer com a pessoa que te atrair.
1861	PT	F&R	formal	mt_gyafc	-2.0	C tem um problemão, brother.
1862	PT	F&R	formal	multi	0.2	Todo dia recebo e-mail de pessoa desaparecidas.
1863	PT	F&R	formal	informal	0.4	Vamos deixar essa concepção romantizada que a mídia enfia na cabeça da gente.
1864	PT	F&R	formal	multi	-1.2	Pode desenrolar comigo se quiser, podemos ser bons amigos.
1865	PT	F&R	formal	rt	0.6	Este é bem velho, mas ainda engraçado.
1866	PT	F&R	formal	backtranslate	0.0	De repente seria uma boa conhecer pessoas novas, se distrair mais, estar em busca da sua felicidade.
1867	PT	F&R	formal	mt_gyafc	0.2	Isso não é amor.
1868	PT	F&R	formal	backtranslate	-2.4	Se não quiser saida frente que a fila anda.
1869	PT	F&R	formal	rt	0.4	Pela mesma razão antes citado na outra pergunta sobre o pai!
1870	PT	F&R	formal	mt_gyafc	1.4	Não sou mãe, nem mulher, mas concordo com você.
1871	PT	F&R	formal	informal	-1.6	Porque as vezes é necessário!!!!!!!!!!!!
1872	PT	F&R	formal	informal	-2.6	nem sempreeu sou mulher e não gosto de cozinha e gosto de futebol !!
1873	PT	F&R	formal	informal	-1.2	Me trair, mentir para mim, ser falso comigo, fazer algo de mau com minha filha, etc
1874	PT	F&R	formal	mt_gyafc	-1.0	Não só engole quem quer.
1875	PT	F&R	formal	multi	0.8	Não imagine que te quero mal, apenas nâo te quero mais.
1876	PT	F&R	formal	multi	-2.0	Foi só passar as mentiras da eleiçãoque começa a subir tudogasolina, pão, e tudo maisporisso que nosso dinheironão está mais sobrando.
1877	PT	F&R	formal	formal	0.0	Vocês não são mais crianças.
1878	PT	F&R	formal	rt	0.0	Ele só não queria.
1879	PT	F&R	formal	informal	-0.6	Se voce fizer sua parte, com certeza ela tb vai procurar fazer a dela.
1880	PT	F&R	formal	formal	0.8	Você é a Amanda.
1881	PT	F&R	formal	rt	-1.0	Eu sou do jardim da vitória da pata
1882	PT	F&R	formal	informal	0.0	Ele só não quis.
1883	PT	F&R	formal	informal	-2.0	esta é bem antiguinha mas ainda é engraçada.
1884	PT	F&R	formal	rt	-0.4	! foco e objetividade é a regra!
1885	PT	F&R	formal	formal	1.6	"O ""ficar"" é um modo que os jovens dos dias atuais encontraram de relacionarem-se entre si sem a adesão de um compromisso."
1886	PT	F&R	formal	mt_gyafc	-1.6	Tem dia que da vondade de chorar mesmo.
1887	PT	F&R	formal	backtranslate	-0.4	Não deixe passar se é seu amor mesmo.
1888	PT	F&R	formal	multi	-0.6	A loucura que já fiz e depois me arrependi foi fazer faculdade ao mesmo tempo trabalhar e treinar basquete.
1889	PT	F&R	formal	informal	-2.0	Tua namorada, apesar de ser do interior é mais esperta que Vc!
1890	PT	F&R	formal	rt	-0.2	Você não engole quem quiser!
1891	PT	F&R	formal	multi	-1.4	Não sou homem, mas acho que sentem prazer por estar dando prazer a quem está com ele.
1892	PT	F&R	formal	formal	-0.4	Comemore essa benção.
1893	PT	F&R	formal	rt	-2.6	C está com um grande problema, irmão.
1894	PT	F&R	formal	backtranslate	-2.0	Nem sempreeu sou mulher e não gosto de cozinha e gosto de futebol.
1895	PT	F&R	formal	formal	-0.2	Homens escolhem mulheres honestas.
1896	PT	F&R	formal	multi	-0.8	Na minha opinião, não há diferença nenhuma, amor e paixão se completam o que é muito bom.
1897	PT	F&R	formal	multi	-0.4	Nem sempre sou mulher e não gosto de cozinha e gosto de futebol.
1898	PT	F&R	formal	informal	-2.2	"Pq eles têm a famosa ""crise de machão"", aquele q é auto-suficiente em td!!"
1899	PT	F&R	formal	formal	0.4	Em alguns dias tenho vontade de chorar.
1900	PT	F&R	formal	rt	0.2	Concordo também, embora não seja nem um nem outro em um lugar nem no outro!
1901	PT	F&R	formal	rt	0.6	E quando você acha que já falou o suficiente, fale mais.
1902	PT	F&R	formal	mt_gyafc	-1.2	Eu acho que é horrível, mais a carne é fraca.
1903	PT	F&R	formal	backtranslate	0.0	Assim tal e qual é no MSN.
1904	PT	F&R	formal	backtranslate	-0.8	Eu, e você é a amanda!
1905	PT	F&R	formal	rt	-0.4	Vá fundo, filha, e se quiser um padrinho, estou aqui.
1906	PT	F&R	formal	multi	0.4	Além disso, nos faz viajar.
1907	PT	F&R	formal	informal	-0.4	e nos faz viajar.
1908	PT	F&R	formal	rt	0.0	Pelo menos algumas vezes.
1909	PT	F&R	formal	multi	-0.8	Se for pessoas da pesada, a polícia se encarrega de fazê-los pagar por isso.
1910	PT	F&R	formal	backtranslate	-3.0	Fala com ela issu, você pode acabar maxucando ela se fikar com ela não sentindo nem uma atração por ela.
1911	PT	F&R	formal	formal	-1.0	"Porque eles têm a famosa ""crise de machão"", aquela em que são auto-suficiente em tudo!"
1912	PT	F&R	formal	backtranslate	-0.6	Uma mistura dos dois seia perfeito!
1913	PT	F&R	formal	formal	-0.8	No momento em que o mundo se tornar gay, eu me mudarei para Marte.
1914	PT	F&R	formal	formal	0.0	É muito relativo, pois depende muito de cada pessoa!
1915	PT	F&R	formal	formal	0.0	Sentir decepção com alguém que vale muito para você.
1916	PT	F&R	formal	rt	0.4	Afinal, todos têm o direito de viver com seu próprio pai e esse menino não é exceção!
1917	PT	F&R	formal	informal	0.0	uma pessoa pode se apaixonar por  uma outra pessoa.
1918	PT	F&R	formal	backtranslate	-2.6	C tá com um problemão, brother.
1919	PT	F&R	formal	formal	0.8	Fale isso com ela. Você pode acabar machucando-a se ficar com ela não sentindo nenhuma atração.
1920	PT	F&R	formal	mt_gyafc	-1.2	Nunca vi ninguém morrer disso.
1921	PT	F&R	formal	informal	-0.4	!Um abraço,Stela
1922	PT	F&R	formal	backtranslate	-1.4	Elas gostam é dos canalhas.
1923	PT	F&R	formal	informal	-2.2	vai fundo filha, e se quiser um padrinho to aqui.
1924	PT	F&R	formal	formal	0.6	Ou se foca na realização do trabalho/estudo ou se dispõe a conhecer uma pessoa melhor.
1925	PT	F&R	formal	mt_gyafc	-2.0	Nem sempreeu sou mulher e não gosto de cozinha e gosto de futebol.
1926	PT	F&R	formal	informal	-2.4	Os homens acham que a vida hj é ficar bombado, que mulher gosta é disso!
1927	PT	F&R	formal	mt_gyafc	0.8	Procure ajuda na saída das igrejas, pequenas e médias.
1928	PT	F&R	formal	multi	-2.0	Se você gosta de le e ele de você, aproveite a felicidade pode esta em suas melhores sorte!
1929	PT	F&R	formal	formal	0.6	Eu recebo e-mails sobre pessoas desaparecidas todos os dias.
1930	PT	F&R	formal	rt	-0.6	Procure ajuda quando você deixar igrejas, pequenas e médias empresas e porta em porta e você vai descobrir que você será capaz de arrecadar um monte de dinheiro.
1931	PT	F&R	formal	formal	1.8	Caso seja, deixo claro que já o fiz, pois, minha mãe já me enviou várias vezes àquele local.
1932	PT	F&R	formal	mt_gyafc	-0.2	Faz tempo já que o meu sumiu, tinha 16 anos.
1933	PT	F&R	formal	formal	0.2	Seja muito determinada e feliz.
1934	PT	F&R	formal	backtranslate	-0.2	Transar, comer e dormir.
1935	PT	F&R	formal	mt_gyafc	-0.2	Ter uma familia maravilhosa, ter saude, paz, amor e acima de tudo ter deus no coração.
1936	PT	F&R	formal	rt	0.2	Eu realmente não entendo!
1937	PT	F&R	formal	multi	0.4	Se você fizer sua parte, ela também vai procurar por ela.
1938	PT	F&R	formal	backtranslate	-0.6	Infelizmente para mim a mágoa não tem cura! Não consigo perdoar.
1939	PT	F&R	formal	backtranslate	-0.8	Não sou homem, mas acho que sentem prazer justamente por estar dando prazer a quem está com ele.
1940	PT	F&R	formal	rt	1.2	Ficar é hoje, uma maneira que os jovens encontraram, para se relacionar sem compromisso.
1941	PT	F&R	formal	multi	-1.0	Infância, apesar de ter 18 anos, para mim, não a nada melhor do que a infância.
1942	PT	F&R	formal	rt	-0.8	! Isso não é amor!
1943	PT	F&R	formal	formal	0.4	Os palavrões são substituídos por *.
1944	PT	F&R	formal	multi	-2.8	Fale com ela, você pode acabar maxucando ela se fikar com ela não se sentir atraído por ela.
1945	PT	F&R	formal	multi	0.2	Assim como no MSN.
1946	PT	F&R	formal	backtranslate	-1.0	Na minha opinião, não tem diferença nenhuma, amor e paixão se completam o o quê é muito bom.
1947	PT	F&R	formal	informal	-1.2	Não imagine q te quero mal, apenas nâo te quero mais!
1948	PT	F&R	formal	formal	1.2	Afinal, todos têm o direito de conviver com o seu próprio pai e esse menino(a) não é exceção!
1949	PT	F&R	formal	multi	-0.2	Transar, comer e dormir.
1950	PT	F&R	formal	formal	1.4	Se você gosta dele e este sentimento é mútuo, então aproveite a felicidade, pois ela está em suas mãos.
1951	PT	F&R	formal	backtranslate	1.2	Eu quase não os vejo.
1952	PT	F&R	formal	multi	0.4	Não há remédio remediado.
1953	PT	F&R	formal	formal	0.4	Acho que não tem nada pior do que sentir falta de alguém que você nunca mais poderá ver, isso dói muito!
1954	PT	F&R	formal	formal	1.4	De acordo com esses ditos estudiosos, Maria foi mãe de Jesus e Madalena foi sua mulher.
1955	PT	F&R	formal	rt	-0.4	O que, nenhum remédio é remediado.
1956	PT	F&R	formal	informal	-0.6	De repente seria uma boa conhecer pessoas novas, se distrair mais, estar em busca da SUA felicidade.
1957	PT	F&R	formal	informal	-2.2	concordo tbm, apesar d não ser uma nem outra em um lugar nem outro!!
1958	PT	F&R	formal	backtranslate	0.2	Foco e objetividade é a regra!
1959	PT	F&R	formal	backtranslate	0.4	É loucura, mas são nossos instintos básicos, animais!
1960	PT	F&R	formal	formal	-0.6	E se for pessoas perigosas, a polícia ficará responsável de fazê-los responder por isso.
1961	PT	F&R	formal	mt_gyafc	0.0	Assim como no MSN.
1962	PT	F&R	formal	mt_gyafc	0.2	Eu não entendi.
1963	PT	F&R	formal	rt	-1.4	Se você gosta dele e ele você gosta de felicidade pode isso em suas mãos boa sorte!
1964	PT	F&R	formal	multi	-2.2	Essa pessoa tem sérios problemas psicológicos, isso aconteceu comigo na facul, mas era um homem.
1965	PT	F&R	formal	mt_gyafc	0.6	Você está ciente de que eles são mais do que a maioria das pessoas que você está procurando.
1966	PT	F&R	formal	rt	-0.8	Porque eles têm a famosa “crise macho”, aquela que é auto-suficiente em tudo!
1967	PT	F&R	formal	multi	-0.8	Acho que não tem nada pior do que sentir falta de alguém que você nunca mais pode ver isso doi.
1968	PT	F&R	formal	informal	1.2	Decepcionar-se com alguem que lhe é muito precioso.
1969	PT	F&R	formal	backtranslate	-1.4	O que, não tem remédio remediado está.
1970	PT	F&R	formal	mt_gyafc	0.6	Palavrões que o sistema substitui.
1971	PT	F&R	formal	backtranslate	0.2	Está no meu perfil!
1972	PT	F&R	formal	mt_gyafc	0.0	Agressão já é caráter, alias falta de respeito com um ser humano.
1973	PT	F&R	formal	informal	-0.6	Deixa de ser tão vulgar!
1974	PT	F&R	formal	rt	-0.4	Nem me lembro do que comi ontem à noite.
1975	PT	F&R	formal	backtranslate	-2.0	Melhor voce edir a alguem que tenha conhecimento e seja poprietaio de um site.
1976	PT	F&R	formal	rt	-1.4	Os homens pensam que a vida de hoje está a ser bombeada, o que uma mulher gosta!
1977	PT	F&R	formal	multi	-0.4	Mande um SMS para ela.
1978	PT	F&R	formal	multi	-0.4	O principal quanto mais você levar a pessoa para perto de Deus (igreja), mais perto leva para você mesmo.
1979	PT	F&R	formal	backtranslate	-1.0	Acho que não tem nada pior do que sentir falta de alguem que você nunca mais podera ver isso doi muito.
1980	PT	F&R	formal	multi	0.0	Isso não é amor.
1981	PT	F&R	formal	backtranslate	-2.0	Já, acho horrível, mais a carne é fraca.
1982	PT	F&R	formal	backtranslate	-2.6	Hhuumm delícia!
1983	PT	F&R	formal	formal	-0.6	Meu amigo, eu tenho esse mesmo problema. Contudo, o problema de minha esposa é de doença.
1984	PT	F&R	formal	informal	-2.4	foi só passar as mentiras da eleiçãoque começa a subir tudogasolina,pão,e tudo maisporisso q nosso dinheironão está mais sobrando
1985	PT	F&R	formal	formal	0.2	Infelizmente não consigo superar o sentimento de mágoa e não consigo perdoar a pessoa.
1986	PT	F&R	formal	informal	-1.2	De não ter desição própria, ficar não sei, pode ser, quem sabe, isso eles detestam.
1987	PT	F&R	formal	rt	0.8	Sim, há dias em que quero dormir o dia todo.
1988	PT	F&R	formal	formal	1.0	Corra atrás se tiver que fazê-lo, não perca tempo.
1989	PT	F&R	formal	formal	0.6	Pode conversar comigo, pois podemos ser bons amigos.
1990	PT	F&R	formal	multi	-1.4	Não só engole quem quer.
1991	PT	F&R	formal	mt_gyafc	-1.2	Não assuste o menino logo de cara.
1992	PT	F&R	formal	formal	1.0	Visto que, em certas ocasiões, é necessário.
1993	PT	F&R	formal	backtranslate	1.0	Afinal toda a gente tem o direito de conviver com o seu próprio pai e esse menino (a) não é excepção!
1994	PT	F&R	formal	rt	-2.0	Eu sou uma mulher e eu gosto de um homem Eu não tenho nenhuma atração por uma mulher, então eu sou foravc vai sentir prazer com a pessoa que atrai você
1995	PT	F&R	formal	informal	-2.4	Q essa pessoa tem sérios problemas psicológicos!Isso aconteceu cmg na facul, mas era homem, né!
1996	PT	F&R	formal	backtranslate	0.0	Isso não é amor!
1997	PT	F&R	formal	formal	0.0	Ele simplesmente não quis.
1998	PT	F&R	formal	mt_gyafc	0.2	Além disso, celebre, essa música é maravilhosa.
1999	PT	F&R	formal	formal	-0.2	"Aí ele entenderá, e não ""forçará a barra""."
2000	PT	F&R	formal	mt_gyafc	0.4	Sim, tem dias que dá vontade de dormir o dia todo.
2001	PT	F&R	formal	rule_based	-0.4	Transar, comer e dormir.
2002	PT	F&R	formal	rule_based	0.0	Me trair, mentir para mim, ser falso comigo, fazer algo de mau com minha filha, etc
2003	PT	F&R	formal	rule_based	-0.8	Tem dia que da vondade de chorar mesmo.
2004	PT	F&R	formal	rule_based	-0.2	Porque as vezes é necessário!
2005	PT	F&R	formal	rule_based	-1.0	Elas gostam é dos canalhas
2006	PT	F&R	formal	rule_based	0.0	Ter uma familia maravilhosa, ter saude, paz, amor e acima de tudo ter deus no coração.
2007	PT	F&R	formal	rule_based	-1.4	Se não quiser saida frente que a fila anda.
2008	PT	F&R	formal	rule_based	-1.8	! um abraço, stela
2009	PT	F&R	formal	rule_based	-1.0	Os homens acham que a vida hoje é ficar bombado, que mulher gosta é disso!
2010	PT	F&R	formal	rule_based	0.2	Não deixe passar se é seu amor mesmo.
2011	PT	F&R	formal	rule_based	1.2	Eu quase não os vejo!
2012	PT	F&R	formal	rule_based	0.8	E quando você achar que já conversou o bastante converse mais.
2013	PT	F&R	formal	rule_based	1.2	Não sou mãe, nem mulher, mas concordo com você.
2014	PT	F&R	formal	rule_based	0.6	Uma pessoa pode se apaixonar por uma outra pessoa.
2015	PT	F&R	formal	rule_based	0.8	Dizer aos seus pais que ele é rico e ex-seminarista
2016	PT	F&R	formal	rule_based	0.6	Ele só não quis.
2017	PT	F&R	formal	rule_based	0.4	Não lembro nem o que comi ontem no jantar.
2018	PT	F&R	formal	rule_based	0.6	Decepcionar-se com alguem que lhe é muito precioso.
2019	PT	F&R	formal	rule_based	-1.2	! manda um sms para ela!
2020	PT	F&R	formal	rule_based	0.0	A prisão de ventre!
2021	PT	F&R	formal	rule_based	-0.2	Afinal toda a gente tem o direito de conviver com o seu próprio pai e esse menino( a) não é excepção!
2022	PT	F&R	formal	rule_based	0.0	Concordo também, apesar de não ser uma nem outra em um lugar nem outro!
2023	PT	F&R	formal	rule_based	-0.4	Que cara de sorte!
2024	PT	F&R	formal	rule_based	-0.8	E nos faz viajar.
2025	PT	F&R	formal	rule_based	-0.8	A loucura que já fiz e depois me arrependi foi fazer faculdade ao mesmo tempo trabalhar e treinar basquetebol.
2026	PT	F&R	formal	rule_based	-1.8	Melhor voce edir a alguem que tenha conhecimento e seja poprietaio de um site
2027	PT	F&R	formal	rule_based	-0.8	Eu sou de jardim da penha-vitória
2028	PT	F&R	formal	rule_based	0.4	Homens preferem mulheres verdadeiras!
2029	PT	F&R	formal	rule_based	-1.0	O que, não tem remédio remediado está.
2030	PT	F&R	formal	rule_based	-1.6	Nem sempreeu sou mulher e não gosto de cozinha e gosto de futebol!
2031	PT	F&R	formal	rule_based	0.2	Não entendi mesmo!
2032	PT	F&R	formal	rule_based	-0.8	Esta é bem antiguinha mas ainda é engraçada.
2033	PT	F&R	formal	rule_based	-0.2	Pode desenrolar comigo caso você queira, podemos ser bons amigos.
2034	PT	F&R	formal	rule_based	0.8	Vocês já não são mais crianças.
2035	PT	F&R	formal	rule_based	0.2	Na minha opinião não tem diferença nenhuma, amor e paixão se completam o o quê é muito bom.
2036	PT	F&R	formal	rule_based	1.2	Meu amigo, eu tenho este mesmo problema, mas a minha esposa é por problema de doença.
2037	PT	F&R	formal	rule_based	-2.4	Mim da 10 pontos miguinha
2038	PT	F&R	formal	rule_based	-1.8	Se voce gosta de le e ele de voce aproveite a felicidade pode esta em suas maos boa sorte!
2039	PT	F&R	formal	rule_based	-1.2	Uma mistura dos dois seia perfeito!
2040	PT	F&R	formal	rule_based	-2.0	Só sei que fico mt mais bonita qd faz frio!
2041	PT	F&R	formal	rule_based	0.2	O ficar é hoje, uma maneira, que os jovens encontraram, de se relacionar, sem compromisso.
2042	PT	F&R	formal	rule_based	-2.0	C tá com um problemão, brother.
2043	PT	F&R	formal	rule_based	0.4	Deixa de ser tão vulgar!
2044	PT	F&R	formal	rule_based	0.6	Está no meu perfil!
2045	PT	F&R	formal	rule_based	-1.4	Pq eles têm a famosa `` crise de machão'', aquele que é auto-suficiente em tudo!
2046	PT	F&R	formal	rule_based	-2.6	? se tive correr atrazta perdendotempovai logorsrsrs
2047	PT	F&R	formal	rule_based	-1.2	? se for, estou na mesma situaçao que você!
2048	PT	F&R	formal	rule_based	-1.8	Que essa pessoa tem sérios problemas psicológicos! isso aconteceu comigo na facul, mas era homem, né!
2049	PT	F&R	formal	rule_based	0.6	Com certeza ainda dá tempo, eu também quero ser mãe novamente, eu tenho 39 anos e estou me preparando para engravidar.
2050	PT	F&R	formal	rule_based	-1.6	Mas, nunca vi ninguém morrer disso, mano.
2051	PT	F&R	formal	rule_based	-1.6	Ai ele vai se ligar logo e não vai forçar a barra.
2052	PT	F&R	formal	rule_based	0.6	Pelo mesmo motivo antes citado na outra pergunta sobre pai!
2053	PT	F&R	formal	rule_based	0.0	Faz tempo já que o meu sumiu, tinha 16 anos.
2054	PT	F&R	formal	rule_based	-1.0	! foco e objetividade é a regra!
2055	PT	F&R	formal	rule_based	-0.4	De não ter desição própria, ficar não sei, pode ser, quem sabe, isso eles detestam.
2056	PT	F&R	formal	rule_based	0.2	Tua namorada, apesar de ser do interior é mais esperta que você!
2057	PT	F&R	formal	rule_based	-0.8	Infância, apesar de ter 18 anos, para mim não a nada melhor do que a infância
2058	PT	F&R	formal	rule_based	-0.4	Não só engole quem quer!
2059	PT	F&R	formal	rule_based	0.8	De repente seria uma boa conhecer pessoas novas, se distrair mais, estar em busca da sua felicidade.
2060	PT	F&R	formal	rule_based	1.0	E celebre essa graça maravilhosa!
2061	PT	F&R	formal	rule_based	0.2	Sim, tem dias que dá vontade de dormir o dia todo.
2062	PT	F&R	formal	rule_based	0.2	Palavrões que o sistema substitui por*
2063	PT	F&R	formal	rule_based	-1.8	Já, acho horrível, mais a carne é fraca.
2064	PT	F&R	formal	rule_based	-1.8	Foi só passar as mentiras da eleiçãoque começa a subir tudogasolina, pão, e tudo maisporisso que nosso dinheironão está mais sobrando
2065	PT	F&R	formal	rule_based	0.4	Infelizmente para mim a mágoa não tem cura! não consigo perdoar.
2066	PT	F&R	formal	rule_based	-1.6	Um tornado que baixou aqui perto de casa esses dias( nos eua).
2067	PT	F&R	formal	rule_based	0.4	Então mande as flores e aguarde, nem ligue, deixe ela te procurar.
2068	PT	F&R	formal	rule_based	-1.2	! isso não é amor!
2069	PT	F&R	formal	rule_based	-1.2	! é muito relativo, depende muito de cada pessoa!
2070	PT	F&R	formal	rule_based	-1.6	! é loucura, mas são nossos instintos básicos, animais!
2071	PT	F&R	formal	rule_based	-1.0	Seja muuito determinada e feliz!
2072	PT	F&R	formal	rule_based	-1.0	Tenha uma conversa seria com ele acho que essa e a melhor forma .conversando.
2073	PT	F&R	formal	rule_based	-1.0	Vai fundo filha, e se quiser um padrinho estou aqui.
2074	PT	F&R	formal	rule_based	1.2	Se for, escalareço que já o fíz, pois minha mãe me mandou pra lá várias vezes.
2075	PT	F&R	formal	rule_based	-0.4	E se for gente'da pesada', a polícia se encarrega de fazê-los pagar por isso!
2076	PT	F&R	formal	rule_based	0.4	Procure ajuda na saída das igrejas, pequenas e médias empresas e porta em porta e verá que conseguirá juntar muito dinheiro.
2077	PT	F&R	formal	rule_based	0.0	De dois um: ou mergulhe no trabalho/estudo ou abra seu coração pra conhecer uma pessoa melhor!
2078	PT	F&R	formal	rule_based	0.6	Se voce fizer sua parte, com certeza ela também vai procurar fazer a dela.
2079	PT	F&R	formal	rule_based	-1.0	Quando o mundo for gay eu me mudo pra marte!
2080	PT	F&R	formal	rule_based	0.6	Eu não uso nenhum.
2081	PT	F&R	formal	rule_based	-1.0	Não assuste o menino logo de cara!
2082	PT	F&R	formal	rule_based	-1.2	´é fato comprovado!
2083	PT	F&R	formal	rule_based	-0.8	! agressão já é caráter, alias falta de respeito com um ser humano!
2084	PT	F&R	formal	rule_based	-1.4	Dizem que não, mas queria eu ser linda, tdo seria mais fácil.
2085	PT	F&R	formal	rule_based	-1.6	Eu, e você é a amanda!
2086	PT	F&R	formal	rule_based	-0.8	E o principal quanto mais você levar a pessoa para perto de deus( igreja), mais perto leva para você mesmo.
2087	PT	F&R	formal	rule_based	-2.2	Hhuumm delícia!
2088	PT	F&R	formal	rule_based	0.2	Vamos deixar essa concepção romantizada que a mídia enfia na cabeça da gente.
2089	PT	F&R	formal	rule_based	-1.0	Não tudo indica segundo estes `` estudiosos'', que maria foi mãe de jesus, e madalena, sua mulher!
2090	PT	F&R	formal	rule_based	1.6	Vá até onde você possa encontrá-la!
2091	PT	F&R	formal	rule_based	-1.6	Eu sou mulher e gosto de homemnão tenho atração por mulher, então estou foravc vai sentir prazer com a pessoa que te atrair
2092	PT	F&R	formal	rule_based	0.4	Pelo menos algumas vezes.
2093	PT	F&R	formal	rule_based	1.0	Não sou homem, mas acho que eles sentem prazer justamente por estar dando prazer a quem está com ele.
2094	PT	F&R	formal	rule_based	-2.8	Fala com ela issu, você pode acabar maxucando ela se fikar com ela não sentindo nem uma atração por ela.
2095	PT	F&R	formal	rule_based	-0.2	Se perdeste-a qd lhe mandaste a foto então não era amizade, ou seja não perdeste nada.
2096	PT	F&R	formal	rule_based	0.4	Não imagine que te quero mal, apenas nâo te quero mais!
2097	PT	F&R	formal	rule_based	-0.8	Assim tal e qual como é no msn.
2098	PT	F&R	formal	rule_based	-1.8	! todo dia recebo email de pessoa desaparecidas
2099	PT	F&R	formal	rule_based	-1.0	Acho que não tem nada pior do que sentir falta de alguem que você nunca mais podera ver isso doi muito.
2100	PT	F&R	formal	rule_based	-1.8	Fala a vertade mesmo que ela não acritida
