segment_ID      lang-ISO        domain  target_style    system_name     Aggregated_score        segment system_input
601	IT	F&R	formal	formal	5.0	Inizia con un dito, poi con due e con un po' di pazienza e perseveranza vedrai che entrerà.	inizia con un dito poi con due poi con un po di  pazienza perseveranza e lubrificante   vedrai che accetterà
602	IT	F&R	formal	mt_gyafc	6.0	Meriti un uomo tutto per te.	MERITI UN UOMO TUTTO PER TE
603	IT	F&R	formal	multi	4.8	In cosa consiste questo divertimento?	in cosa consiste questo divertimento?ahahahahhahahaha
604	IT	F&R	formal	rule_based	6.0	Se è un raga degli auguri dolcissimi	se è un raga degli auguri dolcissimi
605	IT	F&R	formal	backtranslate	6.0	Anke a me e 'successo!	anke a me è successo!!
606	IT	F&R	formal	rt	5.8	Per prima cosa cerca di sapere quante più cose possibili su ciò che le piace in un ragazzo.	prima cerca di sapere più cose possibili su ciò che le piace in un ragazzo.
607	IT	F&R	formal	backtranslate	5.6	Comunque bisogna che sia regalato non vale se te lo compri da sola!	cmq bisogna che sia regalato non vale se te lo compri da sola!!
608	IT	F&R	formal	mt_gyafc	6.0	Non fasciarti la testa prima di rompertela.	non fasciarti la testa prima di rompertela.
609	IT	F&R	formal	backtranslate	6.0	È triste questa cosa qui.	E' triste questa cosa qui.
610	IT	F&R	formal	rt	3.8	Se il tuo uomo ti tradisce: uh x beneficenza!	se il vostro uomo vi tradisce: UH X CARITA'!!
611	IT	F&R	formal	formal	4.4	È quella che ho compiuto domenica passata con il mio compagno.	quella che ho fatto domenica con il mio fidanzato!!
612	IT	F&R	formal	backtranslate	6.0	Queste sono cose ke si dicono in faccia!	Queste sono cose ke si dicono in faccia!!
613	IT	F&R	formal	backtranslate	6.0	Mi metto due bocce e per te diventerò bellissima!	mi metto 2 bocce e per te diventerò bellissimA!!!
614	IT	F&R	formal	mt_gyafc	4.6	Prima di tt, digli che il postino ke si facesse gli affaracci suoi, poi diglielo a tua madre.	prima di tt digli al postino ke si facesse gli affaracci suoi, poi diglielo a tua madre, non potrà mica squartarti!
615	IT	F&R	formal	multi	5.4	E 'stato solo dopo che ho avuto paura, forse anche ora a ripensarci, ma in quel momento no.	è stato solo dopo che ho avuto paura, forse anche adesso a ripensarci ma in quel momento no.
616	IT	F&R	formal	rule_based	6.0	Da quando ragiono con la mia testa ho perso un sacco di `` amici''!	"Da quando ragiono con la mia testa ho perso un sacco di ""amici""!"
617	IT	F&R	formal	mt_gyafc	5.8	Di tutto quello che rappresenta per ognuno di noi.	di tutto quello che rappresenta per ognuno di noi
618	IT	F&R	formal	multi	4.6	Decidi se starci o meno.	poi decidi tu se starci o meno
619	IT	F&R	formal	rule_based	6.0	Arrivare a sorpresa, però io abitavo a udine lei a basilea, erano quasi 880km	arrivare a sorpresa,però io abitavo a udine lei a basilea,erano quasi 880km
620	IT	F&R	formal	rt	5.6	? Ho dimenticato auguriciao lollina (lory) Non posso contattarti, forse ho sbagliato indirizzo!	?dimenticavo AUGURIciao lollina (lory) non riesco a contattarti ,forse ho sbagliato indirizzo !
621	IT	F&R	formal	mt_gyafc	3.8	Ho passato male.	io l' ho trascorso male
622	IT	F&R	formal	rt	4.8	Cerca di tirarlo fuori e vedere la reazione!	prova a tirartelo fuori e vedi la reazione!
623	IT	F&R	formal	backtranslate	6.0	Cm sempre sn l solita altruista.	Cm sempre sn l solita altruista.
624	IT	F&R	formal	mt_gyafc	6.0	Ognuno di noi abbiamo qlc che gli altri non hanno e sicuramente saranno gli altri ad invidiarti.	ognuno di noi abbiamo qlc che gli altri non hanno e sicuramente saranno gli altri ad invidiarti
625	IT	F&R	formal	rt	5.4	Sì, ma non l'ho ancora ricevuto!	Si ma ancora non l'ho mai ricevuto!
626	IT	F&R	formal	mt_gyafc	1.2	E 'sempre il tuo nome, il tuo nome e' molto altruista.	Cm sempre sn l solita altruista.
627	IT	F&R	formal	mt_gyafc	5.4	Belle no, ma almeno una sincera, Goodnight night.	belle no ma almeno una sincera goodnight
628	IT	F&R	formal	formal	4.4	Evviva Eldorado!	GRANDE ELDORADO!!!!!!!!!!!
629	IT	F&R	formal	formal	5.0	Per quanto concerne il regalo, se non ne hai alcuna idea, non ha senso chiedere in giro.	per il regalo se non lo sai tu è inutile chiederlo!!!
630	IT	F&R	formal	rule_based	6.0	È bellissimo quello che fai!	è bellissimo quello che fai!!
631	IT	F&R	formal	mt_gyafc	5.2	Devo dare una mossa a pulire prima che il pavimento assorba il tutto!	penso che mi devo dare una mossa a pulire prima che il pavimento assorba il tutto !!
632	IT	F&R	formal	rule_based	6.0	Se ci sta è fatta altrimenti volta pagina!	se ci sta è fatta altrimenti volta pagina!
633	IT	F&R	formal	backtranslate	6.0	Mi dispiace, ma dalle tempo se ti vorra 'tornera' da te.	mi dispiace ma dalle tempo se ti vorra tornera da te
634	IT	F&R	formal	rt	3.8	Non mi consideri incomprensivo se non approvo le cose, e se le giudico inappropriate!	Non reputarmi antipatico se non approvo qste cose, e se le giudico non appropriate!
635	IT	F&R	formal	formal	5.2	Buona fortuna!	in bocca al lupo!
636	IT	F&R	formal	mt_gyafc	6.0	Ti concedo di farlo, a patto di amarla per tutta la vita.	Ti concedo di farlo,a patto di amarla per tutta la vita
637	IT	F&R	formal	backtranslate	5.8	Rimani sempre cosi 'non cambiare maisei normalissima.	rimani sempre cosi non cambiare maisei normalissima
638	IT	F&R	formal	formal	5.8	Non cercarlo più, gli stai soltanto provocando dolore.	non cercarlo piu gli stai facendo solo del male.
639	IT	F&R	formal	rt	5.2	Lasciali se non rischi di ferirli pure e se ti scoprono sarà ancora peggio	lasciateli se no rischiate di far soffrire pure loro e se vi scoprono sarà ancora peggio
640	IT	F&R	formal	backtranslate	6.0	X me è solo una magra consolazione!	x me è solo una magra consolazione!!
641	IT	F&R	formal	formal	5.4	Anch'io mi recherò in Abruzzo con mia moglie, ma non nella stessa zona dove ti trovi tu, speriamo nevichi in abbondanza!	anche io probabilmente sarò in abruzzo con mia moglie, ma non dove sei tu, speriamo ne venga tanta di neve!
642	IT	F&R	formal	formal	5.2	Ti auguro di divertirti, un saluto.	!Divertiti, un baciotto!
643	IT	F&R	formal	formal	5.2	In ogni caso può andare bene iniziare in qualsiasi momento dell'anno, anche se sarebbe meglio fosse continuativo.	Cmq va bene in qualsiasi momento dell'anno, meglio se continuativamente.
644	IT	F&R	formal	mt_gyafc	5.6	Usa la scusa che vi rivedete dopo tanto tempo e che c è bisogno di lui per animare la notte.	usa la scusa che vi rivedete dopo tanto tempo e che c'è bisogno di lui per  animare la serata.
645	IT	F&R	formal	rt	5.4	Comunque va bene in qualsiasi momento dell'anno, meglio se continuamente.	Cmq va bene in qualsiasi momento dell'anno, meglio se continuativamente.
646	IT	F&R	formal	multi	4.8	Datele un bacio e basta, non dirle nulla.	Dalle un bacio e basta, non dirle nulla!
647	IT	F&R	formal	rt	5.0	! Ti auguro tanta felicità! ciau	!Vi auguro tanta felicità!ciau
648	IT	F&R	formal	formal	4.8	In cosa consiste il divertimento di cui parli?	in cosa consiste questo divertimento?ahahahahhahahaha
649	IT	F&R	formal	rule_based	6.0	Rimani sempre cosi non cambiare maisei normalissima	rimani sempre cosi non cambiare maisei normalissima
650	IT	F&R	formal	rt	6.0	Non c'è niente di sbagliato, non c'è età per cominciare	non c'è niente di sbagliato,non c'è età per cominciare
651	IT	F&R	formal	mt_gyafc	4.2	Sai il detto' del male a nessuno dei figli?	sai  il  detto  'del  male  a  nessuno  dei  figli  a  tutti?'
652	IT	F&R	formal	rule_based	6.0	Belle no ma almeno una sincera goodnight	belle no ma almeno una sincera goodnight
653	IT	F&R	formal	rt	5.4	Pagherei l'oro se il mio ragazzo lo facesse dappertutto!	Io pagherei oro se il mio ragazzo la facesse dappertutto!!!
654	IT	F&R	formal	rule_based	6.0	Poi decidi tu se starci o meno	poi decidi tu se starci o meno
655	IT	F&R	formal	formal	5.4	Potrebbe essere perché non prova molta attrazione per lei	forse xkè nn gli piaci tanto
656	IT	F&R	formal	mt_gyafc	5.8	E 'stato solo dopo che ho avuto paura, forse anche ora a ripensarci, ma in quel momento no.	è stato solo dopo che ho avuto paura, forse anche adesso a ripensarci ma in quel momento no.
657	IT	F&R	formal	rule_based	5.6	Dille: ti amo!	dille: TI AMOOOOOOOOOOOOOOOOOOO!
658	IT	F&R	formal	mt_gyafc	5.8	Non cercare più gli stai facendo solo del male.	non cercarlo piu gli stai facendo solo del male.
659	IT	F&R	formal	mt_gyafc	6.0	Dipende dai momenti.	Dipende dai momenti :)
660	IT	F&R	formal	multi	5.4	Se le piaci, non rifiuterà il tuo corteggiamento. Falle capire che ti piace.	Se le piaci non rifiuterà il tuo corteggiamento qnd falle capire ke lei ti piace
661	IT	F&R	formal	backtranslate	5.4	E cara, ma se non dici a grandi linee cs gli hai detto.	e cara ma se nn dici a grandi linee cs gli hai detto,,,,
662	IT	F&R	formal	rt	3.8	Se non vuole scaricarlo subito e non lo sente più (quindi soffri di meno).	Se lui non ti vuole scaricalo subito e non lo sentire più ( così soffri di meno) .
663	IT	F&R	formal	rule_based	6.0	E in qualsiasi posto tu e lei andate va bene, perkè l'importante è ke siete assieme e nessuno vi disturba.	e in qualsiasi posto tu e lei andate va bene, perkè l'importante è ke siete assieme e nessuno vi disturba.
664	IT	F&R	formal	backtranslate	6.0	Spero presto!	Spero presto!!!!!
665	IT	F&R	formal	mt_gyafc	5.6	Mi apparto e la faccio felice.	Mi ci apparto e la faccio felice.
666	IT	F&R	formal	rule_based	6.0	Ah, se la coglie.	Ah, se la coglie.
667	IT	F&R	formal	rule_based	6.0	Non fasciarti la testa prima di rompertela.	non fasciarti la testa prima di rompertela.
668	IT	F&R	formal	formal	4.8	Ho visto tante belle domande; nel caso in cui tu fondi un movimento elettore, garantisco il mio appoggio e la mia appartenenza.	Io di belle domande ne ho viste tante; se fondi il movimento elettore io sono dei vostri.
669	IT	F&R	formal	multi	5.8	Dimenticavo auguriciao lollina Lollina (Lory) Non riesco a contattarti, forse ho sbagliato indirizzo!	?dimenticavo AUGURIciao lollina (lory) non riesco a contattarti ,forse ho sbagliato indirizzo !
670	IT	F&R	formal	formal	3.8	Sarei davvero contenta se il mio ragazzo fosse in grado di urinare ovunque.	Io pagherei oro se il mio ragazzo la facesse dappertutto!!!
671	IT	F&R	formal	rule_based	6.0	E' triste questa cosa qui.	E' triste questa cosa qui.
672	IT	F&R	formal	backtranslate	6.0	Inizia con un dito poi con due poi con un po 'di pazienza perseveranza e lubrificante vedrai che accetterà.	inizia con un dito poi con due poi con un po di  pazienza perseveranza e lubrificante   vedrai che accetterà
673	IT	F&R	formal	formal	4.8	Credo di dovermi affrettare nel pulire il pavimento, prima che tutto venga assorbito.	penso che mi devo dare una mossa a pulire prima che il pavimento assorba il tutto !!
674	IT	F&R	formal	rt	5.6	Se le piaci, non rifiuterà il tuo corteggiamento, farle capire che le piaci	Se le piaci non rifiuterà il tuo corteggiamento qnd falle capire ke lei ti piace
675	IT	F&R	formal	multi	6.0	Dai la colpa a tutti e due a prescindere.	Dai la colpa a tutti e due a prescindere
676	IT	F&R	formal	mt_gyafc	6.0	Con questa premessa, no.	con questa premessa no!!
677	IT	F&R	formal	mt_gyafc	6.0	Se lui non ti vuole, scaricalo subito e non lo sentire più (così soffri di meno).	Se lui non ti vuole scaricalo subito e non lo sentire più ( così soffri di meno) .
678	IT	F&R	formal	rule_based	6.0	Prova a tirartelo fuori e vedi la reazione!	prova a tirartelo fuori e vedi la reazione!
679	IT	F&R	formal	rt	4.6	Che bello, forse qualcuno si comporterebbe in questo modo con me!	aaa che carino, magari qualcuno si comporatsse cosi con me!!!
680	IT	F&R	formal	rt	5.0	Incolpare entrambi a prescindere	Dai la colpa a tutti e due a prescindere
681	IT	F&R	formal	formal	5.6	Io ritengo che, se lei è sinceramente interessata a te, non rifiuterà il tuo corteggiamento. Quindi, ti suggerisco di farle capire che sei interessato a lei.	Se le piaci non rifiuterà il tuo corteggiamento qnd falle capire ke lei ti piace
682	IT	F&R	formal	backtranslate	6.0	Prova a tirartelo fuori e vedi la reazione!	prova a tirartelo fuori e vedi la reazione!
683	IT	F&R	formal	multi	5.4	Penso che dovrei dare una mossa a pulire prima che il pavimento assorba tutto!	penso che mi devo dare una mossa a pulire prima che il pavimento assorba il tutto !!
684	IT	F&R	formal	backtranslate	6.0	Anche io probabilmente sarò in Abruzzo con mia moglie, ma non dove sei tu, speriamo ne venga tanta di neve!	anche io probabilmente sarò in abruzzo con mia moglie, ma non dove sei tu, speriamo ne venga tanta di neve!
685	IT	F&R	formal	rule_based	6.0	! divertiti, un baciotto!	!Divertiti, un baciotto!
686	IT	F&R	formal	rule_based	6.0	Ma si fai la cosa giusta!	ma si fai la cosa giusta!
687	IT	F&R	formal	rule_based	6.0	È stato solo dopo che ho avuto paura, forse anche adesso a ripensarci ma in quel momento no.	è stato solo dopo che ho avuto paura, forse anche adesso a ripensarci ma in quel momento no.
688	IT	F&R	formal	rt	5.4	Ma non fare l'errore che facciamo tutti, di avere due piedi in una scarpa.	non fare però l'errore che facciamo tutte, di avere due piedi in una scarpa.
689	IT	F&R	formal	rt	4.4	Penso che tu abbia troppi problemi!	penso che ti fai troppi problemi!!
690	IT	F&R	formal	backtranslate	5.8	Se un uomo non vuole essere un tuo amico, ma ben altro è normale ke si comporti così.	Se un ragazzo nn vuole essere un tuo amico ma ben altro è normale ke si comporti così.
691	IT	F&R	formal	rule_based	5.8	Inizia con un dito poi con due poi con un po di pazienza perseveranza e lubrificante vedrai che accetterà	inizia con un dito poi con due poi con un po di  pazienza perseveranza e lubrificante   vedrai che accetterà
692	IT	F&R	formal	formal	5.4	Questo genere di cose va comunicato di persona.	Queste sono cose ke si dicono in faccia!!
693	IT	F&R	formal	mt_gyafc	6.0	E 'triste questa cosa qui.	E' triste questa cosa qui.
694	IT	F&R	formal	rt	3.6	! questo pensiero-scuso-senza senso-	!questo penso--scusa---non ha senso---
695	IT	F&R	formal	formal	5.6	A mio parere è solo una magra consolazione.	x me è solo una magra consolazione!!
696	IT	F&R	formal	multi	5.2	Divertiti, un bacio.	!Divertiti, un baciotto!
697	IT	F&R	formal	multi	4.2	Rimani sempre cosi 'non cambiare le tue cose normali.	rimani sempre cosi non cambiare maisei normalissima
698	IT	F&R	formal	backtranslate	6.0	Grande Eldorado!	GRANDE ELDORADO!!!!!!!!!!!
699	IT	F&R	formal	backtranslate	6.0	Non c 'e' un modo preciso, l 'unica cosa che ti puo' aiutare e 'il tempo.	non c'è un modo preciso, l' unica cosa che ti puo aiutare è il tempo.
700	IT	F&R	formal	formal	5.6	Solo in seguito ho provato paura, probabilmente anche adesso nel ripensarci ne provo, ma in quel momento no.	è stato solo dopo che ho avuto paura, forse anche adesso a ripensarci ma in quel momento no.
701	IT	F&R	formal	rule_based	6.0	Sai il detto'del male a nessuno dei figli a tutti?'	sai  il  detto  'del  male  a  nessuno  dei  figli  a  tutti?'
702	IT	F&R	formal	rt	4.8	Vai al comune della tua città di residenza, lì saranno in grado di ondestare tutto con precisione.	vai al comune della tua città di residenza, la' ti  sapranno ondicare tutto con precisione.
703	IT	F&R	formal	rt	5.8	Cm sempre sn l solito altruista.	Cm sempre sn l solita altruista.
704	IT	F&R	formal	mt_gyafc	4.2	Non l' ho mai ricevuto!	Si ma ancora non l'ho mai ricevuto!
705	IT	F&R	formal	multi	5.2	Belle, no, ma almeno una buona notte.	belle no ma almeno una sincera goodnight
706	IT	F&R	formal	formal	5.4	Penso sia stato molto carino, vorrei che qualcuno si comportasse nella stessa maniera con me.	aaa che carino, magari qualcuno si comporatsse cosi con me!!!
707	IT	F&R	formal	backtranslate	6.0	Se ci sta, è fatta altrimenti volta pagina!	se ci sta è fatta altrimenti volta pagina!
708	IT	F&R	formal	multi	4.6	Se lui non ti vuole, lascialo subito e non lo sentirai più.	Se lui non ti vuole scaricalo subito e non lo sentire più ( così soffri di meno) .
709	IT	F&R	formal	mt_gyafc	5.8	Lo tenevo gelosamente segreto, invece hai rovinato tutto.	Lo tenevo gelosamente segreto invece tu hai rovinato tutto.
710	IT	F&R	formal	mt_gyafc	5.4	Inoltre, finchci saranno persone stupide che le daranno corda (e ci saranno sempre) non abbasserà mai la cresta!	E cmq finchè ci saranno persone stupide ke le daranno corda (e ci saranno sempre) non abbasserà mai la cresta!
711	IT	F&R	formal	rule_based	6.0	A che carino, magari qualcuno si comporatsse cosi con me!	aaa che carino, magari qualcuno si comporatsse cosi con me!!!
712	IT	F&R	formal	backtranslate	4.8	Grazie! Una buona serata anche a te!	grazie!una buona notte anche a te!
713	IT	F&R	formal	multi	3.8	Vai al comune della tua città di residenza, la 'ti riconosceranno tutto con precisione.	vai al comune della tua città di residenza, la' ti  sapranno ondicare tutto con precisione.
714	IT	F&R	formal	formal	4.8	A livello ipotetico direi tendenzialmente di no.	Direi tendenzialmente di no.
715	IT	F&R	formal	rule_based	6.0	Vedrai ke c divertiremo!''	"vedrai ke c divertiremo!"""
716	IT	F&R	formal	rule_based	6.0	Di tutto quello che rappresenta per ognuno di noi	di tutto quello che rappresenta per ognuno di noi
717	IT	F&R	formal	rt	4.2	L'ho speso male	io l' ho trascorso male
718	IT	F&R	formal	backtranslate	3.4	Se non approvo qste cose, non mi piacciono le cose, ma se le giudico non appropriate.	Non reputarmi antipatico se non approvo qste cose, e se le giudico non appropriate!
719	IT	F&R	formal	multi	5.8	Meriti un uomo tutto per te.	MERITI UN UOMO TUTTO PER TE
720	IT	F&R	formal	multi	3.8	Gli tenevo il gelosamente segreto invece che tu abbia rovinato tutto.	Lo tenevo gelosamente segreto invece tu hai rovinato tutto.
721	IT	F&R	formal	mt_gyafc	2.0	"Si chiama ""Ank"" di torino, si e 'sempre percio e meglio di tenerle d' okkio."	ank io sn di torino si e vero capita spesso percio e meglio tenerle d'okkio
722	IT	F&R	formal	mt_gyafc	4.6	Rimani sempre cosi 'non cambiare te stesso.	rimani sempre cosi non cambiare maisei normalissima
723	IT	F&R	formal	rt	4.8	E' bello quello che fai!	è bellissimo quello che fai!!
724	IT	F&R	formal	backtranslate	6.0	Io di belle domande ne ho viste tante, se fondi il movimento elettore io sono dei vostri.	Io di belle domande ne ho viste tante; se fondi il movimento elettore io sono dei vostri.
725	IT	F&R	formal	backtranslate	6.0	Direi tendenzialmente di no.	Direi tendenzialmente di no.
726	IT	F&R	formal	formal	5.2	Ah, se la colpisse.	Ah, se la coglie.
727	IT	F&R	formal	multi	5.4	Le belle domande ne ho viste tante, se fondi il movimento elettore sono dei vostri.	Io di belle domande ne ho viste tante; se fondi il movimento elettore io sono dei vostri.
728	IT	F&R	formal	backtranslate	4.8	Non l' ho mai ricevuto.	Si ma ancora non l'ho mai ricevuto!
729	IT	F&R	formal	rule_based	6.0	Grazie! una buona notte anche a te!	grazie!una buona notte anche a te!
730	IT	F&R	formal	mt_gyafc	4.6	Si prega di arrivare a sorpresa, ma io abitavo a udine lei a basilea, erano quasi 880km.	arrivare a sorpresa,però io abitavo a udine lei a basilea,erano quasi 880km
731	IT	F&R	formal	formal	5.4	Una ragazza fugace finisce sempre per intrigarti di più. Ciao.	Una ragazza sfuggente finisce sempre per intrigarti di piùCiao
732	IT	F&R	formal	formal	5.4	Credimi. Mio fratello si è comportato in modo simile. Ora lo incontriamo una volta all'anno. Ci ha abbandonato per dedicarsi solo a lei	Credimi, mio fratello ha fato la stessa cosa, ora lo vediamo una volta all'anno, ci ha praticamente scaricati per lei.
733	IT	F&R	formal	formal	4.6	Questo suo comportamento potrebbe essere riconducibile alla timidezza, è possibile che sia per questo che è di poche parole, o magari ha subito dei danni al cervello, mettilo spalle al muro.	magari è solo timido,ma devi capire se parla poco per quello,oppure perchè è cerebrolesomettilo alle strette!
734	IT	F&R	formal	multi	3.6	Non riesco a capire se non approvo qste cose, e se le giudico non sono appropriate.	Non reputarmi antipatico se non approvo qste cose, e se le giudico non appropriate!
735	IT	F&R	formal	formal	5.6	Comunque c'è bisogno che sia un regalo, se lo compri per te stessa non vale!	cmq bisogna che sia regalato non vale se te lo compri da sola!!
736	IT	F&R	formal	backtranslate	6.0	Non cercarlo più gli stai facendo solo del male.	non cercarlo piu gli stai facendo solo del male.
737	IT	F&R	formal	rule_based	6.0	Meglio 1 pò di pancetta e tanta allegria ke 1 triste e insoddisfatta ragazza pelle e ossa!	meglio 1 pò di pancetta e tanta allegria ke 1 triste e insoddisfatta ragazza pelle e ossa!
738	IT	F&R	formal	multi	6.0	Anzi, stupenda!	!anzi stupenda!!
739	IT	F&R	formal	formal	5.6	Dipenda sia da cosa piace a lui, sia da cosa tu sei disposta a fare.	Dipende cosa gli piace a lui e a cosa sei disposta te!
740	IT	F&R	formal	rule_based	6.0	! anche se personalmente sono contro la violenza alle donne!	!anche se personalmente sono contro la violenza alle donne!
741	IT	F&R	formal	rt	4.6	A volte è difficile dimostrare chi provi, xk ne ha paura!	a volte è difficile dimostrare cio k si prova, xk se ne ha paura!
742	IT	F&R	formal	rt	6.0	Anke a me è successo!	anke a me è successo!!
743	IT	F&R	formal	backtranslate	5.8	Dalle un bacio e basta, non dirle nulla.	Dalle un bacio e basta, non dirle nulla!
744	IT	F&R	formal	multi	5.8	Molte volte si '.	molte volte si!!!!
745	IT	F&R	formal	mt_gyafc	4.6	A che carino, forse qualcuno si comporsse cosi 'con me.	aaa che carino, magari qualcuno si comporatsse cosi con me!!!
746	IT	F&R	formal	rt	5.6	Forse perché non gli piaci così tanto	forse xkè nn gli piaci tanto
747	IT	F&R	formal	rule_based	5.8	Comunque va bene in qualsiasi momento dell'anno, meglio se continuativamente.	Cmq va bene in qualsiasi momento dell'anno, meglio se continuativamente.
748	IT	F&R	formal	mt_gyafc	4.4	Vai al comune della tua città di residenza, la 'ti sapranno di andare avanti con precisione.	vai al comune della tua città di residenza, la' ti  sapranno ondicare tutto con precisione.
749	IT	F&R	formal	multi	6.0	Non c 'e' un modo preciso, l' unica cosa che ti puo 'aiutare e' il tempo.	non c'è un modo preciso, l' unica cosa che ti puo aiutare è il tempo.
750	IT	F&R	formal	multi	3.0	Inizia con un dito e poi con un po 'di pazienza.	inizia con un dito poi con due poi con un po di  pazienza perseveranza e lubrificante   vedrai che accetterà
751	IT	F&R	formal	mt_gyafc	5.6	Va bene in qualsiasi momento dell' anno, meglio se continuativamente.	Cmq va bene in qualsiasi momento dell'anno, meglio se continuativamente.
752	IT	F&R	formal	formal	5.6	È un accadimento che ho già vissuto.	anke a me è successo!!
753	IT	F&R	formal	mt_gyafc	5.4	Quando ragiono con la mia testa, ho perso un sacco di amici.	"Da quando ragiono con la mia testa ho perso un sacco di ""amici""!"
754	IT	F&R	formal	formal	5.0	Fintanto che avrà un certo seguito di inetti, non muterà mai l'atteggiamento spavaldo.	E cmq finchè ci saranno persone stupide ke le daranno corda (e ci saranno sempre) non abbasserà mai la cresta!
755	IT	F&R	formal	formal	5.4	Ritengo che sia la soluzione più auspicabile.	?secondo me sarebbe la migliore soluzione!
756	IT	F&R	formal	multi	5.4	Vi auguro tanta felicità!	!Vi auguro tanta felicità!ciau
757	IT	F&R	formal	rt	2.8	Se c'è fatto altrimenti pagina di tempo!	se ci sta è fatta altrimenti volta pagina!
758	IT	F&R	formal	rt	4.8	Dipende da cosa gli piace e da cosa sei disposto a farlo!	Dipende cosa gli piace a lui e a cosa sei disposta te!
759	IT	F&R	formal	backtranslate	6.0	Meriti un uomo tutto per te.	MERITI UN UOMO TUTTO PER TE
760	IT	F&R	formal	mt_gyafc	5.6	Grande eldorado!	GRANDE ELDORADO!!!!!!!!!!!
761	IT	F&R	formal	rule_based	6.0	Non c' è un modo preciso, l' unica cosa che ti puo aiutare è il tempo.	non c'è un modo preciso, l' unica cosa che ti puo aiutare è il tempo.
762	IT	F&R	formal	multi	5.8	Credimi, mio fratello ha fatto la stessa cosa, ora lo vediamo una volta all' anno. Ci ha praticamente scaricati per lei.	Credimi, mio fratello ha fato la stessa cosa, ora lo vediamo una volta all'anno, ci ha praticamente scaricati per lei.
763	IT	F&R	formal	mt_gyafc	6.0	Dai la colpa a tutti e due a prescindere.	Dai la colpa a tutti e due a prescindere
764	IT	F&R	formal	rule_based	6.0	! vi auguro tanta felicità! ciau	!Vi auguro tanta felicità!ciau
765	IT	F&R	formal	formal	5.0	È meglio andare al Comune della tua città di residenza, dove ti sapranno indicare tutto con maggiore precisione.	vai al comune della tua città di residenza, la' ti  sapranno ondicare tutto con precisione.
766	IT	F&R	formal	rt	5.8	Con quella premessa no!	con questa premessa no!!
767	IT	F&R	formal	mt_gyafc	4.6	Penso che tu abbia troppi problemi.	penso che ti fai troppi problemi!!
768	IT	F&R	formal	backtranslate	4.8	Forse più importanti?	"magari + importanti?"""
769	IT	F&R	formal	backtranslate	6.0	Ma si fai la cosa giusta!	ma si fai la cosa giusta!
770	IT	F&R	formal	mt_gyafc	6.0	Mi metto due bocce e per te diventerò bellissima.	mi metto 2 bocce e per te diventerò bellissimA!!!
771	IT	F&R	formal	backtranslate	6.0	Mi ci apparto e la faccio felice.	Mi ci apparto e la faccio felice.
772	IT	F&R	formal	rt	3.2	No, sono abbastanza del mio ragazzo	no m basta il my boy
773	IT	F&R	formal	multi	4.6	Tutto quello che rappresenta per ognuno di noi.	di tutto quello che rappresenta per ognuno di noi
774	IT	F&R	formal	rt	5.8	Sì, ma se la persona ti garantisce che non ti amerà ma inon ha senso	Si ma se la persona ti garantisce che non ti amerà ma inon ha senso
775	IT	F&R	formal	mt_gyafc	5.8	Anzi, è stupenda!	!anzi stupenda!!
776	IT	F&R	formal	rule_based	6.0	Spero che non dicano sul serio.	Spero che non dicano sul serio.
777	IT	F&R	formal	multi	5.6	Sì, ma se la persona ti garantisce che non ti amerà, ma inon ha senso.	Si ma se la persona ti garantisce che non ti amerà ma inon ha senso
778	IT	F&R	formal	rule_based	6.0	Non fare però l'errore che facciamo tutte, di avere due piedi in una scarpa.	non fare però l'errore che facciamo tutte, di avere due piedi in una scarpa.
779	IT	F&R	formal	mt_gyafc	5.4	Credimi, mio fratello ha FATO la stessa cosa, ora lo vediamo una volta all' anno. Ci ha praticamente scaricati per lei.	Credimi, mio fratello ha fato la stessa cosa, ora lo vediamo una volta all'anno, ci ha praticamente scaricati per lei.
780	IT	F&R	formal	rt	6.0	E' triste questa cosa qui.	E' triste questa cosa qui.
781	IT	F&R	formal	rt	4.0	Da quando infuria con la testa ho perso un sacco di ``amici»!	"Da quando ragiono con la mia testa ho perso un sacco di ""amici""!"
782	IT	F&R	formal	formal	5.4	Un arrivo a sorpresa. Tuttavia, io abitavo a Udine e lei a Basilea, erano quasi 880km di distanza.	arrivare a sorpresa,però io abitavo a udine lei a basilea,erano quasi 880km
783	IT	F&R	formal	backtranslate	6.0	E in qualsiasi posto tu e lei andate va bene, perke 'l' importante e' ke siete assieme e nessuno vi disturba.	e in qualsiasi posto tu e lei andate va bene, perkè l'importante è ke siete assieme e nessuno vi disturba.
784	IT	F&R	formal	rule_based	6.0	Meriti un uomo tutto per te	MERITI UN UOMO TUTTO PER TE
785	IT	F&R	formal	formal	5.4	Un po' troppo antiquata per essere usata ancora oggi, per fortuna i tempi cambiano.	Troppo antica per essere usata ancora oggi, per fortuna i tempi cambiano
786	IT	F&R	formal	formal	6.0	Fra 6 giorni sarà il mio compleanno.	fra sei giorni è il mio di compleanno.
787	IT	F&R	formal	multi	5.4	Forse non gli piaci tanto.	forse xkè nn gli piaci tanto
788	IT	F&R	formal	formal	5.0	Prova a mostrare il pene e osserva la reazione!	prova a tirartelo fuori e vedi la reazione!
789	IT	F&R	formal	formal	4.2	Nel fare la tua scelta, scegli ciò che la tua etica ti indica.	ma si fai la cosa giusta!
790	IT	F&R	formal	multi	6.0	In bocca al lupo!	in bocca al lupo!
791	IT	F&R	formal	multi	3.4	Penso che tu abbia troppi problemi.	penso che ti fai troppi problemi!!
792	IT	F&R	formal	mt_gyafc	5.2	Non fare l' errore che facciamo tutte, di avere due piedi in una scarpa.	non fare però l'errore che facciamo tutte, di avere due piedi in una scarpa.
793	IT	F&R	formal	formal	5.0	Cara, se non ci dici almeno in via generale ciò che gli hai detto, non saremo in grado di aiutarti.	e cara ma se nn dici a grandi linee cs gli hai detto,,,,
794	IT	F&R	formal	rt	5.4	L'ho tenuto gelosamente segreto, ma tu hai rovinato tutto.	Lo tenevo gelosamente segreto invece tu hai rovinato tutto.
795	IT	F&R	formal	multi	4.6	Sì, se la coglie.	Ah, se la coglie.
796	IT	F&R	formal	backtranslate	6.0	Non c 'e' niente di sbagliato, non c 'e' eta 'per cominciare.	non c'è niente di sbagliato,non c'è età per cominciare
797	IT	F&R	formal	multi	5.4	Dipende dai momenti.	Dipende dai momenti :)
798	IT	F&R	formal	mt_gyafc	5.2	Queste sono cose che dicono in faccia.	Queste sono cose ke si dicono in faccia!!
799	IT	F&R	formal	multi	2.4	Il nome di Torino si e 'cosi' spesso, e meglio tenerle d' okkio.	ank io sn di torino si e vero capita spesso percio e meglio tenerle d'okkio
800	IT	F&R	formal	formal	4.2	Ti concedo di prenderla in sposa, a patto che tu la ami per tutta la vita.	Ti concedo di farlo,a patto di amarla per tutta la vita
801	IT	F&R	formal	mt_gyafc	4.8	Mi dispiace, ma se ti vorra 'tornera' da te.	mi dispiace ma dalle tempo se ti vorra tornera da te
802	IT	F&R	formal	backtranslate	6.0	Anzi stupenda!	!anzi stupenda!!
803	IT	F&R	formal	multi	5.8	Forse è timido, ma devi capire se parla poco per quello, o perché è cerebrolesomettilo alle strette.	magari è solo timido,ma devi capire se parla poco per quello,oppure perchè è cerebrolesomettilo alle strette!
804	IT	F&R	formal	rt	4.4	E cara, ma se non dici alle grandi linee, gli hai detto,	e cara ma se nn dici a grandi linee cs gli hai detto,,,,
805	IT	F&R	formal	rt	5.0	Queste sono cose che dici in faccia!	Queste sono cose ke si dicono in faccia!!
806	IT	F&R	formal	mt_gyafc	5.8	Anche se personalmente sono contro la violenza alle donne.	!anche se personalmente sono contro la violenza alle donne!
807	IT	F&R	formal	multi	2.0	E 'sempre il nome del solito altruista.	Cm sempre sn l solita altruista.
808	IT	F&R	formal	rt	5.4	Credo di dover darmi una mossa per ripulire prima che il pavimento assorba tutto!	penso che mi devo dare una mossa a pulire prima che il pavimento assorba il tutto !!
809	IT	F&R	formal	rule_based	5.8	Non cercarlo piu gli stai facendo solo del male.	non cercarlo piu gli stai facendo solo del male.
810	IT	F&R	formal	mt_gyafc	6.0	Un sabato d' autunno di alcuni anni fa mi voleva far fare 150km.	un sabato d'autunno di alcuni anni fa mi voleva far fare 150km.
811	IT	F&R	formal	multi	6.0	Prima cerca di sapere più cose possibili su ciò che le piace in un ragazzo.	prima cerca di sapere più cose possibili su ciò che le piace in un ragazzo.
812	IT	F&R	formal	multi	5.0	Lasciateli se non rischiate di soffrire, e se vi scoprono, sarà ancora peggio.	lasciateli se no rischiate di far soffrire pure loro e se vi scoprono sarà ancora peggio
813	IT	F&R	formal	rule_based	6.0	Lo tenevo gelosamente segreto invece tu hai rovinato tutto.	Lo tenevo gelosamente segreto invece tu hai rovinato tutto.
814	IT	F&R	formal	formal	4.6	Questa cosa è amara.	E' triste questa cosa qui.
815	IT	F&R	formal	multi	6.0	E 'triste questa cosa qui.	E' triste questa cosa qui.
816	IT	F&R	formal	rule_based	6.0	Direi tendenzialmente di no.	Direi tendenzialmente di no.
817	IT	F&R	formal	formal	5.6	Non devi etichettarmi come persona antipatica se non sposo le tue idee e le ritengo inappropriate.	Non reputarmi antipatico se non approvo qste cose, e se le giudico non appropriate!
818	IT	F&R	formal	mt_gyafc	2.6	Mi è piaciuto molto.	anke a me è successo!!
819	IT	F&R	formal	formal	5.2	Mi correggo, molto bella.	!anzi stupenda!!
820	IT	F&R	formal	multi	4.8	Queste sono cose che dicono in faccia.	Queste sono cose ke si dicono in faccia!!
821	IT	F&R	formal	formal	5.6	Non con questa premessa.	con questa premessa no!!
822	IT	F&R	formal	mt_gyafc	4.8	Meglio 1 pò di pancetta e tanta allegria ke 1 triste e insoddisfatta.	meglio 1 pò di pancetta e tanta allegria ke 1 triste e insoddisfatta ragazza pelle e ossa!
823	IT	F&R	formal	rt	6.0	Una ragazza sfuggente finisce sempre per intrigarti di piùCiao	Una ragazza sfuggente finisce sempre per intrigarti di piùCiao
824	IT	F&R	formal	backtranslate	4.6	Forse è solo timido, ma devi capire se parla poco per quello, o perché è un po 'strano.	magari è solo timido,ma devi capire se parla poco per quello,oppure perchè è cerebrolesomettilo alle strette!
825	IT	F&R	formal	backtranslate	5.2	Sì, se la persona ti garantisce che non ti amerà, ma non ha senso.	Si ma se la persona ti garantisce che non ti amerà ma inon ha senso
826	IT	F&R	formal	mt_gyafc	5.2	Lasciateli se no rischiate di far soffrire, e se vi scoprono, sarà ancora peggio.	lasciateli se no rischiate di far soffrire pure loro e se vi scoprono sarà ancora peggio
827	IT	F&R	formal	backtranslate	5.8	Per il regalo, se non lo sai, è inutile chiederlo!	per il regalo se non lo sai tu è inutile chiederlo!!!
828	IT	F&R	formal	rule_based	6.0	Dai la colpa a tutti e due a prescindere	Dai la colpa a tutti e due a prescindere
829	IT	F&R	formal	rt	5.2	Meglio 1 piccolo pancetta e tanta allegria ke 1 triste e insoddisfatto ragazza pelle e ossa!	meglio 1 pò di pancetta e tanta allegria ke 1 triste e insoddisfatta ragazza pelle e ossa!
830	IT	F&R	formal	formal	5.0	Forse più importanti?	"magari + importanti?"""
831	IT	F&R	formal	rule_based	5.8	Se il vostro uomo vi tradisce: uh x carita'!	se il vostro uomo vi tradisce: UH X CARITA'!!
832	IT	F&R	formal	mt_gyafc	3.8	Una ragazza sfuggente finisce sempre per il tuo tempo.	Una ragazza sfuggente finisce sempre per intrigarti di piùCiao
833	IT	F&R	formal	multi	5.6	Troppo antica per essere usata oggi, per fortuna i tempi cambiano.	Troppo antica per essere usata ancora oggi, per fortuna i tempi cambiano
834	IT	F&R	formal	formal	5.2	Sì, ma se la persona ti garantisce che non ti amerà, allora non ha senso.	Si ma se la persona ti garantisce che non ti amerà ma inon ha senso
835	IT	F&R	formal	multi	5.6	Non c' è niente di sbagliato, non c è età per cominciare.	non c'è niente di sbagliato,non c'è età per cominciare
836	IT	F&R	formal	formal	4.6	Nel caso in cui un ragazzo non ha interesse per la tua amicizia, è comprensibile che abbia di questi comportamenti.	Se un ragazzo nn vuole essere un tuo amico ma ben altro è normale ke si comporti così.
837	IT	F&R	formal	rt	5.4	Ank i sn di torino si e vero spesso accade così e meglio tenerli d'okkio	ank io sn di torino si e vero capita spesso percio e meglio tenerle d'okkio
838	IT	F&R	formal	rt	6.0	X me è solo una consolazione magra!	x me è solo una magra consolazione!!
839	IT	F&R	formal	multi	4.8	Mi dispiace, ma se ti vorra 'tornera' da te.	mi dispiace ma dalle tempo se ti vorra tornera da te
840	IT	F&R	formal	mt_gyafc	5.8	In genere, chi è più geloso nella coppia, è più propenso a tradire.	in genere chi è più geloso nella coppia è più propenso a  tradire
841	IT	F&R	formal	formal	4.4	Lo tenevo gelosamente segreto invece lei ha rovinato tutto.	Lo tenevo gelosamente segreto invece tu hai rovinato tutto.
842	IT	F&R	formal	formal	4.8	Solitamente, nella coppia, chi tende ad essere un più geloso è anche più propenso al tradimento.	in genere chi è più geloso nella coppia è più propenso a  tradire
843	IT	F&R	formal	rule_based	6.0	Ti concedo di farlo, a patto di amarla per tutta la vita	Ti concedo di farlo,a patto di amarla per tutta la vita
844	IT	F&R	formal	multi	5.2	Sì, ma non l' ho mai ricevuto.	Si ma ancora non l'ho mai ricevuto!
845	IT	F&R	formal	multi	4.4	Sai il detto' del male a nessuno dei figli?	sai  il  detto  'del  male  a  nessuno  dei  figli  a  tutti?'
846	IT	F&R	formal	rule_based	6.0	Vai al comune della tua città di residenza, la' ti sapranno ondicare tutto con precisione.	vai al comune della tua città di residenza, la' ti  sapranno ondicare tutto con precisione.
847	IT	F&R	formal	multi	6.0	Un sabato d' autunno di alcuni anni fa mi voleva far fare 150km.	un sabato d'autunno di alcuni anni fa mi voleva far fare 150km.
848	IT	F&R	formal	backtranslate	6.0	Ah, se la coglie.	Ah, se la coglie.
849	IT	F&R	formal	multi	3.6	Forse qualcuno si comporsse cosi 'con me.	aaa che carino, magari qualcuno si comporatsse cosi con me!!!
850	IT	F&R	formal	mt_gyafc	5.4	In cosa consiste questo divertimento?	in cosa consiste questo divertimento?ahahahahhahahaha
851	IT	F&R	formal	formal	5.4	Ti ringrazio. Auguro una buona notte anche a te.	grazie!una buona notte anche a te!
852	IT	F&R	formal	mt_gyafc	5.6	Per il regalo, se non lo sai, è inutile chiedere.	per il regalo se non lo sai tu è inutile chiederlo!!!
853	IT	F&R	formal	rt	4.0	Egli usa la scusa che vi vedete di nuovo dopo molto tempo e che avete bisogno di lui per animare la serata.	usa la scusa che vi rivedete dopo tanto tempo e che c'è bisogno di lui per  animare la serata.
854	IT	F&R	formal	rule_based	6.0	Queste sono cose ke si dicono in faccia!	Queste sono cose ke si dicono in faccia!!
855	IT	F&R	formal	backtranslate	6.0	Dai la colpa a tutti e due a prescindere.	Dai la colpa a tutti e due a prescindere
856	IT	F&R	formal	rt	5.0	Belle no, ma almeno una sincera buonanotte	belle no ma almeno una sincera goodnight
857	IT	F&R	formal	formal	5.0	Non vivere di ricordi!	Nn vivere dei ricordi del passato.
858	IT	F&R	formal	rule_based	6.0	Non c' è niente di sbagliato, non c' è età per cominciare	non c'è niente di sbagliato,non c'è età per cominciare
859	IT	F&R	formal	rt	5.6	Credimi, mio fratello ha fatto la stessa cosa, ora che lo vediamo una volta all'anno, ci ha praticamente mollati per lei.	Credimi, mio fratello ha fato la stessa cosa, ora lo vediamo una volta all'anno, ci ha praticamente scaricati per lei.
860	IT	F&R	formal	mt_gyafc	6.0	Direi tendenzialmente di no.	Direi tendenzialmente di no.
861	IT	F&R	formal	backtranslate	6.0	Non fasciarti la testa prima di rompertela.	non fasciarti la testa prima di rompertela.
862	IT	F&R	formal	multi	4.0	Dovresti fare la cosa giusta.	ma si fai la cosa giusta!
863	IT	F&R	formal	formal	4.6	Se lei è disponibile, considerala cosa fatta, se non lo è dovrai andare avanti senza di lei.	se ci sta è fatta altrimenti volta pagina!
864	IT	F&R	formal	rule_based	6.0	Per il regalo se non lo sai tu è inutile chiederlo!	per il regalo se non lo sai tu è inutile chiederlo!!!
865	IT	F&R	formal	multi	6.0	Grande Eldorado!	GRANDE ELDORADO!!!!!!!!!!!
866	IT	F&R	formal	multi	4.8	Prova a tirarlo fuori e vedi la reazione.	prova a tirartelo fuori e vedi la reazione!
867	IT	F&R	formal	mt_gyafc	5.6	Fra sei giorni è il mio compleanno.	fra sei giorni è il mio di compleanno.
868	IT	F&R	formal	backtranslate	6.0	Lo tenevo gelosamente segreto invece tu hai rovinato tutto.	Lo tenevo gelosamente segreto invece tu hai rovinato tutto.
869	IT	F&R	formal	backtranslate	5.8	In genere, chi e 'piu' geloso nella coppia e 'piu' propenso a tradire.	in genere chi è più geloso nella coppia è più propenso a  tradire
870	IT	F&R	formal	multi	5.6	"Dille: ""Ti amo!"""	dille: TI AMOOOOOOOOOOOOOOOOOOO!
871	IT	F&R	formal	rt	3.2	Mi dispiace, ma dategli tempo se volete tornare da voi	mi dispiace ma dalle tempo se ti vorra tornera da te
872	IT	F&R	formal	formal	5.8	Non commettere l'errore comune a tutte noialtre, di avere due piedi in una sola scarpa.	non fare però l'errore che facciamo tutte, di avere due piedi in una scarpa.
873	IT	F&R	formal	mt_gyafc	3.0	No, mi chiamo il mio ragazzo.	no m basta il my boy
874	IT	F&R	formal	rule_based	6.0	! auguri e che sia una unione felice	!auguri e che sia una unione felice
875	IT	F&R	formal	backtranslate	5.4	E 'stato solo dopo che ho avuto paura, forse anche adesso a ripensarci ma in quel momento no.	è stato solo dopo che ho avuto paura, forse anche adesso a ripensarci ma in quel momento no.
876	IT	F&R	formal	multi	6.0	Auguri e che sia una unione felice.	!auguri e che sia una unione felice
877	IT	F&R	formal	multi	5.8	In genere, chi e 'piu' geloso nella coppia, e 'piu' propenso a tradire.	in genere chi è più geloso nella coppia è più propenso a  tradire
878	IT	F&R	formal	formal	5.2	Di tutto quello che significa per ciascuno di noi.	di tutto quello che rappresenta per ognuno di noi
879	IT	F&R	formal	rule_based	6.0	Cm sempre sn l solita altruista.	Cm sempre sn l solita altruista.
880	IT	F&R	formal	backtranslate	6.0	Credimi, mio fratello ha fato la stessa cosa, ora lo vediamo una volta all' anno, ci ha praticamente scaricati per lei.	Credimi, mio fratello ha fato la stessa cosa, ora lo vediamo una volta all'anno, ci ha praticamente scaricati per lei.
881	IT	F&R	formal	rt	5.8	Spero presto!	Spero presto!!!!!
882	IT	F&R	formal	multi	5.8	Anche se personalmente sono contro la violenza alle donne.	!anche se personalmente sono contro la violenza alle donne!
883	IT	F&R	formal	backtranslate	6.0	Dipende da cosa gli piace e a cosa sei disposta te.	Dipende cosa gli piace a lui e a cosa sei disposta te!
884	IT	F&R	formal	multi	5.4	Quella che ho fatto domenica con il mio ragazzo.	quella che ho fatto domenica con il mio fidanzato!!
885	IT	F&R	formal	mt_gyafc	5.6	Se non vi sentite mai piano, si spegne, se ogni tanto vi trovate si può rinvigorire.	Se non vi sentite mai piano piano si spegne, se ogni tanto vi trovate si può rinvigorire.
886	IT	F&R	formal	multi	5.2	E in qualsiasi posto tu e lei vada bene, perkè l' importante è ke siete insieme e nessuno vi dà fastidio.	e in qualsiasi posto tu e lei andate va bene, perkè l'importante è ke siete assieme e nessuno vi disturba.
887	IT	F&R	formal	mt_gyafc	6.0	E 'bellissimo quello che fai.	è bellissimo quello che fai!!
888	IT	F&R	formal	mt_gyafc	5.8	Non vivere dei ricordi del passato.	Nn vivere dei ricordi del passato.
889	IT	F&R	formal	rt	5.2	Diretto da giuseppe tiralacqua e la straordinaria partecipazione di piero passamelacarta	regia di giuseppe tiralacqua e la straordinaria partecipazione di piero passamelacarta
890	IT	F&R	formal	mt_gyafc	5.0	Probabilmente sarò in abruzzo con mia moglie, ma non dove sei tu, speriamo che venga tanta di neve!	anche io probabilmente sarò in abruzzo con mia moglie, ma non dove sei tu, speriamo ne venga tanta di neve!
891	IT	F&R	formal	mt_gyafc	5.8	Prova a tirartelo fuori e vedi la reazione.	prova a tirartelo fuori e vedi la reazione!
892	IT	F&R	formal	rt	5.8	Non vivere di ricordi del passato.	Nn vivere dei ricordi del passato.
893	IT	F&R	formal	mt_gyafc	5.2	Dipende da cosa gli piace a lui e a cosa sei disposta a te.	Dipende cosa gli piace a lui e a cosa sei disposta te!
894	IT	F&R	formal	backtranslate	6.0	Troppo antica per essere usata ancora oggi, per fortuna i tempi cambiano.	Troppo antica per essere usata ancora oggi, per fortuna i tempi cambiano
895	IT	F&R	formal	formal	5.4	Quello che meriti è un uomo che sia solo per te!	MERITI UN UOMO TUTTO PER TE
896	IT	F&R	formal	formal	4.6	La tua idea di lasciarlo per soffrire una sola volta rivela la tua natura infantile ed egoista.	Hai detto che ogni tanto pensi di lasciarlo per soffrire una sola volta quindi oltre che infantile sei anche egoista.
897	IT	F&R	formal	backtranslate	5.6	Credo che mi devo dare una mossa a pulire prima che il pavimento assorba il tutto!	penso che mi devo dare una mossa a pulire prima che il pavimento assorba il tutto !!
898	IT	F&R	formal	formal	5.4	Se si tratta di un ragazzo, degli auguri molto dolci.	se è un raga degli auguri dolcissimi
899	IT	F&R	formal	backtranslate	5.8	Pagherei oro se il mio ragazzo la facesse dappertutto!	Io pagherei oro se il mio ragazzo la facesse dappertutto!!!
900	IT	F&R	formal	mt_gyafc	6.0	Non c è un modo preciso, l' unica cosa che ti può aiutare è il tempo.	non c'è un modo preciso, l' unica cosa che ti puo aiutare è il tempo.
901	IT	F&R	formal	backtranslate	5.8	Usa la scusa che vi rivedete dopo tanto tempo e che c 'e' bisogno di lui per animare la serata.	usa la scusa che vi rivedete dopo tanto tempo e che c'è bisogno di lui per  animare la serata.
902	IT	F&R	formal	rule_based	5.8	Molte volte si!	molte volte si!!!!
903	IT	F&R	formal	mt_gyafc	5.6	Vi auguro tanta felicità!	!Vi auguro tanta felicità!ciau
904	IT	F&R	formal	rt	4.0	Tuttavia deve essere dato via non vale la pena se si acquista da soli!	cmq bisogna che sia regalato non vale se te lo compri da sola!!
905	IT	F&R	formal	multi	5.2	Per la paura di soffrire, si fascia la testa!	quindi per la paura di soffrire si fascia la testa!!
906	IT	F&R	formal	backtranslate	5.8	Dipende dai momenti.	Dipende dai momenti :)
907	IT	F&R	formal	rt	4.4	Forse più importante?»	"magari + importanti?"""
908	IT	F&R	formal	backtranslate	5.6	Se e 'un RAGA degli auguri dolcissimi.	se è un raga degli auguri dolcissimi
909	IT	F&R	formal	rule_based	6.0	Io di belle domande ne ho viste tante; se fondi il movimento elettore io sono dei vostri.	Io di belle domande ne ho viste tante; se fondi il movimento elettore io sono dei vostri.
910	IT	F&R	formal	formal	5.2	Io pensò ciò. Mi scuso, poiché è insensato.	!questo penso--scusa---non ha senso---
911	IT	F&R	formal	mt_gyafc	5.8	A volte è difficile dimostrare ciò che si prova, xk se ne ha paura!	a volte è difficile dimostrare cio k si prova, xk se ne ha paura!
912	IT	F&R	formal	rt	4.8	! davvero stupenda!	!anzi stupenda!!
913	IT	F&R	formal	backtranslate	5.8	Lasciateli se no rischiate di far soffrire pure loro, e se vi scoprono sarà ancora peggio.	lasciateli se no rischiate di far soffrire pure loro e se vi scoprono sarà ancora peggio
914	IT	F&R	formal	multi	4.0	Non vale la pena se lo compri da sola.	cmq bisogna che sia regalato non vale se te lo compri da sola!!
915	IT	F&R	formal	multi	5.6	Probabilmente sarò in Abruzzo con mia moglie, ma non dove sei tu, speriamo che venga tanta di neve!	anche io probabilmente sarò in abruzzo con mia moglie, ma non dove sei tu, speriamo ne venga tanta di neve!
916	IT	F&R	formal	rt	4.8	Ah, lo prende.	Ah, se la coglie.
917	IT	F&R	formal	multi	6.0	Ti concedo di farlo, a patto di amarla per tutta la vita.	Ti concedo di farlo,a patto di amarla per tutta la vita
918	IT	F&R	formal	mt_gyafc	4.2	Forse è solo timido, ma devi capire se parla poco per quello.	magari è solo timido,ma devi capire se parla poco per quello,oppure perchè è cerebrolesomettilo alle strette!
919	IT	F&R	formal	multi	5.6	Mi metto due bocce e per te diventerò bellissima.	mi metto 2 bocce e per te diventerò bellissimA!!!
920	IT	F&R	formal	backtranslate	5.8	E comunque finchè ci saranno persone stupide ke le daranno corda (e ci saranno sempre) non abbasserà mai la cresta!	E cmq finchè ci saranno persone stupide ke le daranno corda (e ci saranno sempre) non abbasserà mai la cresta!
921	IT	F&R	formal	rt	4.8	E' stato solo dopo che mi sono spaventato, forse anche ora per ripensarci, ma in quel momento non lo era.	è stato solo dopo che ho avuto paura, forse anche adesso a ripensarci ma in quel momento no.
922	IT	F&R	formal	multi	6.0	Grazie, una buona notte anche a te!	grazie!una buona notte anche a te!
923	IT	F&R	formal	formal	5.0	Là. Cosa mi rattrista, ma prova a darle del tempo e se ti vorrà tornerà da te.	mi dispiace ma dalle tempo se ti vorra tornera da te
924	IT	F&R	formal	rule_based	6.0	Io pagherei oro se il mio ragazzo la facesse dappertutto!	Io pagherei oro se il mio ragazzo la facesse dappertutto!!!
925	IT	F&R	formal	mt_gyafc	4.2	Se un uomo non vuole essere un amico, ma ben altro è normale.	Se un ragazzo nn vuole essere un tuo amico ma ben altro è normale ke si comporti così.
926	IT	F&R	formal	rule_based	5.8	A volte è difficile dimostrare cio chi si prova, xk se ne ha paura!	a volte è difficile dimostrare cio k si prova, xk se ne ha paura!
927	IT	F&R	formal	backtranslate	5.4	"Dille: ""Ti amo!"""	dille: TI AMOOOOOOOOOOOOOOOOOOO!
928	IT	F&R	formal	formal	5.2	Non ci sono posti in cui portarla che non siano validi, ciò che conta davvero è lo stare insieme indisturbati.	e in qualsiasi posto tu e lei andate va bene, perkè l'importante è ke siete assieme e nessuno vi disturba.
929	IT	F&R	formal	backtranslate	5.8	Vedrai ke c divertiremo.	"vedrai ke c divertiremo!"""
930	IT	F&R	formal	formal	5.6	Regia di Giuseppe Tiralacqua, con la partecipazione straordinaria di Piero Passamelacarta.	regia di giuseppe tiralacqua e la straordinaria partecipazione di piero passamelacarta
931	IT	F&R	formal	rule_based	5.8	Anche io probabilmente sarò in abruzzo con mia moglie, ma non dove sei tu, speriamo ne venga tanta di neve!	anche io probabilmente sarò in abruzzo con mia moglie, ma non dove sei tu, speriamo ne venga tanta di neve!
932	IT	F&R	formal	backtranslate	5.2	In cosa consiste questo divertimento?	in cosa consiste questo divertimento?ahahahahhahahaha
933	IT	F&R	formal	formal	5.2	Come prima cosa cerca di venire a conoscenza di quante più cose possibili in quanto ai suoi gusti in fatto di ragazzi.	prima cerca di sapere più cose possibili su ciò che le piace in un ragazzo.
934	IT	F&R	formal	rule_based	6.0	Con questa premessa no!	con questa premessa no!!
935	IT	F&R	formal	formal	5.4	Nell'evenienza in cui tu non fossi di suo gradimento, lascialo e non contattarlo così risparmierai lacrime e sofferenza.	Se lui non ti vuole scaricalo subito e non lo sentire più ( così soffri di meno) .
936	IT	F&R	formal	formal	4.8	Il mio fidanzato è tutto ciò di cui ho bisogno.	no m basta il my boy
937	IT	F&R	formal	rt	5.4	E comunque finché ci sono persone stupide ke daranno loro la corda (e ci sarà sempre) non abbasserà mai la cresta!	E cmq finchè ci saranno persone stupide ke le daranno corda (e ci saranno sempre) non abbasserà mai la cresta!
938	IT	F&R	formal	rt	5.0	Non fasciare la testa prima di romperla.	non fasciarti la testa prima di rompertela.
939	IT	F&R	formal	multi	3.8	Se il tuo uomo ti tradisce, allora la carita '.	se il vostro uomo vi tradisce: UH X CARITA'!!
940	IT	F&R	formal	rt	4.0	Hai detto che ogni tanto pensi di lasciarlo soffrire solo una volta così oltre infantile sei anche egoista.	Hai detto che ogni tanto pensi di lasciarlo per soffrire una sola volta quindi oltre che infantile sei anche egoista.
941	IT	F&R	formal	rt	4.6	Allora decidi se restare lì o meno	poi decidi tu se starci o meno
942	IT	F&R	formal	rule_based	6.0	Si ma se la persona ti garantisce che non ti amerà ma inon ha senso	Si ma se la persona ti garantisce che non ti amerà ma inon ha senso
943	IT	F&R	formal	rule_based	5.8	Spero presto!	Spero presto!!!!!
944	IT	F&R	formal	rule_based	6.0	Ognuno di noi abbiamo qlc che gli altri non hanno e sicuramente saranno gli altri ad invidiarti	ognuno di noi abbiamo qlc che gli altri non hanno e sicuramente saranno gli altri ad invidiarti
945	IT	F&R	formal	multi	5.2	Dipende da cosa gli piace a lui e a cosa sei disposta a te.	Dipende cosa gli piace a lui e a cosa sei disposta te!
946	IT	F&R	formal	rule_based	6.0	No mi basta il my boy	no m basta il my boy
947	IT	F&R	formal	backtranslate	6.0	Un sabato d' autunno di alcuni anni fa mi voleva far fare 150km.	un sabato d'autunno di alcuni anni fa mi voleva far fare 150km.
948	IT	F&R	formal	mt_gyafc	6.0	Spero presto!	Spero presto!!!!!
949	IT	F&R	formal	backtranslate	5.8	Sai il detto' del male a nessuno dei figli a tutti?	sai  il  detto  'del  male  a  nessuno  dei  figli  a  tutti?'
950	IT	F&R	formal	formal	4.6	Ti raccomando di lasciarli altrimenti sarete causa anche della loro di sofferenza e se verrete scoperti gli eventi precipiteranno.	lasciateli se no rischiate di far soffrire pure loro e se vi scoprono sarà ancora peggio
951	IT	F&R	formal	mt_gyafc	6.0	Troppo antica per essere usata ancora oggi, per fortuna i tempi cambiano.	Troppo antica per essere usata ancora oggi, per fortuna i tempi cambiano
952	IT	F&R	formal	rt	3.8	! desidera e possa essere un'unione felice	!auguri e che sia una unione felice
953	IT	F&R	formal	formal	4.8	A seconda del momento.	Dipende dai momenti :)
954	IT	F&R	formal	backtranslate	5.2	Prima cerca di sapere più cose possibili su ciò che le piace in un uomo.	prima cerca di sapere più cose possibili su ciò che le piace in un ragazzo.
955	IT	F&R	formal	formal	5.0	Personalmente sono contrario alla violenza sulle donne.	!anche se personalmente sono contro la violenza alle donne!
956	IT	F&R	formal	backtranslate	5.6	Credo che finirebbe in galera!	penso finirebbe in galera!
957	IT	F&R	formal	backtranslate	5.6	No, mi basta il mio ragazzo.	no m basta il my boy
958	IT	F&R	formal	rule_based	6.0	Un sabato d'autunno di alcuni anni fa mi voleva far fare 150km.	un sabato d'autunno di alcuni anni fa mi voleva far fare 150km.
959	IT	F&R	formal	backtranslate	6.0	Con questa premessa no!	con questa premessa no!!
960	IT	F&R	formal	backtranslate	6.0	Quindi per la paura di soffrire si fascia la testa!	quindi per la paura di soffrire si fascia la testa!!
961	IT	F&R	formal	multi	5.4	Credo che finirebbe in galera.	penso finirebbe in galera!
962	IT	F&R	formal	multi	4.0	Ho passato male.	io l' ho trascorso male
963	IT	F&R	formal	backtranslate	5.4	Se le piaci, non rifiuterà il tuo corteggiamento. Falle capire che ti piace.	Se le piaci non rifiuterà il tuo corteggiamento qnd falle capire ke lei ti piace
964	IT	F&R	formal	backtranslate	6.0	Ognuno di noi abbiamo qlc che gli altri non hanno e sicuramente saranno gli altri ad invidiarti.	ognuno di noi abbiamo qlc che gli altri non hanno e sicuramente saranno gli altri ad invidiarti
965	IT	F&R	formal	multi	5.4	Mi apparto e la faccio felice.	Mi ci apparto e la faccio felice.
966	IT	F&R	formal	multi	6.0	E 'bellissimo quello che fai.	è bellissimo quello che fai!!
967	IT	F&R	formal	rule_based	5.8	Ank io sn di torino si e vero capita spesso percio e meglio tenerle d'okkio	ank io sn di torino si e vero capita spesso percio e meglio tenerle d'okkio
968	IT	F&R	formal	rule_based	5.8	In genere chi è più geloso nella coppia è più propenso a tradire	in genere chi è più geloso nella coppia è più propenso a  tradire
969	IT	F&R	formal	backtranslate	5.8	Comunque va bene in qualsiasi momento dell' anno, meglio se continuativamente.	Cmq va bene in qualsiasi momento dell'anno, meglio se continuativamente.
970	IT	F&R	formal	multi	5.4	Prima di tt, digli che il postino ke si facesse gli affaracci, poi diglielo a tua madre. Non potrà mai squartarti.	prima di tt digli al postino ke si facesse gli affaracci suoi, poi diglielo a tua madre, non potrà mica squartarti!
971	IT	F&R	formal	formal	5.2	Rimani sempre così e non cambiare mai, sei assolutamente nella norma.	rimani sempre cosi non cambiare maisei normalissima
972	IT	F&R	formal	mt_gyafc	5.6	Dimenticavo auguriciao lollina (lory) non riesco a contattarti, forse ho sbagliato indirizzo!	?dimenticavo AUGURIciao lollina (lory) non riesco a contattarti ,forse ho sbagliato indirizzo !
973	IT	F&R	formal	formal	5.6	Molteplici volte sì!	molte volte si!!!!
974	IT	F&R	formal	rt	6.0	Quello che ho fatto domenica con il mio fidanzato!	quella che ho fatto domenica con il mio fidanzato!!
975	IT	F&R	formal	rule_based	6.0	Quella che ho fatto domenica con il mio fidanzato!	quella che ho fatto domenica con il mio fidanzato!!
976	IT	F&R	formal	multi	6.0	Direi tendenzialmente di no.	Direi tendenzialmente di no.
977	IT	F&R	formal	mt_gyafc	5.8	Non c è niente di sbagliato, non c è età per cominciare.	non c'è niente di sbagliato,non c'è età per cominciare
978	IT	F&R	formal	backtranslate	5.8	Divertiti, baciotto!	!Divertiti, un baciotto!
979	IT	F&R	formal	rule_based	6.0	Penso finirebbe in galera!	penso finirebbe in galera!
980	IT	F&R	formal	rt	3.4	Conosci la parola del male a nessuno dei bambini? '	sai  il  detto  'del  male  a  nessuno  dei  figli  a  tutti?'
981	IT	F&R	formal	mt_gyafc	6.0	Prima cerca di sapere più cose possibili su ciò che le piace in un ragazzo.	prima cerca di sapere più cose possibili su ciò che le piace in un ragazzo.
982	IT	F&R	formal	rt	5.6	? a mio parere sarebbe la soluzione migliore!	?secondo me sarebbe la migliore soluzione!
983	IT	F&R	formal	mt_gyafc	5.8	Cara, ma se non dici a grandi linee cs gli hai detto.	e cara ma se nn dici a grandi linee cs gli hai detto,,,,
984	IT	F&R	formal	mt_gyafc	5.8	Quella che ho fatto domenica con il mio ragazzo.	quella che ho fatto domenica con il mio fidanzato!!
985	IT	F&R	formal	rt	5.4	Ognuno di noi ha qlc che gli altri non hanno e sicuramente gli altri ti invidieranno	ognuno di noi abbiamo qlc che gli altri non hanno e sicuramente saranno gli altri ad invidiarti
986	IT	F&R	formal	backtranslate	5.4	Se il tuo uomo ti tradisce, uh x carita '!	se il vostro uomo vi tradisce: UH X CARITA'!!
987	IT	F&R	formal	rt	3.2	Appartengo ad esso e la rendo felice.	Mi ci apparto e la faccio felice.
988	IT	F&R	formal	multi	6.0	Vedrai ke c divertiremo!	"vedrai ke c divertiremo!"""
989	IT	F&R	formal	rt	5.4	Ti concedo di farlo, fintanto che la ami per tutta la vita.	Ti concedo di farlo,a patto di amarla per tutta la vita
990	IT	F&R	formal	rule_based	5.8	Comunque bisogna che sia regalato non vale se te lo compri da sola!	cmq bisogna che sia regalato non vale se te lo compri da sola!!
991	IT	F&R	formal	rt	5.2	Buona fortuna!	in bocca al lupo!
992	IT	F&R	formal	rt	4.2	In genere coloro che sono più gelosi nella coppia hanno maggiori probabilità di imbrogliare	in genere chi è più geloso nella coppia è più propenso a  tradire
993	IT	F&R	formal	rule_based	6.0	Dipende dai momenti:)	Dipende dai momenti :)
994	IT	F&R	formal	multi	5.2	Quando ragiono con la mia testa, ho perso un sacco di amici.	"Da quando ragiono con la mia testa ho perso un sacco di ""amici""!"
995	IT	F&R	formal	multi	5.8	A volte è difficile dimostrare ciò che si prova, XK se ne ha paura!	a volte è difficile dimostrare cio k si prova, xk se ne ha paura!
996	IT	F&R	formal	rt	3.4	Quindi, per la paura di soffrire, ti allaccia la testa!	quindi per la paura di soffrire si fascia la testa!!
997	IT	F&R	formal	rule_based	5.8	Mi metto 2 bocce e per te diventerò bellissima!	mi metto 2 bocce e per te diventerò bellissimA!!!
998	IT	F&R	formal	rule_based	6.0	Dalle un bacio e basta, non dirle nulla!	Dalle un bacio e basta, non dirle nulla!
999	IT	F&R	formal	multi	5.8	Non vivere dei ricordi del passato.	Nn vivere dei ricordi del passato.
1000	IT	F&R	formal	backtranslate	5.0	Mi dispiace, ma non ha senso.	!questo penso--scusa---non ha senso---
1001	IT	F&R	formal	backtranslate	6.0	Penso che ti faccia troppi problemi.	penso che ti fai troppi problemi!!
1002	IT	F&R	formal	rt	3.6	Spero che non lo vogliano dire.	Spero che non dicano sul serio.
1003	IT	F&R	formal	mt_gyafc	5.8	In bocca al lupo.	in bocca al lupo!
1004	IT	F&R	formal	rule_based	6.0	Magari è solo timido, ma devi capire se parla poco per quello, oppure perchè è cerebrolesomettilo alle strette!	magari è solo timido,ma devi capire se parla poco per quello,oppure perchè è cerebrolesomettilo alle strette!
1005	IT	F&R	formal	multi	6.0	Se è un RAGA degli auguri dolcissimi.	se è un raga degli auguri dolcissimi
1006	IT	F&R	formal	backtranslate	5.6	A volte è difficile dimostrare cio 'chi si prova, XK se ne ha paura!	a volte è difficile dimostrare cio k si prova, xk se ne ha paura!
1007	IT	F&R	formal	rt	6.0	Meriti un uomo tutto per te	MERITI UN UOMO TUTTO PER TE
1008	IT	F&R	formal	backtranslate	2.6	"Regia di un po 'di un po' di un po 'di un po' di un sacco di fan di ""Sono"" di ""Sare Witalacqua"" e ""La straordinaria partecipazione di Piero passamelacarta"	regia di giuseppe tiralacqua e la straordinaria partecipazione di piero passamelacarta
1009	IT	F&R	formal	mt_gyafc	5.2	Decidi se starci o meno.	poi decidi tu se starci o meno
1010	IT	F&R	formal	backtranslate	5.8	Dimenticavo auguriciao lollina (lory) non riesco a contattarti, forse ho sbagliato indirizzo!	?dimenticavo AUGURIciao lollina (lory) non riesco a contattarti ,forse ho sbagliato indirizzo !
1011	IT	F&R	formal	rt	3.6	Se si tratta di una raga di dolci saluti	se è un raga degli auguri dolcissimi
1012	IT	F&R	formal	rt	5.8	Dille: ti amo!	dille: TI AMOOOOOOOOOOOOOOOOOOO!
1013	IT	F&R	formal	mt_gyafc	1.0	E 'tutto quello che devi fare e' andare avanti.	e in qualsiasi posto tu e lei andate va bene, perkè l'importante è ke siete assieme e nessuno vi disturba.
1014	IT	F&R	formal	mt_gyafc	5.6	"Dille: ""Ti amo!"""	dille: TI AMOOOOOOOOOOOOOOOOOOO!
1015	IT	F&R	formal	rule_based	6.0	Penso che mi devo dare una mossa a pulire prima che il pavimento assorba il tutto!	penso che mi devo dare una mossa a pulire prima che il pavimento assorba il tutto !!
1016	IT	F&R	formal	rt	6.0	Grazie! una buona notte anche a te!	grazie!una buona notte anche a te!
1017	IT	F&R	formal	multi	3.8	Si prega di prendere una sorpresa, tuttavia, abitavo a Udine lei a Basilea, erano quasi 880km.	arrivare a sorpresa,però io abitavo a udine lei a basilea,erano quasi 880km
1018	IT	F&R	formal	multi	5.8	Tra 6 giorni è il mio compleanno.	fra sei giorni è il mio di compleanno.
1019	IT	F&R	formal	mt_gyafc	6.0	Hai detto che ogni tanto pensi di lasciarlo per soffrire una sola volta, quindi oltre che infantile sei anche egoista.	Hai detto che ogni tanto pensi di lasciarlo per soffrire una sola volta quindi oltre che infantile sei anche egoista.
1020	IT	F&R	formal	backtranslate	6.0	Ti concedo di farlo, a patto di amarla per tutta la vita.	Ti concedo di farlo,a patto di amarla per tutta la vita
1021	IT	F&R	formal	rule_based	5.8	E comunque finchè ci saranno persone stupide ke le daranno corda( e ci saranno sempre) non abbasserà mai la cresta!	E cmq finchè ci saranno persone stupide ke le daranno corda (e ci saranno sempre) non abbasserà mai la cresta!
1022	IT	F&R	formal	rule_based	6.0	Usa la scusa che vi rivedete dopo tanto tempo e che c' è bisogno di lui per animare la serata.	usa la scusa che vi rivedete dopo tanto tempo e che c'è bisogno di lui per  animare la serata.
1023	IT	F&R	formal	mt_gyafc	5.8	Molte volte si '.	molte volte si!!!!
1024	IT	F&R	formal	backtranslate	6.0	Non vivere dei ricordi del passato.	Nn vivere dei ricordi del passato.
1025	IT	F&R	formal	multi	4.4	Se un ragazzo non vuole essere un tuo amico, ma ben altro è normale.	Se un ragazzo nn vuole essere un tuo amico ma ben altro è normale ke si comporti così.
1026	IT	F&R	formal	rule_based	6.0	Fra sei giorni è il mio di compleanno.	fra sei giorni è il mio di compleanno.
1027	IT	F&R	formal	multi	6.0	Non fasciarti la testa prima di rompertela.	non fasciarti la testa prima di rompertela.
1028	IT	F&R	formal	multi	4.6	Non cercare più gli stai facendo del male.	non cercarlo piu gli stai facendo solo del male.
1029	IT	F&R	formal	rule_based	5.8	Magari più importanti?''	"magari + importanti?"""
1030	IT	F&R	formal	rt	5.8	Grande eldorado!	GRANDE ELDORADO!!!!!!!!!!!
1031	IT	F&R	formal	rt	4.6	Prima di dirgli che il postino Ke ha avuto i suoi affari, poi digli che tua madre non sarà in grado di incastrarti!	prima di tt digli al postino ke si facesse gli affaracci suoi, poi diglielo a tua madre, non potrà mica squartarti!
1032	IT	F&R	formal	rt	5.4	Per il regalo se non lo sai sei inutile chiedere!	per il regalo se non lo sai tu è inutile chiederlo!!!
1033	IT	F&R	formal	multi	5.8	Non fare l' errore che facciamo tutti, di avere due piedi in una scarpa.	non fare però l'errore che facciamo tutte, di avere due piedi in una scarpa.
1034	IT	F&R	formal	rule_based	6.0	Grande eldorado!	GRANDE ELDORADO!!!!!!!!!!!
1035	IT	F&R	formal	multi	5.8	Comunque, va bene in qualsiasi momento dell' anno, meglio se continuativamente.	Cmq va bene in qualsiasi momento dell'anno, meglio se continuativamente.
1036	IT	F&R	formal	formal	5.0	Un sabato d'autunno di alcuni anni fa intendeva farmi percorrere 150 silometri.	un sabato d'autunno di alcuni anni fa mi voleva far fare 150km.
1037	IT	F&R	formal	multi	5.6	Una ragazza sfuggente finisce sempre per intrigarti di piùhi.	Una ragazza sfuggente finisce sempre per intrigarti di piùCiao
1038	IT	F&R	formal	formal	5.8	Penso che ti preoccupi inutilmente.	penso che ti fai troppi problemi!!
1039	IT	F&R	formal	backtranslate	5.8	Da quando ragiono con la mia testa ho perso molti amici.	"Da quando ragiono con la mia testa ho perso un sacco di ""amici""!"
1040	IT	F&R	formal	formal	3.6	La faccio felice trascinandola in disparte.	Mi ci apparto e la faccio felice.
1041	IT	F&R	formal	backtranslate	6.0	Meglio 1 pò di pancetta e tanta allegria ke 1 triste e insoddisfatta ragazza pelle e ossa!	meglio 1 pò di pancetta e tanta allegria ke 1 triste e insoddisfatta ragazza pelle e ossa!
1042	IT	F&R	formal	mt_gyafc	6.0	Vedrai ke c divertiremo!	"vedrai ke c divertiremo!"""
1043	IT	F&R	formal	rule_based	6.0	! questo penso-scusa-non ha senso-	!questo penso--scusa---non ha senso---
1044	IT	F&R	formal	backtranslate	4.0	Ank io nome di Torino si e vero capita spesso percio e meglio tenerle d' okkio.	ank io sn di torino si e vero capita spesso percio e meglio tenerle d'okkio
1045	IT	F&R	formal	rt	6.0	Rimani sempre così non cambiare maisei normalissima	rimani sempre cosi non cambiare maisei normalissima
1046	IT	F&R	formal	mt_gyafc	4.8	Se ci sta e 'fatta, allora vai avanti.	se ci sta è fatta altrimenti volta pagina!
1047	IT	F&R	formal	backtranslate	5.8	Belle no, ma almeno una sincera Goodnight.	belle no ma almeno una sincera goodnight
1048	IT	F&R	formal	rule_based	6.0	E cara ma se non dici a grandi linee cs gli hai detto,	e cara ma se nn dici a grandi linee cs gli hai detto,,,,
1049	IT	F&R	formal	rt	5.2	Se un ragazzo non vuole essere un tuo amico, ma molto altro è normale ke comportarsi così.	Se un ragazzo nn vuole essere un tuo amico ma ben altro è normale ke si comporti così.
1050	IT	F&R	formal	rt	2.6	Ho messo su 2 ciotole e per te diventerò bello!	mi metto 2 bocce e per te diventerò bellissimA!!!
1051	IT	F&R	formal	rt	6.0	Anche io probabilmente sarò in abruzzo con mia moglie, ma non dove sei, speriamo che arrivi tanta neve!	anche io probabilmente sarò in abruzzo con mia moglie, ma non dove sei tu, speriamo ne venga tanta di neve!
1052	IT	F&R	formal	multi	6.0	Regia di giuseppe tiralacqua e la straordinaria partecipazione di piero passamelacarta.	regia di giuseppe tiralacqua e la straordinaria partecipazione di piero passamelacarta
1053	IT	F&R	formal	rule_based	6.0	Penso che ti fai troppi problemi!	penso che ti fai troppi problemi!!
1054	IT	F&R	formal	formal	5.2	Se non mantenete vivo il dialogo almeno a distanza il rapporto pian piano si affievolisce, se però di tanto in tanto vi incontrate potete rinvigorirlo.	Se non vi sentite mai piano piano si spegne, se ogni tanto vi trovate si può rinvigorire.
1055	IT	F&R	formal	rule_based	6.0	In cosa consiste questo divertimento? ahahahahhahahaha	in cosa consiste questo divertimento?ahahahahhahahaha
1056	IT	F&R	formal	rule_based	6.0	Dipende cosa gli piace a lui e a cosa sei disposta te!	Dipende cosa gli piace a lui e a cosa sei disposta te!
1057	IT	F&R	formal	formal	5.2	Ognuno di noi possiede una qualche capacità estranea agli altri, i quali sicuramente te la invidiano.	ognuno di noi abbiamo qlc che gli altri non hanno e sicuramente saranno gli altri ad invidiarti
1058	IT	F&R	formal	formal	5.4	Mi auguro che stiano scherzando.	Spero che non dicano sul serio.
1059	IT	F&R	formal	mt_gyafc	5.0	Se le piaci, non rifiuterà il tuo corteggiamento.	Se le piaci non rifiuterà il tuo corteggiamento qnd falle capire ke lei ti piace
1060	IT	F&R	formal	rule_based	6.0	Regia di giuseppe tiralacqua e la straordinaria partecipazione di piero passamelacarta	regia di giuseppe tiralacqua e la straordinaria partecipazione di piero passamelacarta
1061	IT	F&R	formal	multi	6.0	X me è solo una magra consolazione!	x me è solo una magra consolazione!!
1062	IT	F&R	formal	backtranslate	5.6	Decidi se starci o meno.	poi decidi tu se starci o meno
1063	IT	F&R	formal	rt	6.0	Dipende dai momenti:)	Dipende dai momenti :)
1064	IT	F&R	formal	backtranslate	5.2	Vi auguro tanta felicità!	!Vi auguro tanta felicità!ciau
1065	IT	F&R	formal	mt_gyafc	4.0	Inizia con un dito poi con due poi con un po 'di pazienza.	inizia con un dito poi con due poi con un po di  pazienza perseveranza e lubrificante   vedrai che accetterà
1066	IT	F&R	formal	rule_based	6.0	Troppo antica per essere usata ancora oggi, per fortuna i tempi cambiano	Troppo antica per essere usata ancora oggi, per fortuna i tempi cambiano
1067	IT	F&R	formal	multi	5.8	Secondo me, sarebbe la soluzione migliore.	?secondo me sarebbe la migliore soluzione!
1068	IT	F&R	formal	rule_based	6.0	! anzi stupenda!	!anzi stupenda!!
1069	IT	F&R	formal	mt_gyafc	4.6	Sì, se la coglie.	Ah, se la coglie.
1070	IT	F&R	formal	multi	6.0	Con questa premessa no!	con questa premessa no!!
1071	IT	F&R	formal	rt	5.8	Vedrai ke c ci divertiremo!»	"vedrai ke c divertiremo!"""
1072	IT	F&R	formal	rt	5.8	Se non ti senti mai lentamente si spegne, se ti ritrovi ogni tanto puoi rinvigorire.	Se non vi sentite mai piano piano si spegne, se ogni tanto vi trovate si può rinvigorire.
1073	IT	F&R	formal	rt	5.6	E ovunque tu e lei andate va bene, perché la cosa importante è che siete insieme e nessuno vi dà fastidio.	e in qualsiasi posto tu e lei andate va bene, perkè l'importante è ke siete assieme e nessuno vi disturba.
1074	IT	F&R	formal	multi	6.0	Spero che non dicano sul serio.	Spero che non dicano sul serio.
1075	IT	F&R	formal	backtranslate	6.0	Molte volte si!	molte volte si!!!!
1076	IT	F&R	formal	backtranslate	6.0	Anche se personalmente, sono contro la violenza alle donne.	!anche se personalmente sono contro la violenza alle donne!
1077	IT	F&R	formal	formal	5.6	"Conosci il proverbio che recita ""del male a nessuno dei figli a tutti""?"	sai  il  detto  'del  male  a  nessuno  dei  figli  a  tutti?'
1078	IT	F&R	formal	mt_gyafc	5.2	Datele un bacio e basta, non dirle nulla.	Dalle un bacio e basta, non dirle nulla!
1079	IT	F&R	formal	rt	4.6	Per arrivare sorpresa, ma ho vissuto a udine lei a Basilea, erano quasi 880km	arrivare a sorpresa,però io abitavo a udine lei a basilea,erano quasi 880km
1080	IT	F&R	formal	formal	5.6	Dimenticato, auguri! Ciao Lollina (Lory), non riesco a contattarti, forse ho sbagliato indirizzo!	?dimenticavo AUGURIciao lollina (lory) non riesco a contattarti ,forse ho sbagliato indirizzo !
1081	IT	F&R	formal	mt_gyafc	5.8	Grazie! Una buona notte anche a te.	grazie!una buona notte anche a te!
1082	IT	F&R	formal	rt	6.0	Baciala e basta, non dirle niente!	Dalle un bacio e basta, non dirle nulla!
1083	IT	F&R	formal	rt	6.0	Inizia con un dito poi con due poi con un po 'di pazienza perseveranza e lubrificante vedrai che accetterà	inizia con un dito poi con due poi con un po di  pazienza perseveranza e lubrificante   vedrai che accetterà
1084	IT	F&R	formal	mt_gyafc	1.8	Se non è una cosa del genere, non è una cosa del genere.	Non reputarmi antipatico se non approvo qste cose, e se le giudico non appropriate!
1085	IT	F&R	formal	formal	5.0	Se il vostro compagno è infedele, lasciatelo stare!	se il vostro uomo vi tradisce: UH X CARITA'!!
1086	IT	F&R	formal	multi	3.8	Un po 'di pancetta e tanta allegria ke 1 triste e insoddisfatta.	meglio 1 pò di pancetta e tanta allegria ke 1 triste e insoddisfatta ragazza pelle e ossa!
1087	IT	F&R	formal	rule_based	6.0	Se un ragazzo non vuole essere un tuo amico ma ben altro è normale ke si comporti così.	Se un ragazzo nn vuole essere un tuo amico ma ben altro è normale ke si comporti così.
1088	IT	F&R	formal	backtranslate	4.8	Non fare però l' errore che facciamo tutte, di avere due metri in una scarpa.	non fare però l'errore che facciamo tutte, di avere due piedi in una scarpa.
1089	IT	F&R	formal	rt	6.0	In cosa consiste questo divertimento? ahahahahahahahaha	in cosa consiste questo divertimento?ahahahahhahahaha
1090	IT	F&R	formal	mt_gyafc	6.0	Spero che non dicano sul serio.	Spero che non dicano sul serio.
1091	IT	F&R	formal	backtranslate	6.0	Se lui non ti vuole scaricarlo subito e non lo sentire più (così soffri di meno).	Se lui non ti vuole scaricalo subito e non lo sentire più ( così soffri di meno) .
1092	IT	F&R	formal	formal	5.8	Utilizza il pretesto del rivedervi dopo tanto tempo e che ci sia bisogno di lui per rendere più viva la serata.	usa la scusa che vi rivedete dopo tanto tempo e che c'è bisogno di lui per  animare la serata.
1093	IT	F&R	formal	mt_gyafc	6.0	X me è solo una magra consolazione!	x me è solo una magra consolazione!!
1094	IT	F&R	formal	rule_based	6.0	Se non vi sentite mai piano piano si spegne, se ogni tanto vi trovate si può rinvigorire.	Se non vi sentite mai piano piano si spegne, se ogni tanto vi trovate si può rinvigorire.
1095	IT	F&R	formal	formal	5.6	Non trovo nulla di sbagliato in questo, non esiste un'età giusta per cominciare.	non c'è niente di sbagliato,non c'è età per cominciare
1096	IT	F&R	formal	backtranslate	6.0	In bocca al lupo!	in bocca al lupo!
1097	IT	F&R	formal	backtranslate	6.0	Se non vi sentite mai piano piano si spegne, se ogni tanto vi trovate si puo 'rinvigorire.	Se non vi sentite mai piano piano si spegne, se ogni tanto vi trovate si può rinvigorire.
1098	IT	F&R	formal	rt	6.0	Penso che finirebbe in prigione!	penso finirebbe in galera!
1099	IT	F&R	formal	formal	5.4	Preferisco avere qualche chilo in più ed essere allegra, piuttosto che essere una ragazza magrissima triste e insoddisfatta.	meglio 1 pò di pancetta e tanta allegria ke 1 triste e insoddisfatta ragazza pelle e ossa!
1100	IT	F&R	formal	mt_gyafc	5.6	Le belle domande ne ho viste tante, se fondi il movimento elettore sono dei vostri.	Io di belle domande ne ho viste tante; se fondi il movimento elettore io sono dei vostri.
1101	IT	F&R	formal	mt_gyafc	4.8	Non vale la pena se lo compri da sola.	cmq bisogna che sia regalato non vale se te lo compri da sola!!
1102	IT	F&R	formal	multi	4.6	Mi è successo Anke.	anke a me è successo!!
1103	IT	F&R	formal	rule_based	6.0	Hai detto che ogni tanto pensi di lasciarlo per soffrire una sola volta quindi oltre che infantile sei anche egoista.	Hai detto che ogni tanto pensi di lasciarlo per soffrire una sola volta quindi oltre che infantile sei anche egoista.
1104	IT	F&R	formal	rule_based	6.0	? dimenticavo auguriciao lollina( lory) non riesco a contattarti, forse ho sbagliato indirizzo!	?dimenticavo AUGURIciao lollina (lory) non riesco a contattarti ,forse ho sbagliato indirizzo !
1105	IT	F&R	formal	mt_gyafc	5.2	Fai la cosa giusta.	ma si fai la cosa giusta!
1106	IT	F&R	formal	backtranslate	5.8	Fra sei giorni e 'il mio di compleanno.	fra sei giorni è il mio di compleanno.
1107	IT	F&R	formal	rt	6.0	Tra sei giorni, e' il mio compleanno.	fra sei giorni è il mio di compleanno.
1108	IT	F&R	formal	mt_gyafc	6.0	Se è un RAGA degli auguri dolcissimi.	se è un raga degli auguri dolcissimi
1109	IT	F&R	formal	backtranslate	6.0	E 'bellissimo quello che fai!	è bellissimo quello che fai!!
1110	IT	F&R	formal	rule_based	6.0	Prima di tt digli al postino ke si facesse gli affaracci suoi, poi diglielo a tua madre, non potrà mica squartarti!	prima di tt digli al postino ke si facesse gli affaracci suoi, poi diglielo a tua madre, non potrà mica squartarti!
1111	IT	F&R	formal	formal	5.6	A mio parere potrebbe finire in prigione.	penso finirebbe in galera!
1112	IT	F&R	formal	rule_based	6.0	Lasciateli se no rischiate di far soffrire pure loro e se vi scoprono sarà ancora peggio	lasciateli se no rischiate di far soffrire pure loro e se vi scoprono sarà ancora peggio
1113	IT	F&R	formal	formal	5.6	Incolpa tutti e due, non importa la situazione.	Dai la colpa a tutti e due a prescindere
1114	IT	F&R	formal	formal	5.4	Da quando ragiono autonomamente, molte persone che credevo essere amici, se ne sono andate.	"Da quando ragiono con la mia testa ho perso un sacco di ""amici""!"
1115	IT	F&R	formal	formal	6.0	Non vi è nulla di preciso: l'unica cosa che ti può aiutare è il tempo.	non c'è un modo preciso, l' unica cosa che ti puo aiutare è il tempo.
1116	IT	F&R	formal	mt_gyafc	4.0	Quindi per la paura di soffrire la fascia della testa.	quindi per la paura di soffrire si fascia la testa!!
1117	IT	F&R	formal	rt	4.2	Forse è solo timido, ma devi capire se parla poco per questo, o perché è al muro cerebrolesomettilo!	magari è solo timido,ma devi capire se parla poco per quello,oppure perchè è cerebrolesomettilo alle strette!
1118	IT	F&R	formal	rule_based	6.0	X me è solo una magra consolazione!	x me è solo una magra consolazione!!
1119	IT	F&R	formal	formal	5.2	Innanzitutto, dovresti dire al postino di badare ai fatti suoi. Secondariamente dillo a tua madre. Di certo non avrà problemi a comprendere le tue ragioni.	prima di tt digli al postino ke si facesse gli affaracci suoi, poi diglielo a tua madre, non potrà mica squartarti!
1120	IT	F&R	formal	multi	5.6	Ognuno di noi abbiamo qlc che gli altri non hanno e saranno gli altri ad invidiarti.	ognuno di noi abbiamo qlc che gli altri non hanno e sicuramente saranno gli altri ad invidiarti
1121	IT	F&R	formal	rt	6.0	Non cercarlo piu', gli stai solo facendo del male.	non cercarlo piu gli stai facendo solo del male.
1122	IT	F&R	formal	rule_based	6.0	Mi dispiace ma dalle tempo se ti vorra tornera da te	mi dispiace ma dalle tempo se ti vorra tornera da te
1123	IT	F&R	formal	rt	5.2	Ma tu fai la cosa giusta!	ma si fai la cosa giusta!
1124	IT	F&R	formal	formal	6.0	A volte è difficile mostrare ciò che si prova perché se ne ha paura.	a volte è difficile dimostrare cio k si prova, xk se ne ha paura!
1125	IT	F&R	formal	multi	5.6	Se non vi sentite mai piano piano, si spegne, se ogni tanto vi trovate si può rinvigorire.	Se non vi sentite mai piano piano si spegne, se ogni tanto vi trovate si può rinvigorire.
1126	IT	F&R	formal	rt	5.6	! Divertiti, un bacio!	!Divertiti, un baciotto!
1127	IT	F&R	formal	multi	5.0	Mi dispiace, ma non ha senso-.	!questo penso--scusa---non ha senso---
1128	IT	F&R	formal	backtranslate	6.0	Auguri e che sia una unione felice.	!auguri e che sia una unione felice
1129	IT	F&R	formal	formal	5.8	Deciderai poi tu se rimanerci o no.	poi decidi tu se starci o meno
1130	IT	F&R	formal	mt_gyafc	5.2	Mi dispiace, ma non ha senso.	!questo penso--scusa---non ha senso---
1131	IT	F&R	formal	formal	5.6	Anch'io sono di Torino. Sì, è vero; capita spesso e per questo è meglio sorvegliarle.	ank io sn di torino si e vero capita spesso percio e meglio tenerle d'okkio
1132	IT	F&R	formal	multi	5.6	No, mi basta il mio ragazzo.	no m basta il my boy
1133	IT	F&R	formal	formal	5.6	Non preoccuparti con eccessivo anticipo.	non fasciarti la testa prima di rompertela.
1134	IT	F&R	formal	rule_based	6.0	Una ragazza sfuggente finisce sempre per intrigarti di piùciao	Una ragazza sfuggente finisce sempre per intrigarti di piùCiao
1135	IT	F&R	formal	multi	5.6	Per il regalo, se non lo sai, è inutile chiedere.	per il regalo se non lo sai tu è inutile chiederlo!!!
1136	IT	F&R	formal	mt_gyafc	5.4	Forse più importanti?	"magari + importanti?"""
1137	IT	F&R	formal	backtranslate	5.8	Arrivare a sorpresa, però io abitavo a udine lei a Basilea, erano quasi 880km.	arrivare a sorpresa,però io abitavo a udine lei a basilea,erano quasi 880km
1138	IT	F&R	formal	rule_based	6.0	Si ma ancora non l'ho mai ricevuto!	Si ma ancora non l'ho mai ricevuto!
1139	IT	F&R	formal	rule_based	6.0	Se lui non ti vuole scaricalo subito e non lo sentire più( così soffri di meno).	Se lui non ti vuole scaricalo subito e non lo sentire più ( così soffri di meno) .
1140	IT	F&R	formal	mt_gyafc	2.8	Se il tuo uomo ti tradisce, allora non preoccuparti.	se il vostro uomo vi tradisce: UH X CARITA'!!
1141	IT	F&R	formal	backtranslate	6.0	Quella che ho fatto domenica con il mio fidanzato!	quella che ho fatto domenica con il mio fidanzato!!
1142	IT	F&R	formal	mt_gyafc	5.8	Secondo me, sarebbe la migliore soluzione.	?secondo me sarebbe la migliore soluzione!
1143	IT	F&R	formal	formal	5.8	Mi auguro al più presto!	Spero presto!!!!!
1144	IT	F&R	formal	backtranslate	6.0	Prima di tt digli al postino ke si facesse gli affaracci suoi, poi diglielo a tua madre, non potrà mica squartarti!	prima di tt digli al postino ke si facesse gli affaracci suoi, poi diglielo a tua madre, non potrà mica squartarti!
1145	IT	F&R	formal	backtranslate	6.0	Hai detto che ogni tanto pensi di lasciarlo per soffrire una sola volta quindi oltre che infantile sei anche egoista.	Hai detto che ogni tanto pensi di lasciarlo per soffrire una sola volta quindi oltre che infantile sei anche egoista.
1146	IT	F&R	formal	rule_based	6.0	In bocca al lupo!	in bocca al lupo!
1147	IT	F&R	formal	rt	4.0	Molte volte tu!	molte volte si!!!!
1148	IT	F&R	formal	formal	5.0	Di conseguenza, temendo di soffrire, giunge a conclusioni affrettate.	quindi per la paura di soffrire si fascia la testa!!
1149	IT	F&R	formal	backtranslate	6.0	Una ragazza sfuggente finisce sempre per intrigarti di piùciao.	Una ragazza sfuggente finisce sempre per intrigarti di piùCiao
1150	IT	F&R	formal	formal	5.8	Ti auguro che sia una felice unione.	!auguri e che sia una unione felice
1151	IT	F&R	formal	rule_based	6.0	Credimi, mio fratello ha fato la stessa cosa, ora lo vediamo una volta all'anno, ci ha praticamente scaricati per lei.	Credimi, mio fratello ha fato la stessa cosa, ora lo vediamo una volta all'anno, ci ha praticamente scaricati per lei.
1152	IT	F&R	formal	backtranslate	5.8	Forse perché non gli piaci tanto.	forse xkè nn gli piaci tanto
1153	IT	F&R	formal	formal	5.6	Io l'ho trascorso in maniera insoddisfacente.	io l' ho trascorso male
1154	IT	F&R	formal	formal	4.8	Esprimile ad alta voce l'amore che provi nei suoi confronti.	dille: TI AMOOOOOOOOOOOOOOOOOOO!
1155	IT	F&R	formal	mt_gyafc	5.8	Forse perché non gli piaci tanto.	forse xkè nn gli piaci tanto
1156	IT	F&R	formal	rt	5.8	Troppo vecchio per essere usato anche oggi, per fortuna i tempi cambiano	Troppo antica per essere usata ancora oggi, per fortuna i tempi cambiano
1157	IT	F&R	formal	rt	4.6	Ho visto molte buone domande; se finanziate il movimento elettorale io sono vostro.	Io di belle domande ne ho viste tante; se fondi il movimento elettore io sono dei vostri.
1158	IT	F&R	formal	rule_based	6.0	Non reputarmi antipatico se non approvo qste cose, e se le giudico non appropriate!	Non reputarmi antipatico se non approvo qste cose, e se le giudico non appropriate!
1159	IT	F&R	formal	rule_based	6.0	Mi ci apparto e la faccio felice.	Mi ci apparto e la faccio felice.
1160	IT	F&R	formal	formal	5.6	Mi risulta davvero gradevole il tuo lavoro!	è bellissimo quello che fai!!
1161	IT	F&R	formal	multi	5.8	Hai detto che ogni tanto pensi di lasciarlo per soffrire una sola volta, oltre che infantile sei anche egoista.	Hai detto che ogni tanto pensi di lasciarlo per soffrire una sola volta quindi oltre che infantile sei anche egoista.
1162	IT	F&R	formal	multi	5.2	"Forse più importante? """	"magari + importanti?"""
1163	IT	F&R	formal	mt_gyafc	6.0	Auguri e che sia una unione felice.	!auguri e che sia una unione felice
1164	IT	F&R	formal	backtranslate	6.0	Di tutto quello che rappresenta per ognuno di noi.	di tutto quello che rappresenta per ognuno di noi
1165	IT	F&R	formal	multi	5.8	Finche 'ci saranno persone stupide che le daranno corda e ci saranno sempre, non abbasserà mai la cresta.	E cmq finchè ci saranno persone stupide ke le daranno corda (e ci saranno sempre) non abbasserà mai la cresta!
1166	IT	F&R	formal	mt_gyafc	6.0	Penso che finirebbe in galera.	penso finirebbe in galera!
1167	IT	F&R	formal	backtranslate	6.0	Io l 'ho trascorso male.	io l' ho trascorso male
1168	IT	F&R	formal	rt	6.0	Non c'è modo preciso, l'unica cosa che può aiutarti è il tempo.	non c'è un modo preciso, l' unica cosa che ti puo aiutare è il tempo.
1169	IT	F&R	formal	rule_based	5.8	Forse perché non gli piaci tanto	forse xkè nn gli piaci tanto
1170	IT	F&R	formal	multi	6.0	Spero presto!	Spero presto!!!!!
1171	IT	F&R	formal	rule_based	6.0	Prima cerca di sapere più cose possibili su ciò che le piace in un ragazzo.	prima cerca di sapere più cose possibili su ciò che le piace in un ragazzo.
1172	IT	F&R	formal	multi	4.6	Cara, ma se non dici a grandi linee, gli hai detto.	e cara ma se nn dici a grandi linee cs gli hai detto,,,,
1173	IT	F&R	formal	rt	5.8	In un sabato autunnale qualche anno fa voleva che io facessi 150km.	un sabato d'autunno di alcuni anni fa mi voleva far fare 150km.
1174	IT	F&R	formal	mt_gyafc	5.0	Se la persona ti garantisce che non ti amerà, non ha senso.	Si ma se la persona ti garantisce che non ti amerà ma inon ha senso
1175	IT	F&R	formal	rule_based	5.8	Non vivere dei ricordi del passato.	Nn vivere dei ricordi del passato.
1176	IT	F&R	formal	mt_gyafc	6.0	Divertiti, un baciotto!	!Divertiti, un baciotto!
1177	IT	F&R	formal	backtranslate	6.0	A che carino, magari qualcuno si comporatsse cosi con me!	aaa che carino, magari qualcuno si comporatsse cosi con me!!!
1178	IT	F&R	formal	backtranslate	6.0	Vai al comune della tua citta 'di residenza, la' ti sapranno ondicare tutto con precisione.	vai al comune della tua città di residenza, la' ti  sapranno ondicare tutto con precisione.
1179	IT	F&R	formal	rule_based	6.0	Io l' ho trascorso male	io l' ho trascorso male
1180	IT	F&R	formal	backtranslate	6.0	Secondo me sarebbe la migliore soluzione!	?secondo me sarebbe la migliore soluzione!
1181	IT	F&R	formal	rule_based	6.0	Anke a me è successo!	anke a me è successo!!
1182	IT	F&R	formal	rule_based	6.0	Se le piaci non rifiuterà il tuo corteggiamento qnd falle capire ke lei ti piace	Se le piaci non rifiuterà il tuo corteggiamento qnd falle capire ke lei ti piace
1183	IT	F&R	formal	formal	3.4	La bellezza non vi è in nessuna, tuttavia almeno in una vi è sincerità. Un augurio di buona notte.	belle no ma almeno una sincera goodnight
1184	IT	F&R	formal	rt	6.0	! anche se personalmente sono contro la violenza contro le donne!	!anche se personalmente sono contro la violenza alle donne!
1185	IT	F&R	formal	formal	5.0	Perfetto ma io ancora non l'ho proprio mai ricevuto.	Si ma ancora non l'ho mai ricevuto!
1186	IT	F&R	formal	rt	4.2	Io tenderei a non farlo.	Direi tendenzialmente di no.
1187	IT	F&R	formal	mt_gyafc	5.4	Pagherei oro se il mio ragazzo lo facesse dappertutto.	Io pagherei oro se il mio ragazzo la facesse dappertutto!!!
1188	IT	F&R	formal	formal	3.6	Se avessi il seno più abbondante tu penseresti che io sia bellissima.	mi metto 2 bocce e per te diventerò bellissimA!!!
1189	IT	F&R	formal	formal	5.2	Vi auguro la migliore gioia e prosperità, un saluto!	!Vi auguro tanta felicità!ciau
1190	IT	F&R	formal	backtranslate	5.8	Spero non dicano sul serio.	Spero che non dicano sul serio.
1191	IT	F&R	formal	multi	3.8	Se ci sta facendo, altrimenti la pagina è finita.	se ci sta è fatta altrimenti volta pagina!
1192	IT	F&R	formal	formal	5.6	Sono certa che trascorreremo del bel tempo assieme.	"vedrai ke c divertiremo!"""
1193	IT	F&R	formal	rule_based	6.0	Quindi per la paura di soffrire si fascia la testa!	quindi per la paura di soffrire si fascia la testa!!
1194	IT	F&R	formal	mt_gyafc	4.4	Regia di giuti e tiralacqua e la straordinaria partecipazione di piero passamelacarta.	regia di giuseppe tiralacqua e la straordinaria partecipazione di piero passamelacarta
1195	IT	F&R	formal	rt	5.6	Tutto ciò che rappresenta per ognuno di noi	di tutto quello che rappresenta per ognuno di noi
1196	IT	F&R	formal	rule_based	6.0	? secondo me sarebbe la migliore soluzione!	?secondo me sarebbe la migliore soluzione!
1197	IT	F&R	formal	formal	5.4	Non dovresti dirle proprio nulla e baciarla solamente.	Dalle un bacio e basta, non dirle nulla!
1198	IT	F&R	formal	multi	6.0	Usa la scusa che vi rivedete dopo tanto tempo e che c è bisogno di lui per animare la serata.	usa la scusa che vi rivedete dopo tanto tempo e che c'è bisogno di lui per  animare la serata.
1199	IT	F&R	formal	formal	5.8	Sono altruista, come sempre.	Cm sempre sn l solita altruista.
1200	IT	F&R	formal	multi	4.2	Se il mio ragazzo lo facesse, pagherei oro.	Io pagherei oro se il mio ragazzo la facesse dappertutto!!!
