segment_ID      lang-ISO        domain  target_style    system_name     Aggregated_score        segment system_input
1201	PT	F&R	formal	formal	4.2	É antiga, mas divertida.	esta é bem antiguinha mas ainda é engraçada.
1202	PT	F&R	formal	mt_gyafc	5.4	Mande flores e aguarde, nem ligue, deixe ela te procurar.	Então mande as flores e aguarde, nem ligue, deixe ela te procurar.
1203	PT	F&R	formal	multi	5.6	Sua namorada, apesar de ser do interior, é mais inteligente que você!	Tua namorada, apesar de ser do interior é mais esperta que Vc!
1204	PT	F&R	formal	rule_based	6.0	Pelo menos algumas vezes.	Pelo menos algumas vezes.
1205	PT	F&R	formal	backtranslate	6.0	Já, acho horrível, mais a carne é fraca.	Já, acho horrível, mais a carne é fraca.
1206	PT	F&R	formal	rt	6.0	Está no meu perfil!	Está no meu perfil!
1207	PT	F&R	formal	backtranslate	5.6	E quando achar que já conversou o bastante converse mais.	E quando vc achar que já conversou o bastante converse mais.
1208	PT	F&R	formal	mt_gyafc	5.8	Seja muuito determinada e feliz.	Seja muuuuito determinada e feliz!!!!!
1209	PT	F&R	formal	backtranslate	5.2	Se for, estou na mesma situaçao que você!	?se for ,estou na mesma situaçao q vc !!
1210	PT	F&R	formal	rt	5.8	Ficar é hoje, uma maneira que os jovens encontraram, para se relacionar sem compromisso.	O ficar é hoje, uma maneira, que os jovens encontraram, de se relacionar, sem compromisso.
1211	PT	F&R	formal	formal	5.2	Apesar de eu já ter 18 anos, acho a infância o melhor período de vida.	Infância, apesar de ter 18 anos, para mim não a nada melhor do que a infância
1212	PT	F&R	formal	backtranslate	5.4	Se perdeste-a qd lhe mandaste a foto então não era amizade, ou seja não perdeste nada.	se perdeste-a qd lhe mandaste  a foto então n era amizade, ou seja n perdeste nada.
1213	PT	F&R	formal	backtranslate	5.4	Se tive correr atrazta perdendotempo vai logorsrsrs.	?se tive correr atrazta perdendotempovai logorsrsrs
1214	PT	F&R	formal	mt_gyafc	3.4	Fala com ela issu, você pode acabar com ela se fikar com ela não é atração por ela.	fala com ela issu, vc pode acabar maxucando ela se fikar com ela naum sentindo nem uma atração por ela.
1215	PT	F&R	formal	multi	1.8	Desejo-lhe sorte.	Que cara de sorte !
1216	PT	F&R	formal	rule_based	5.6	! é muito relativo, depende muito de cada pessoa!	!é muito relativo,depende muito de cada pessoa!!
1217	PT	F&R	formal	mt_gyafc	4.4	Essa pessoa tem sérios problemas psicológicos. Isso aconteceu comigo na facl, mas era um homem.	Q essa pessoa tem sérios problemas psicológicos!Isso aconteceu cmg na facul, mas era homem, né!
1218	PT	F&R	formal	multi	5.6	Todo dia recebo e-mail de pessoa desaparecidas.	!Todo dia recebo email de pessoa desaparecidas
1219	PT	F&R	formal	rule_based	5.6	Se voce fizer sua parte, com certeza ela também vai procurar fazer a dela.	Se voce fizer sua parte, com certeza ela tb vai procurar fazer a dela.
1220	PT	F&R	formal	rt	5.8	Eu, e você é a Amanda!	Eu ,e você é a Amanda !
1221	PT	F&R	formal	mt_gyafc	3.6	Acho que não tem nada pior do que sentir falta de alguém que nunca mais podera ver isso.	Acho q ñ tem nada pior do que sentir falta de alguem q vc nunca mais podera ver isso doi muito.
1222	PT	F&R	formal	rt	5.2	Ter uma conversa seria com ele. Acho que esta é a melhor maneira. Conversando.	Tenha uma conversa seria com ele acho que essa e a melhor forma .conversando.
1223	PT	F&R	formal	backtranslate	5.4	Ai ele vai se ligar logo e não vai forçar a barra.	Ai ele vai se ligar logo e ñ vai forçar a barra.
1224	PT	F&R	formal	mt_gyafc	4.6	Nunca vi ninguém morrer disso.	Mas, nunca vi ninguém morrer disso, mano.
1225	PT	F&R	formal	rt	4.2	Infelizmente para mim, a tristeza não tem cura! Eu não posso perdoar.	Infelizmente para mim a mágoa não tem cura!Não consigo perdoar.
1226	PT	F&R	formal	mt_gyafc	5.4	Ele vai se ligar logo e não vai forçar a barra.	Ai ele vai se ligar logo e ñ vai forçar a barra.
1227	PT	F&R	formal	mt_gyafc	5.6	Meu amigo, eu tenho este mesmo problema, mas minha esposa é por problema de doença.	Meu amigo,eu tenho este mesmo problema, mas a minha esposa é por problema de doença.
1228	PT	F&R	formal	formal	6.0	A prisão de ventre!	A prisão de ventre!
1229	PT	F&R	formal	formal	5.4	Ter uma família maravilhosa, saúde, paz, amor e acima de tudo, ter Deus no coração!	TEr uma familia maravilhosa, ter saude, paz, amor e acima de tudo ter Deus no coração.
1230	PT	F&R	formal	rule_based	5.8	E se for gente'da pesada', a polícia se encarrega de fazê-los pagar por isso!	E se for gente 'da pesada', a polícia se encarrega de fazê-los pagar por isso!
1231	PT	F&R	formal	mt_gyafc	5.8	Vá até onde você possa encontrá-la.	Vá até onde vc possa encontrá-la!
1232	PT	F&R	formal	rule_based	6.0	Não assuste o menino logo de cara!	Não assuste o menino logo de cara!
1233	PT	F&R	formal	backtranslate	5.8	Elas gostam é dos canalhas.	Elas gostam é dos canalhas
1234	PT	F&R	formal	rt	5.6	! foco e objetividade é a regra!	!FOCO E OBJETIVIDADE É A REGRA!!
1235	PT	F&R	formal	formal	5.4	Na minha opinião, não há diferença alguma, amor e paixão completam-se, o que é muito bom.	na minha opinião não tem diferença nenhuma,amor e paixão se completam o k é muito bom.
1236	PT	F&R	formal	mt_gyafc	5.6	Só sei que fico mt mais bonita qd faz frio!	Só sei q fico mt mais bonita qd faz frio!
1237	PT	F&R	formal	backtranslate	5.6	Diga aos seus pais que ele é rico e ex-seminarista.	DIZER AOS SEUS PAIS QUE ELE É RICO E EX-SEMINARISTA
1238	PT	F&R	formal	formal	6.0	Um abraço, Stela.	!Um abraço,Stela
1239	PT	F&R	formal	rt	2.6	Uma mistura perfeita dos dois!	Uma mistura dos dois seia perfeito!!
1240	PT	F&R	formal	backtranslate	6.0	C tá com um problemão, brother.	C tá com um problemão, brother.
1241	PT	F&R	formal	formal	4.8	Me dê 10 pontos, amiga.	mim da 10 pontos miguinha
1242	PT	F&R	formal	formal	5.0	Homens acreditam que a vida hoje se resume em ficar com uma boa aparência física, pois é o que mulheres apreciam.	Os homens acham que a vida hj é ficar bombado, que mulher gosta é disso!
1243	PT	F&R	formal	formal	4.4	Eu não usufruo de nenhum.	Eu não uso nenhum.
1244	PT	F&R	formal	mt_gyafc	1.8	Além disso, celebre, essa música é maravilhosa.	E celebre essa graça maravilhosa!
1245	PT	F&R	formal	rt	6.0	Eu não uso nenhum.	Eu não uso nenhum.
1246	PT	F&R	formal	multi	5.4	Ele simplesmente não quis.	Ele só não quis.
1247	PT	F&R	formal	rt	4.4	Você pode descobrir comigo se quiser, podemos ser bons amigos.	pode desenrolar comigo caso vc queira, podemos ser bons amigos.
1248	PT	F&R	formal	formal	4.4	Apesar de sua namorado vir do interior, ela é bem mais esperta do que você.	Tua namorada, apesar de ser do interior é mais esperta que Vc!
1249	PT	F&R	formal	rule_based	5.8	Dizer aos seus pais que ele é rico e ex-seminarista	DIZER AOS SEUS PAIS QUE ELE É RICO E EX-SEMINARISTA
1250	PT	F&R	formal	rt	3.8	Os homens preferem mulheres de verdade!	Homens preferem mulheres verdadeiras!!!!!!!!!!!
1251	PT	F&R	formal	mt_gyafc	5.8	Vocês já não são mais crianças.	vocês já não são mais crianças.
1252	PT	F&R	formal	rule_based	5.8	Meu amigo, eu tenho este mesmo problema, mas a minha esposa é por problema de doença.	Meu amigo,eu tenho este mesmo problema, mas a minha esposa é por problema de doença.
1253	PT	F&R	formal	rt	5.4	Sim, há dias em que quero dormir o dia todo.	Sim, tem dias que dá vontade de dormir o dia todo.
1254	PT	F&R	formal	rule_based	5.8	! todo dia recebo email de pessoa desaparecidas	!Todo dia recebo email de pessoa desaparecidas
1255	PT	F&R	formal	formal	3.2	O problema que não tem solução já está solucionado.	O q, não tem remédio remediado está.
1256	PT	F&R	formal	mt_gyafc	2.4	Que tipo de sorte!	Que cara de sorte !
1257	PT	F&R	formal	rule_based	5.8	Não tudo indica segundo estes `` estudiosos'', que maria foi mãe de jesus, e madalena, sua mulher!	"Não td indica segundo estes ""estudiosos"", que Maria foi mãe de Jesus, e Madalena, sua mulher!"
1258	PT	F&R	formal	mt_gyafc	5.8	Um abraço, stela.	!Um abraço,Stela
1259	PT	F&R	formal	mt_gyafc	1.0	Eu acho que eles são todos os meus favoritos.	Vamos deixar essa concepção romantizada que a mídia enfia na cabeça da gente.
1260	PT	F&R	formal	multi	3.4	Delícia de Hhuumm.	hhuuuummmm DELÍCIAAAAAAAAA!!!!!!!!!
1261	PT	F&R	formal	backtranslate	5.6	Agressão já é caráter, alias falta de respeito com um ser humano!	!Agressão já é caráter, alias falta de respeito com um ser humano!
1262	PT	F&R	formal	rt	4.6	Eu não sou um homem, mas eu acho que eles têm prazer precisamente porque eles estão dando prazer para aqueles que estão com ele.	não sou homem,mas acho que eles sentem prazer justamente por estar dando prazer a quem está com ele.
1263	PT	F&R	formal	rule_based	6.0	Me trair, mentir para mim, ser falso comigo, fazer algo de mau com minha filha, etc	Me trair, mentir para mim, ser falso comigo, fazer algo de mau com minha filha, etc
1264	PT	F&R	formal	backtranslate	4.4	Palavrões que o sistema substitui.	Palavrões que o sistema substitui por *
1265	PT	F&R	formal	mt_gyafc	4.4	É loucura, mas são nossos instintos.	!É loucura, mas são nossos instintos básicos, animais!
1266	PT	F&R	formal	rule_based	5.6	Pelo mesmo motivo antes citado na outra pergunta sobre pai!	pelo mesmo motivo antes citado na outra pergunta sobre pai !
1267	PT	F&R	formal	rule_based	5.6	Seja muuito determinada e feliz!	Seja muuuuito determinada e feliz!!!!!
1268	PT	F&R	formal	formal	5.0	Concordo também, apesar de não ser nem uma nem outra, em um lugar ou outro.	concordo tbm, apesar d não ser uma nem outra em um lugar nem outro!!
1269	PT	F&R	formal	multi	5.8	Eu, e você é a amanda.	Eu ,e você é a Amanda !
1270	PT	F&R	formal	formal	5.2	Sim, realmente há dias que tenho vontade de dormir o dia inteiro.	Sim, tem dias que dá vontade de dormir o dia todo.
1271	PT	F&R	formal	rule_based	5.4	? se for, estou na mesma situaçao que você!	?se for ,estou na mesma situaçao q vc !!
1272	PT	F&R	formal	backtranslate	2.8	Esta é bem sucedida, mas ainda é engraçado.	esta é bem antiguinha mas ainda é engraçada.
1273	PT	F&R	formal	formal	5.6	Vá até onde você possa encontrá-la!	Vá até onde vc possa encontrá-la!
1274	PT	F&R	formal	rt	4.6	Hhuumm delicioso!	hhuuuummmm DELÍCIAAAAAAAAA!!!!!!!!!
1275	PT	F&R	formal	multi	5.6	Quando o mundo for gay, eu me mudo para marte.	Quando o mundo for gay eu me mudo pra Marte!
1276	PT	F&R	formal	mt_gyafc	5.6	Não sou mãe, nem mulher, mas concordo com você.	Não sou mãe, nem mulher, mas concordo com vc.
1277	PT	F&R	formal	mt_gyafc	5.0	Não sou homem, mas acho que sentem prazer por estar dando prazer a quem está com ele.	não sou homem,mas acho que eles sentem prazer justamente por estar dando prazer a quem está com ele.
1278	PT	F&R	formal	rule_based	5.8	Tenha uma conversa seria com ele acho que essa e a melhor forma .conversando.	Tenha uma conversa seria com ele acho que essa e a melhor forma .conversando.
1279	PT	F&R	formal	rt	4.8	! Mande mensagem para ela	!manda um SMS para ela!
1280	PT	F&R	formal	rt	5.2	Quando o mundo for homossexual, vou me mudar para Marte!	Quando o mundo for gay eu me mudo pra Marte!
1281	PT	F&R	formal	formal	5.0	Hum, delícia!	hhuuuummmm DELÍCIAAAAAAAAA!!!!!!!!!
1282	PT	F&R	formal	backtranslate	6.0	Tenha uma conversa seria com ele acho que essa e a melhor forma .conversando.	Tenha uma conversa seria com ele acho que essa e a melhor forma .conversando.
1283	PT	F&R	formal	multi	5.4	Vá até onde você possa encontrá-la.	Vá até onde vc possa encontrá-la!
1284	PT	F&R	formal	backtranslate	5.0	- Me da dez pontos miguinha.	mim da 10 pontos miguinha
1285	PT	F&R	formal	rule_based	5.8	Os homens acham que a vida hoje é ficar bombado, que mulher gosta é disso!	Os homens acham que a vida hj é ficar bombado, que mulher gosta é disso!
1286	PT	F&R	formal	rule_based	5.2	Vai fundo filha, e se quiser um padrinho estou aqui.	vai fundo filha, e se quiser um padrinho to aqui.
1287	PT	F&R	formal	rule_based	5.8	Que cara de sorte!	Que cara de sorte !
1288	PT	F&R	formal	rt	4.6	A loucura que fiz e depois me arrependi foi ir para a faculdade ao mesmo tempo trabalhando e praticando basquete.	a loucura que já fiz e depois me arrependi foi fazer faculdade ao mesmo tempo trabalhar e treinar basquetebol.
1289	PT	F&R	formal	rt	4.0	Eles dizem que não, mas eu queria ser bonita, então seria mais fácil.	Dizem que não, mas queria eu ser linda, tdo seria mais fácil.
1290	PT	F&R	formal	backtranslate	5.8	Não deixe passar se é seu amor mesmo.	Não deixe passar se é seu amor mesmo.
1291	PT	F&R	formal	rule_based	5.8	Esta é bem antiguinha mas ainda é engraçada.	esta é bem antiguinha mas ainda é engraçada.
1292	PT	F&R	formal	formal	5.2	Se perdeste-a quando mandaste a foto, então, não era amizade, ou seja, não perdeste nada.	se perdeste-a qd lhe mandaste  a foto então n era amizade, ou seja n perdeste nada.
1293	PT	F&R	formal	mt_gyafc	5.2	Se for, estou na mesma situaçao que você.	?se for ,estou na mesma situaçao q vc !!
1294	PT	F&R	formal	rt	4.0	Procure ajuda quando você deixar igrejas, pequenas e médias empresas e porta em porta e você vai descobrir que você será capaz de arrecadar um monte de dinheiro.	Procure ajuda na saída das igrejas, pequenas e médias empresas e porta em porta e verá que conseguirá juntar muito dinheiro.
1295	PT	F&R	formal	formal	4.4	Amigo, você está com um grande problema.	C tá com um problemão, brother.
1296	PT	F&R	formal	multi	5.2	Os homens acham que a vida hoje é ficar bombado, que as mulheres gostam disso.	Os homens acham que a vida hj é ficar bombado, que mulher gosta é disso!
1297	PT	F&R	formal	multi	4.6	Diga aos seus pais que ele é rico e ex-seminarista.	DIZER AOS SEUS PAIS QUE ELE É RICO E EX-SEMINARISTA
1298	PT	F&R	formal	backtranslate	6.0	A prisão de ventre!	A prisão de ventre!
1299	PT	F&R	formal	backtranslate	6.0	Decepcionar-se com alguem que lhe é muito precioso.	Decepcionar-se com alguem que lhe é muito precioso.
1300	PT	F&R	formal	formal	5.2	Indivíduo sortudo!	Que cara de sorte !
1301	PT	F&R	formal	rule_based	5.6	Vocês já não são mais crianças.	vocês já não são mais crianças.
1302	PT	F&R	formal	rt	4.0	E o principal, quanto mais você traz a pessoa mais perto de Deus (igreja), mais perto ela leva de si mesmo.	E o principal quanto mais você  levar a pessoa para perto de Deus ( igreja ), mais perto leva para você mesmo.
1303	PT	F&R	formal	rt	4.2	Então ele vai ligar em breve e ele não vai empurrar a barra.	Ai ele vai se ligar logo e ñ vai forçar a barra.
1304	PT	F&R	formal	mt_gyafc	5.4	Infelizmente, para mim a mágoa não tem cura, não consigo perdoar.	Infelizmente para mim a mágoa não tem cura!Não consigo perdoar.
1305	PT	F&R	formal	multi	5.2	Meu amigo, eu tenho este mesmo problema, mas minha esposa é por causa de doença.	Meu amigo,eu tenho este mesmo problema, mas a minha esposa é por problema de doença.
1306	PT	F&R	formal	formal	4.2	Envie-a uma mensagem de texto.	!manda um SMS para ela!
1307	PT	F&R	formal	backtranslate	5.8	Não assuste o menino logo de cara!	Não assuste o menino logo de cara!
1308	PT	F&R	formal	multi	5.6	Não sou homem, mas acho que sentem prazer por estar dando prazer a quem está com ele.	não sou homem,mas acho que eles sentem prazer justamente por estar dando prazer a quem está com ele.
1309	PT	F&R	formal	mt_gyafc	6.0	Um tornado que baixou aqui perto de casa esses dias (nos EUA).	Um tornado que baixou aqui perto de casa esses dias (nos EUA).
1310	PT	F&R	formal	mt_gyafc	1.4	Você está ciente de que eles são mais do que a maioria das pessoas que você está procurando.	fala a vertade mesmo que ela não acritida
1311	PT	F&R	formal	rule_based	5.6	! manda um sms para ela!	!manda um SMS para ela!
1312	PT	F&R	formal	backtranslate	5.2	Sou de jardim da PENHa-vitória.	Eu sou de Jardim da Penha-Vitória
1313	PT	F&R	formal	multi	5.4	O principal quanto mais você levar a pessoa para perto de Deus (igreja), mais perto leva para você mesmo.	E o principal quanto mais você  levar a pessoa para perto de Deus ( igreja ), mais perto leva para você mesmo.
1314	PT	F&R	formal	formal	4.6	"Não ter decisão e gostos próprios, ficar falando ""não sei"", ""pode ser"", isso eles detestam."	De não ter desição própria, ficar não sei, pode ser, quem sabe, isso eles detestam.
1315	PT	F&R	formal	rule_based	5.8	Porque as vezes é necessário!	Porque as vezes é necessário!!!!!!!!!!!!
1316	PT	F&R	formal	rule_based	5.6	Que essa pessoa tem sérios problemas psicológicos! isso aconteceu comigo na facul, mas era homem, né!	Q essa pessoa tem sérios problemas psicológicos!Isso aconteceu cmg na facul, mas era homem, né!
1317	PT	F&R	formal	rt	5.0	Acho que não há nada pior do que sentir falta de alguém que você nunca verá de novo dói.	Acho q ñ tem nada pior do que sentir falta de alguem q vc nunca mais podera ver isso doi muito.
1318	PT	F&R	formal	backtranslate	5.8	Foco e objetividade é a regra!	!FOCO E OBJETIVIDADE É A REGRA!!
1319	PT	F&R	formal	multi	4.8	Mande flores e aguarde, não ligue, deixe ela te procurar.	Então mande as flores e aguarde, nem ligue, deixe ela te procurar.
1320	PT	F&R	formal	multi	5.0	Um tornado que baixou aqui perto de casa esses dias.	Um tornado que baixou aqui perto de casa esses dias (nos EUA).
1321	PT	F&R	formal	mt_gyafc	4.2	Se for, escalareço, porque minha mãe me mandou pra lá várias vezes.	Se for, escalareço que já o fíz, pois minha mãe me mandou pra lá várias vezes.
1322	PT	F&R	formal	mt_gyafc	5.0	Diga aos seus pais que ele é rico e ex-seminarista.	DIZER AOS SEUS PAIS QUE ELE É RICO E EX-SEMINARISTA
1323	PT	F&R	formal	rt	3.6	E se você é um homem pesado, a polícia vai cuidar de fazê-los pagar por isso!	E se for gente 'da pesada', a polícia se encarrega de fazê-los pagar por isso!
1324	PT	F&R	formal	backtranslate	5.0	Concordo também, apesar de não ser uma nem outra em um lugar nem outro.	concordo tbm, apesar d não ser uma nem outra em um lugar nem outro!!
1325	PT	F&R	formal	backtranslate	6.0	De não ter desição própria, ficar não sei, pode ser, quem sabe, isso eles detestam.	De não ter desição própria, ficar não sei, pode ser, quem sabe, isso eles detestam.
1326	PT	F&R	formal	formal	5.2	Pelo mesmo motivo supracitado, na pergunta sobre o pai.	pelo mesmo motivo antes citado na outra pergunta sobre pai !
1327	PT	F&R	formal	multi	4.8	Concordo, apesar de não ser uma nem outra em um lugar nem outro.	concordo tbm, apesar d não ser uma nem outra em um lugar nem outro!!
1328	PT	F&R	formal	backtranslate	5.8	Infelizmente para mim a mágoa não tem cura! Não consigo perdoar.	Infelizmente para mim a mágoa não tem cura!Não consigo perdoar.
1329	PT	F&R	formal	rule_based	4.4	Eu sou de jardim da penha-vitória	Eu sou de Jardim da Penha-Vitória
1330	PT	F&R	formal	mt_gyafc	2.6	Se você disse a ela, então você deve fazer sua parte, com certeza, ela também vai procurar por ela.	Se voce fizer sua parte, com certeza ela tb vai procurar fazer a dela.
1331	PT	F&R	formal	formal	5.6	Copular, se alimentar e dormir.	transar, comer e dormir.
1332	PT	F&R	formal	formal	5.4	Eu quase não os vejo.	eu quase não os vejo!!
1333	PT	F&R	formal	formal	5.4	Um ser humano pode se apaixonar por outra pessoa.	uma pessoa pode se apaixonar por  uma outra pessoa.
1334	PT	F&R	formal	multi	5.6	Foco e objetividade é a regra.	!FOCO E OBJETIVIDADE É A REGRA!!
1335	PT	F&R	formal	formal	5.4	E quando você achar que já dialogou o necessário, dialogue mais.	E quando vc achar que já conversou o bastante converse mais.
1336	PT	F&R	formal	backtranslate	6.0	Um abraço, stela.	!Um abraço,Stela
1337	PT	F&R	formal	rule_based	6.0	Tem dia que da vondade de chorar mesmo.	Tem dia que da vondade de chorar mesmo.
1338	PT	F&R	formal	multi	2.8	Se você não quer sair, então a fila anda.	se não quiser saida frente q a fila anda.
1339	PT	F&R	formal	formal	5.0	Absolutamente ainda há tempo, eu também gostaria de engravidar novamente, tenho trinta e nove anos e estou me preparando para engravidar.	Com certeza ainda dá tempo, eu também quero ser mãe novamente, eu tenho 39 anos e estou me preparando para engravidar.
1340	PT	F&R	formal	rule_based	5.4	Foi só passar as mentiras da eleiçãoque começa a subir tudogasolina, pão, e tudo maisporisso que nosso dinheironão está mais sobrando	foi só passar as mentiras da eleiçãoque começa a subir tudogasolina,pão,e tudo maisporisso q nosso dinheironão está mais sobrando
1341	PT	F&R	formal	rt	5.2	De dois: mergulhe no trabalho/estudo ou abra seu coração para conhecer uma pessoa melhor!	De dois um: ou mergulhe no trabalho/estudo ou abra seu coração pra conhecer uma pessoa melhor!!!
1342	PT	F&R	formal	rt	4.4	Sim, acho horrível, mas a carne é fraca.	Já, acho horrível, mais a carne é fraca.
1343	PT	F&R	formal	backtranslate	4.8	Ele simplesmente não quis.	Ele só não quis.
1344	PT	F&R	formal	multi	5.4	Não imagine que te quero mal, apenas nâo te quero mais.	Não imagine q te quero mal, apenas nâo te quero mais!
1345	PT	F&R	formal	mt_gyafc	5.4	Mande um SMS para ela.	!manda um SMS para ela!
1346	PT	F&R	formal	rt	3.6	O que, nenhum remédio é remediado.	O q, não tem remédio remediado está.
1347	PT	F&R	formal	rule_based	5.8	Eu não uso nenhum.	Eu não uso nenhum.
1348	PT	F&R	formal	mt_gyafc	5.4	O principal quanto mais você levar a pessoa para perto de deus (igreja), mais perto leva para você mesmo.	E o principal quanto mais você  levar a pessoa para perto de Deus ( igreja ), mais perto leva para você mesmo.
1349	PT	F&R	formal	multi	5.8	Decepcionar-se com alguém que lhe é muito precioso.	Decepcionar-se com alguem que lhe é muito precioso.
1350	PT	F&R	formal	multi	4.4	É antiquado, mas ainda é engraçado.	esta é bem antiguinha mas ainda é engraçada.
1351	PT	F&R	formal	mt_gyafc	6.0	Eu não uso nenhum.	Eu não uso nenhum.
1352	PT	F&R	formal	formal	5.0	"Já eu acho horrível, mas a ""carne"" é fraca."	Já, acho horrível, mais a carne é fraca.
1353	PT	F&R	formal	mt_gyafc	5.2	É muito relativo, depende de cada pessoa.	!é muito relativo,depende muito de cada pessoa!!
1354	PT	F&R	formal	formal	4.6	Fale a verdade, mesmo que ela não acredite.	fala a vertade mesmo que ela não acritida
1355	PT	F&R	formal	formal	4.0	Isso certamente não é amor.	!Isso não é Amor !!
1356	PT	F&R	formal	multi	5.6	Pode desenrolar comigo se quiser, podemos ser bons amigos.	pode desenrolar comigo caso vc queira, podemos ser bons amigos.
1357	PT	F&R	formal	rt	4.6	Não assuste o rapaz imediatamente!	Não assuste o menino logo de cara!
1358	PT	F&R	formal	rt	5.8	Com certeza ainda há tempo, eu também quero ser mãe novamente, tenho 39 anos e estou me preparando para engravidar.	Com certeza ainda dá tempo, eu também quero ser mãe novamente, eu tenho 39 anos e estou me preparando para engravidar.
1359	PT	F&R	formal	backtranslate	5.8	Então mande as flores e aguarde, nem ligue, deixe ela te procurar.	Então mande as flores e aguarde, nem ligue, deixe ela te procurar.
1360	PT	F&R	formal	mt_gyafc	5.2	A prisão de ventre.	A prisão de ventre!
1361	PT	F&R	formal	rule_based	5.8	Decepcionar-se com alguem que lhe é muito precioso.	Decepcionar-se com alguem que lhe é muito precioso.
1362	PT	F&R	formal	multi	5.6	Eu quase não os vejo.	eu quase não os vejo!!
1363	PT	F&R	formal	mt_gyafc	5.4	Quando o mundo for homossexual, eu me mudo pra marte!	Quando o mundo for gay eu me mudo pra Marte!
1364	PT	F&R	formal	rule_based	5.6	Pode desenrolar comigo caso você queira, podemos ser bons amigos.	pode desenrolar comigo caso vc queira, podemos ser bons amigos.
1365	PT	F&R	formal	formal	5.4	E o principal, quanto mais você levar a pessoa para perto de Deus, mais perto você leva a si próprio.	E o principal quanto mais você  levar a pessoa para perto de Deus ( igreja ), mais perto leva para você mesmo.
1366	PT	F&R	formal	rt	5.0	Não sou mãe ou mulher, mas concordo com você.	Não sou mãe, nem mulher, mas concordo com vc.
1367	PT	F&R	formal	mt_gyafc	5.2	Dizem que não, mas queria ser linda, tdo seria mais fácil.	Dizem que não, mas queria eu ser linda, tdo seria mais fácil.
1368	PT	F&R	formal	backtranslate	5.4	Não entendi mesmo!	Naum entendi mesmo!!!!
1369	PT	F&R	formal	backtranslate	5.4	Vai fundo filha, e se quiser um padrinho estou aqui.	vai fundo filha, e se quiser um padrinho to aqui.
1370	PT	F&R	formal	mt_gyafc	4.6	Se eu tive correr atrazta perdendotempo vai logorsrsrs.	?se tive correr atrazta perdendotempovai logorsrsrs
1371	PT	F&R	formal	backtranslate	5.8	É loucura, mas são nossos instintos básicos, animais!	!É loucura, mas são nossos instintos básicos, animais!
1372	PT	F&R	formal	rt	5.0	Já faz um tempo desde que o meu desapareceu, eu tinha 16 anos.	Faz tempo já que o meu sumiu, tinha 16 anos.
1373	PT	F&R	formal	multi	4.8	Essa pessoa tem sérios problemas psicológicos, isso aconteceu comigo na facul, mas era um homem.	Q essa pessoa tem sérios problemas psicológicos!Isso aconteceu cmg na facul, mas era homem, né!
1374	PT	F&R	formal	rt	4.0	Nem me lembro do que comi ontem à noite.	não lembro nem o que comi ontem no jantar.
1375	PT	F&R	formal	mt_gyafc	4.8	Se você não quiser saina frente que a fila anda.	se não quiser saida frente q a fila anda.
1376	PT	F&R	formal	rule_based	5.4	Não só engole quem quer!	Não só engole quem QUER!
1377	PT	F&R	formal	multi	5.6	Não me lembro nem o que comi ontem no jantar.	não lembro nem o que comi ontem no jantar.
1378	PT	F&R	formal	rule_based	5.6	A loucura que já fiz e depois me arrependi foi fazer faculdade ao mesmo tempo trabalhar e treinar basquetebol.	a loucura que já fiz e depois me arrependi foi fazer faculdade ao mesmo tempo trabalhar e treinar basquetebol.
1379	PT	F&R	formal	mt_gyafc	5.4	Eu quase não os vejo.	eu quase não os vejo!!
1380	PT	F&R	formal	rt	5.0	? Se for, estou na mesma situação que você!	?se for ,estou na mesma situaçao q vc !!
1381	PT	F&R	formal	rt	5.8	! é muito relativo, depende muito de cada pessoa!	!é muito relativo,depende muito de cada pessoa!!
1382	PT	F&R	formal	formal	4.8	Caso você faça sua parte, ela também fará.	Se voce fizer sua parte, com certeza ela tb vai procurar fazer a dela.
1383	PT	F&R	formal	backtranslate	5.4	Trair-me, mentir para mim, ser falso comigo, fazer algo de mau com minha filha.	Me trair, mentir para mim, ser falso comigo, fazer algo de mau com minha filha, etc
1384	PT	F&R	formal	rule_based	6.0	Então mande as flores e aguarde, nem ligue, deixe ela te procurar.	Então mande as flores e aguarde, nem ligue, deixe ela te procurar.
1385	PT	F&R	formal	formal	5.2	Porventura seria bom conhecer novas pessoas, entreter-se, buscar sua felicidade.	De repente seria uma boa conhecer pessoas novas, se distrair mais, estar em busca da SUA felicidade.
1386	PT	F&R	formal	formal	3.6	E nos permite viajar.	e nos faz viajar.
1387	PT	F&R	formal	multi	2.8	Não há remédio remediado.	O q, não tem remédio remediado está.
1388	PT	F&R	formal	formal	5.0	Tenha uma conversa séria com ele, é a melhor forma.	Tenha uma conversa seria com ele acho que essa e a melhor forma .conversando.
1389	PT	F&R	formal	formal	2.6	Eu apoio sua decisão de tentar fazer isso.	vai fundo filha, e se quiser um padrinho to aqui.
1390	PT	F&R	formal	multi	5.4	Na minha opinião, não há diferença nenhuma, amor e paixão se completam o que é muito bom.	na minha opinião não tem diferença nenhuma,amor e paixão se completam o k é muito bom.
1391	PT	F&R	formal	multi	4.2	Dizem que não, mas queria ser linda, mas seria mais fácil.	Dizem que não, mas queria eu ser linda, tdo seria mais fácil.
1392	PT	F&R	formal	mt_gyafc	5.8	A loucura que já fiz e depois me arrependi foi fazer faculdade ao mesmo tempo trabalhar e treinar basquetebol.	a loucura que já fiz e depois me arrependi foi fazer faculdade ao mesmo tempo trabalhar e treinar basquetebol.
1393	PT	F&R	formal	formal	4.6	Agressão e falta de respeito com outro ser humano são relacionados ao caráter de uma pessoa.	!Agressão já é caráter, alias falta de respeito com um ser humano!
1394	PT	F&R	formal	rt	4.8	Um tornado que caiu aqui perto de casa nos dias de hoje (nos EUA).	Um tornado que baixou aqui perto de casa esses dias (nos EUA).
1395	PT	F&R	formal	multi	3.8	Pelo mesmo motivo antes de fazer isso na outra pergunta sobre o pai.	pelo mesmo motivo antes citado na outra pergunta sobre pai !
1396	PT	F&R	formal	backtranslate	5.6	Homens preferem mulheres verdadeiras.	Homens preferem mulheres verdadeiras!!!!!!!!!!!
1397	PT	F&R	formal	multi	4.6	Deixe essa concepção romantizada que a mídia enfia na cabeça da gente.	Vamos deixar essa concepção romantizada que a mídia enfia na cabeça da gente.
1398	PT	F&R	formal	mt_gyafc	4.2	Se você perdeu a foto dele, então não era amizade, ou não perdeste nada.	se perdeste-a qd lhe mandaste  a foto então n era amizade, ou seja n perdeste nada.
1399	PT	F&R	formal	multi	5.6	Se for, escalareço que já o fíz, minha mãe me mandou para lá várias vezes.	Se for, escalareço que já o fíz, pois minha mãe me mandou pra lá várias vezes.
1400	PT	F&R	formal	formal	5.6	Só sei que fico muito mais bela quando faz frio!	Só sei q fico mt mais bonita qd faz frio!
1401	PT	F&R	formal	mt_gyafc	4.8	Eles gostam dos canalhas.	Elas gostam é dos canalhas
1402	PT	F&R	formal	backtranslate	5.6	Se não quiser saida frente que a fila anda.	se não quiser saida frente q a fila anda.
1403	PT	F&R	formal	multi	5.4	Uma pessoa pode se apaixonar por outra pessoa.	uma pessoa pode se apaixonar por  uma outra pessoa.
1404	PT	F&R	formal	rt	4.4	! agressão já é caráter, pseudônimo falta de respeito por um ser humano!	!Agressão já é caráter, alias falta de respeito com um ser humano!
1405	PT	F&R	formal	rt	5.0	Se você a perdeu quando enviou a foto, então não foi amizade, o que significa que você não perdeu nada.	se perdeste-a qd lhe mandaste  a foto então n era amizade, ou seja n perdeste nada.
1406	PT	F&R	formal	mt_gyafc	3.2	Foi só passar as mentiras da eleiçação, pão e tudo maisporisso que nosso dinheironão está mais sobrando.	foi só passar as mentiras da eleiçãoque começa a subir tudogasolina,pão,e tudo maisporisso q nosso dinheironão está mais sobrando
1407	PT	F&R	formal	multi	5.4	Ele vai se ligar logo e não vai forçar a barra.	Ai ele vai se ligar logo e ñ vai forçar a barra.
1408	PT	F&R	formal	rt	5.0	Vá para onde possa encontrá-la!	Vá até onde vc possa encontrá-la!
1409	PT	F&R	formal	rule_based	5.8	! um abraço, stela	!Um abraço,Stela
1410	PT	F&R	formal	mt_gyafc	5.2	Deixa de ser tão vulgar.	Deixa de ser tão vulgar!
1411	PT	F&R	formal	multi	5.6	Está no meu perfil.	Está no meu perfil!
1412	PT	F&R	formal	multi	5.8	Uma mistura dos dois seia perfeito!	Uma mistura dos dois seia perfeito!!
1413	PT	F&R	formal	rule_based	5.8	Um tornado que baixou aqui perto de casa esses dias( nos eua).	Um tornado que baixou aqui perto de casa esses dias (nos EUA).
1414	PT	F&R	formal	formal	4.8	Se isso for verdade, então estou na mesma situação que você se encontra.	?se for ,estou na mesma situaçao q vc !!
1415	PT	F&R	formal	multi	4.8	Se for, estou na mesma situação.	?se for ,estou na mesma situaçao q vc !!
1416	PT	F&R	formal	rule_based	6.0	De não ter desição própria, ficar não sei, pode ser, quem sabe, isso eles detestam.	De não ter desição própria, ficar não sei, pode ser, quem sabe, isso eles detestam.
1417	PT	F&R	formal	formal	4.8	A regra é ter foco e objetividade.	!FOCO E OBJETIVIDADE É A REGRA!!
1418	PT	F&R	formal	mt_gyafc	4.6	Eu acho que é horrível, mais a carne é fraca.	Já, acho horrível, mais a carne é fraca.
1419	PT	F&R	formal	formal	3.8	Se não quiser, saia da frente porque eu me desapego.	se não quiser saida frente q a fila anda.
1420	PT	F&R	formal	multi	4.6	Se perdeste-a QD lhe mandaste a foto, não era amizade ou não perdeste nada.	se perdeste-a qd lhe mandaste  a foto então n era amizade, ou seja n perdeste nada.
1421	PT	F&R	formal	formal	4.8	Não sou mulher e nem posso ser considerado mãe, mas concordo.	Não sou mãe, nem mulher, mas concordo com vc.
1422	PT	F&R	formal	mt_gyafc	6.0	Tem dia que da vondade de chorar mesmo.	Tem dia que da vondade de chorar mesmo.
1423	PT	F&R	formal	rt	4.8	Fazer sexo, comer e dormir.	transar, comer e dormir.
1424	PT	F&R	formal	backtranslate	4.4	Uma pessoa pode se apaixonar por uma pessoa.	uma pessoa pode se apaixonar por  uma outra pessoa.
1425	PT	F&R	formal	backtranslate	5.6	Não lembro nem o que comi ontem no jantar.	não lembro nem o que comi ontem no jantar.
1426	PT	F&R	formal	mt_gyafc	5.8	Uma mistura dos dois seia perfeito.	Uma mistura dos dois seia perfeito!!
1427	PT	F&R	formal	backtranslate	5.8	Ter uma familia maravilhosa, ter saude, paz, amor e acima de tudo ter deus no coração.	TEr uma familia maravilhosa, ter saude, paz, amor e acima de tudo ter Deus no coração.
1428	PT	F&R	formal	rule_based	6.0	Quando o mundo for gay eu me mudo pra marte!	Quando o mundo for gay eu me mudo pra Marte!
1429	PT	F&R	formal	rt	3.6	Há um dia que você quer chorar de qualquer maneira.	Tem dia que da vondade de chorar mesmo.
1430	PT	F&R	formal	formal	5.6	Não entendi mesmo.	Naum entendi mesmo!!!!
1431	PT	F&R	formal	rule_based	5.4	O ficar é hoje, uma maneira, que os jovens encontraram, de se relacionar, sem compromisso.	O ficar é hoje, uma maneira, que os jovens encontraram, de se relacionar, sem compromisso.
1432	PT	F&R	formal	mt_gyafc	5.8	Transar, comer e dormir.	transar, comer e dormir.
1433	PT	F&R	formal	multi	5.2	De repente, seria uma boa conhecer pessoas novas, se distrair mais, estar em busca de sua felicidade.	De repente seria uma boa conhecer pessoas novas, se distrair mais, estar em busca da SUA felicidade.
1434	PT	F&R	formal	formal	5.6	Não consigo me recordar nem mesmo o que jantei ontem a noite.	não lembro nem o que comi ontem no jantar.
1435	PT	F&R	formal	multi	5.6	Homens preferem mulheres verdadeiras.	Homens preferem mulheres verdadeiras!!!!!!!!!!!
1436	PT	F&R	formal	formal	4.8	Não desperdice a oportunidade, caso seja realmente seu amor.	Não deixe passar se é seu amor mesmo.
1437	PT	F&R	formal	rt	5.0	Se for, tenho a certeza que o fiz, porque a minha mãe mandou-me lá várias vezes.	Se for, escalareço que já o fíz, pois minha mãe me mandou pra lá várias vezes.
1438	PT	F&R	formal	rt	5.0	C está com um grande problema, irmão.	C tá com um problemão, brother.
1439	PT	F&R	formal	multi	4.0	Eles gostam de canalhas.	Elas gostam é dos canalhas
1440	PT	F&R	formal	mt_gyafc	4.8	É um fato de comprovado.	´É fato comprovado!!
1441	PT	F&R	formal	formal	4.8	Um tornado nos Estados Unidos da América passou aqui perto de casa recentemente.	Um tornado que baixou aqui perto de casa esses dias (nos EUA).
1442	PT	F&R	formal	formal	4.4	É um fato.	´É fato comprovado!!
1443	PT	F&R	formal	rule_based	6.0	Só sei que fico mt mais bonita qd faz frio!	Só sei q fico mt mais bonita qd faz frio!
1444	PT	F&R	formal	multi	5.6	Infelizmente, para mim, a mágoa não tem cura, não consigo perdoar.	Infelizmente para mim a mágoa não tem cura!Não consigo perdoar.
1445	PT	F&R	formal	multi	5.8	Vocês já não são mais crianças.	vocês já não são mais crianças.
1446	PT	F&R	formal	rule_based	5.8	E o principal quanto mais você levar a pessoa para perto de deus( igreja), mais perto leva para você mesmo.	E o principal quanto mais você  levar a pessoa para perto de Deus ( igreja ), mais perto leva para você mesmo.
1447	PT	F&R	formal	multi	5.6	Deixa de ser tão vulgar.	Deixa de ser tão vulgar!
1448	PT	F&R	formal	backtranslate	5.6	Pelo mesmo motivo antes citado na outra pergunta sobre pai!	pelo mesmo motivo antes citado na outra pergunta sobre pai !
1449	PT	F&R	formal	multi	5.6	Mande um SMS para ela.	!manda um SMS para ela!
1450	PT	F&R	formal	mt_gyafc	5.6	Sua namorada, apesar de ser do interior é mais esperta que você!	Tua namorada, apesar de ser do interior é mais esperta que Vc!
1451	PT	F&R	formal	formal	4.2	Eu moro em Jardim da Penha, na cidade de Vitória.	Eu sou de Jardim da Penha-Vitória
1452	PT	F&R	formal	mt_gyafc	5.6	Ter uma familia maravilhosa, ter saude, paz, amor e acima de tudo ter deus no coração.	TEr uma familia maravilhosa, ter saude, paz, amor e acima de tudo ter Deus no coração.
1453	PT	F&R	formal	rt	5.6	E celebre esta graça maravilhosa!	E celebre essa graça maravilhosa!
1454	PT	F&R	formal	rule_based	5.6	Se perdeste-a qd lhe mandaste a foto então não era amizade, ou seja não perdeste nada.	se perdeste-a qd lhe mandaste  a foto então n era amizade, ou seja n perdeste nada.
1455	PT	F&R	formal	backtranslate	5.8	Quando o mundo for gay eu me mudo pra marte!	Quando o mundo for gay eu me mudo pra Marte!
1456	PT	F&R	formal	rt	5.2	Meu amigo, eu tenho esse mesmo problema, mas minha esposa é um problema de doença.	Meu amigo,eu tenho este mesmo problema, mas a minha esposa é por problema de doença.
1457	PT	F&R	formal	formal	5.0	Acredito que seja uma opção melhor você pedir a alguém que tenha conhecimento sobre esse assunto e seja proprietário de um ‘website’.	melhor voce edir a alguem que tenha conhecimento e seja poprietaio de um site
1458	PT	F&R	formal	rule_based	5.6	Homens preferem mulheres verdadeiras!	Homens preferem mulheres verdadeiras!!!!!!!!!!!
1459	PT	F&R	formal	rt	5.0	Mal os vejo!	eu quase não os vejo!!
1460	PT	F&R	formal	mt_gyafc	3.0	Não tenho certeza, mas não sei, pode ser, quem sabe, eles odiam.	De não ter desição própria, ficar não sei, pode ser, quem sabe, isso eles detestam.
1461	PT	F&R	formal	backtranslate	5.6	Seja muuito determinada e feliz!	Seja muuuuito determinada e feliz!!!!!
1462	PT	F&R	formal	multi	6.0	Vai fundo filha, e se quiser um padrinho, estou aqui.	vai fundo filha, e se quiser um padrinho to aqui.
1463	PT	F&R	formal	formal	4.4	Não faça o garoto te temer assim no primeiro momento.	Não assuste o menino logo de cara!
1464	PT	F&R	formal	rule_based	5.8	Ter uma familia maravilhosa, ter saude, paz, amor e acima de tudo ter deus no coração.	TEr uma familia maravilhosa, ter saude, paz, amor e acima de tudo ter Deus no coração.
1465	PT	F&R	formal	multi	5.2	A prisão de ventre.	A prisão de ventre!
1466	PT	F&R	formal	multi	4.6	Tenha uma conversa com ele, eu acho que essa e a melhor forma de conversar.	Tenha uma conversa seria com ele acho que essa e a melhor forma .conversando.
1467	PT	F&R	formal	mt_gyafc	5.8	E nos faz viajar.	e nos faz viajar.
1468	PT	F&R	formal	backtranslate	5.6	Um tornado que baixou aqui perto de casa esses dias, nos Estados Unidos.	Um tornado que baixou aqui perto de casa esses dias (nos EUA).
1469	PT	F&R	formal	backtranslate	6.0	É fato comprovado!	´É fato comprovado!!
1470	PT	F&R	formal	multi	5.4	"Não tudo indica segundo estes ""estudiosos"", que Maria foi mãe de jesus, e Madalena, sua mulher!"	"Não td indica segundo estes ""estudiosos"", que Maria foi mãe de Jesus, e Madalena, sua mulher!"
1471	PT	F&R	formal	rt	4.6	Eles gostam dos canalhas	Elas gostam é dos canalhas
1472	PT	F&R	formal	formal	5.4	A loucura que já fiz e depois me arrependi foi cursar na faculdade e ao mesmo tempo trabalhar e treinar basquetebol.	a loucura que já fiz e depois me arrependi foi fazer faculdade ao mesmo tempo trabalhar e treinar basquetebol.
1473	PT	F&R	formal	mt_gyafc	5.6	Faz tempo já que o meu sumiu, tinha 16 anos.	Faz tempo já que o meu sumiu, tinha 16 anos.
1474	PT	F&R	formal	rule_based	5.8	Se voce gosta de le e ele de voce aproveite a felicidade pode esta em suas maos boa sorte!	se voce gosta de le e ele de voce aproveite a felicidade pode esta em suas maos boa sorte!
1475	PT	F&R	formal	backtranslate	3.2	Que sorte!	Que cara de sorte !
1476	PT	F&R	formal	multi	5.0	Se você gosta de le e ele de você, aproveite a felicidade pode esta em suas melhores sorte!	se voce gosta de le e ele de voce aproveite a felicidade pode esta em suas maos boa sorte!
1477	PT	F&R	formal	multi	4.2	É fato de provado!	´É fato comprovado!!
1478	PT	F&R	formal	formal	4.4	Essa pessoa tem graves problemas psicológicos. Esse fato ocorreu comigo na faculdade, contudo era um homem no meu caso.	Q essa pessoa tem sérios problemas psicológicos!Isso aconteceu cmg na facul, mas era homem, né!
1479	PT	F&R	formal	rule_based	5.6	Ai ele vai se ligar logo e não vai forçar a barra.	Ai ele vai se ligar logo e ñ vai forçar a barra.
1480	PT	F&R	formal	backtranslate	5.8	Eu quase não os vejo.	eu quase não os vejo!!
1481	PT	F&R	formal	rt	2.4	Juro que o sistema substitui com*	Palavrões que o sistema substitui por *
1482	PT	F&R	formal	multi	5.6	Foi só passar as mentiras da eleiçãoque começa a subir tudogasolina, pão, e tudo maisporisso que nosso dinheironão está mais sobrando.	foi só passar as mentiras da eleiçãoque começa a subir tudogasolina,pão,e tudo maisporisso q nosso dinheironão está mais sobrando
1483	PT	F&R	formal	backtranslate	5.4	Com certeza ainda dá tempo, eu também quero ser mãe novamente. Tenho 39 anos e estou me preparando para engravidar.	Com certeza ainda dá tempo, eu também quero ser mãe novamente, eu tenho 39 anos e estou me preparando para engravidar.
1484	PT	F&R	formal	multi	5.6	Infância, apesar de ter 18 anos, para mim, não a nada melhor do que a infância.	Infância, apesar de ter 18 anos, para mim não a nada melhor do que a infância
1485	PT	F&R	formal	mt_gyafc	5.4	Nem sempreeu sou mulher e não gosto de cozinha e gosto de futebol.	nem sempreeu sou mulher e não gosto de cozinha e gosto de futebol !!
1486	PT	F&R	formal	multi	4.6	Trair-me, mentir para mim, ser falso comigo, fazer algo de mau com minha filha, etc.	Me trair, mentir para mim, ser falso comigo, fazer algo de mau com minha filha, etc
1487	PT	F&R	formal	mt_gyafc	5.4	Se for gente 'da pesada, a polícia se encarrega de fazê-los pagar por isso!	E se for gente 'da pesada', a polícia se encarrega de fazê-los pagar por isso!
1488	PT	F&R	formal	mt_gyafc	5.4	Melhor voce edir a alguém que tenha conhecimento e seja poprietaio de um site.	melhor voce edir a alguem que tenha conhecimento e seja poprietaio de um site
1489	PT	F&R	formal	rt	4.6	Eu sou uma mulher e eu gosto de um homem Eu não tenho nenhuma atração por uma mulher, então eu sou foravc vai sentir prazer com a pessoa que atrai você	eu sou mulher e gosto de homemnão tenho atração por mulher, então to foravc vai sentir prazer com a pessoa que te atrair
1490	PT	F&R	formal	mt_gyafc	2.8	Eu gosto da 10 pontos miguinha.	mim da 10 pontos miguinha
1491	PT	F&R	formal	mt_gyafc	4.2	Tenha uma conversa com ele, acho que essa e a melhor forma.	Tenha uma conversa seria com ele acho que essa e a melhor forma .conversando.
1492	PT	F&R	formal	rt	3.4	É melhor editar alguém que tem conhecimento e é um site poprietaio	melhor voce edir a alguem que tenha conhecimento e seja poprietaio de um site
1493	PT	F&R	formal	mt_gyafc	6.0	Com certeza ainda dá tempo, eu também quero ser mãe novamente, eu tenho 39 anos e estou me preparando para engravidar.	Com certeza ainda dá tempo, eu também quero ser mãe novamente, eu tenho 39 anos e estou me preparando para engravidar.
1494	PT	F&R	formal	backtranslate	5.6	De repente seria uma boa conhecer pessoas novas, se distrair mais, estar em busca da sua felicidade.	De repente seria uma boa conhecer pessoas novas, se distrair mais, estar em busca da SUA felicidade.
1495	PT	F&R	formal	formal	4.4	Então mande as flores e espere ela ligar para você.	Então mande as flores e aguarde, nem ligue, deixe ela te procurar.
1496	PT	F&R	formal	formal	4.6	Assim, exatamente como é no aplicativo MSN.	Assim tal e qual como é no msn.
1497	PT	F&R	formal	backtranslate	5.8	Vá até onde você possa encontrá-la!	Vá até onde vc possa encontrá-la!
1498	PT	F&R	formal	formal	5.0	Ao menos esporadicamente.	Pelo menos algumas vezes.
1499	PT	F&R	formal	backtranslate	6.0	Sim, tem dias que dá vontade de dormir o dia todo.	Sim, tem dias que dá vontade de dormir o dia todo.
1500	PT	F&R	formal	mt_gyafc	5.6	Decepcionar-se com alguém que lhe é muito precioso.	Decepcionar-se com alguem que lhe é muito precioso.
1501	PT	F&R	formal	backtranslate	5.8	E Celebre essa graça maravilhosa!	E celebre essa graça maravilhosa!
1502	PT	F&R	formal	rule_based	5.8	Não imagine que te quero mal, apenas nâo te quero mais!	Não imagine q te quero mal, apenas nâo te quero mais!
1503	PT	F&R	formal	mt_gyafc	5.8	Pode desenrolar comigo se quiser, podemos ser bons amigos.	pode desenrolar comigo caso vc queira, podemos ser bons amigos.
1504	PT	F&R	formal	rt	5.2	E quando você acha que já falou o suficiente, fale mais.	E quando vc achar que já conversou o bastante converse mais.
1505	PT	F&R	formal	multi	5.8	Afinal, toda a gente tem o direito de conviver com seu próprio pai e esse menino (a) não é excepção!	Afinal toda a gente tem o direito de conviver com o seu próprio pai e esse menino(a) não é excepção!
1506	PT	F&R	formal	backtranslate	5.8	Vamos deixar essa concepção romantizada que a mídia enfia na cabeça da gente.	Vamos deixar essa concepção romantizada que a mídia enfia na cabeça da gente.
1507	PT	F&R	formal	rt	4.0	Eu realmente não entendo!	Naum entendi mesmo!!!!
1508	PT	F&R	formal	backtranslate	6.0	Pelo menos algumas vezes.	Pelo menos algumas vezes.
1509	PT	F&R	formal	rule_based	5.4	Concordo também, apesar de não ser uma nem outra em um lugar nem outro!	concordo tbm, apesar d não ser uma nem outra em um lugar nem outro!!
1510	PT	F&R	formal	formal	5.4	Procure ajuda nas saídas das igrejas, pequenas e médias empresas, de porta em porta, e verá que conseguirá juntar muito dinheiro.	Procure ajuda na saída das igrejas, pequenas e médias empresas e porta em porta e verá que conseguirá juntar muito dinheiro.
1511	PT	F&R	formal	mt_gyafc	5.4	De dois um: Ou mergulhe no trabalho / estudo ou abra seu coração para conhecer uma pessoa melhor.	De dois um: ou mergulhe no trabalho/estudo ou abra seu coração pra conhecer uma pessoa melhor!!!
1512	PT	F&R	formal	rt	2.8	Se você não quer sair na frente, a linha se move.	se não quiser saida frente q a fila anda.
1513	PT	F&R	formal	backtranslate	6.0	Uma mistura dos dois seia perfeito!	Uma mistura dos dois seia perfeito!!
1514	PT	F&R	formal	multi	5.6	Quando você achar que já conversou o bastante converse mais.	E quando vc achar que já conversou o bastante converse mais.
1515	PT	F&R	formal	multi	3.4	Eu gosto de 10 pontos miguinha.	mim da 10 pontos miguinha
1516	PT	F&R	formal	rt	5.4	Pela mesma razão antes citado na outra pergunta sobre o pai!	pelo mesmo motivo antes citado na outra pergunta sobre pai !
1517	PT	F&R	formal	multi	5.4	Só sei que fico mais bonita QD faz frio.	Só sei q fico mt mais bonita qd faz frio!
1518	PT	F&R	formal	mt_gyafc	5.8	Uma pessoa pode se apaixonar por uma outra pessoa.	uma pessoa pode se apaixonar por  uma outra pessoa.
1519	PT	F&R	formal	multi	5.2	Se tive correr atrazta perdendotempovai logorsrs.	?se tive correr atrazta perdendotempovai logorsrsrs
1520	PT	F&R	formal	backtranslate	2.2	Parece que ela não acritida.	fala a vertade mesmo que ela não acritida
1521	PT	F&R	formal	rt	6.0	Que cara de sorte!	Que cara de sorte !
1522	PT	F&R	formal	multi	4.4	Eu sou do jardim da PENHA.	Eu sou de Jardim da Penha-Vitória
1523	PT	F&R	formal	formal	3.8	Elas gostam dos homens infames.	Elas gostam é dos canalhas
1524	PT	F&R	formal	rule_based	5.8	Sim, tem dias que dá vontade de dormir o dia todo.	Sim, tem dias que dá vontade de dormir o dia todo.
1525	PT	F&R	formal	mt_gyafc	5.8	Não deixe passar se é seu amor mesmo.	Não deixe passar se é seu amor mesmo.
1526	PT	F&R	formal	rule_based	5.8	De dois um: ou mergulhe no trabalho/estudo ou abra seu coração pra conhecer uma pessoa melhor!	De dois um: ou mergulhe no trabalho/estudo ou abra seu coração pra conhecer uma pessoa melhor!!!
1527	PT	F&R	formal	backtranslate	5.4	"Não tudo indica segundo estes ""estudiosos"", que maria foi mãe de jesus, e Madalena, sua mulher!"	"Não td indica segundo estes ""estudiosos"", que Maria foi mãe de Jesus, e Madalena, sua mulher!"
1528	PT	F&R	formal	formal	4.4	Tais como me trair, mentir para mim, ser falso comigo ou fazer algo de ruim com a minha filha, por exemplo.	Me trair, mentir para mim, ser falso comigo, fazer algo de mau com minha filha, etc
1529	PT	F&R	formal	backtranslate	4.6	As vezes é necessário!	Porque as vezes é necessário!!!!!!!!!!!!
1530	PT	F&R	formal	formal	3.6	Eu sou uma mulher heterossexual, portanto, me atraio apenas por homens.	eu sou mulher e gosto de homemnão tenho atração por mulher, então to foravc vai sentir prazer com a pessoa que te atrair
1531	PT	F&R	formal	rule_based	5.6	Mim da 10 pontos miguinha	mim da 10 pontos miguinha
1532	PT	F&R	formal	backtranslate	5.4	Sua namorada, apesar de ser do interior é mais esperta que você!	Tua namorada, apesar de ser do interior é mais esperta que Vc!
1533	PT	F&R	formal	formal	4.6	Essa informação está disponível no meu perfil.	Está no meu perfil!
1534	PT	F&R	formal	rule_based	5.6	Não sou mãe, nem mulher, mas concordo com você.	Não sou mãe, nem mulher, mas concordo com vc.
1535	PT	F&R	formal	formal	3.8	Não sou homem, portanto, não tenho propriedade sobre o que falo, mas acredito que os homens sentem prazer ao observar a pessoa com que eles estão sentindo prazer também.	não sou homem,mas acho que eles sentem prazer justamente por estar dando prazer a quem está com ele.
1536	PT	F&R	formal	formal	4.6	Tinha 16 anos na época em que o meu sumiu.	Faz tempo já que o meu sumiu, tinha 16 anos.
1537	PT	F&R	formal	rt	4.4	Fala o vertade mesmo que não seja acritado	fala a vertade mesmo que ela não acritida
1538	PT	F&R	formal	rt	4.0	Seja muito determinado e feliz!	Seja muuuuito determinada e feliz!!!!!
1539	PT	F&R	formal	multi	4.0	O relacionamento é hoje, uma maneira que os jovens encontraram, de se relacionar, sem compromisso.	O ficar é hoje, uma maneira, que os jovens encontraram, de se relacionar, sem compromisso.
1540	PT	F&R	formal	rt	4.4	Então, como é no msn.	Assim tal e qual como é no msn.
1541	PT	F&R	formal	rt	4.0	! todos os dias eu recebo pessoas desaparecidas e-mail	!Todo dia recebo email de pessoa desaparecidas
1542	PT	F&R	formal	rule_based	5.8	Não lembro nem o que comi ontem no jantar.	não lembro nem o que comi ontem no jantar.
1543	PT	F&R	formal	rule_based	6.0	Palavrões que o sistema substitui por*	Palavrões que o sistema substitui por *
1544	PT	F&R	formal	rule_based	6.0	Mas, nunca vi ninguém morrer disso, mano.	Mas, nunca vi ninguém morrer disso, mano.
1545	PT	F&R	formal	multi	5.6	Com certeza ainda dá tempo, eu também quero ser mãe novamente, eu tenho 39 anos e estou me preparando para engravidar.	Com certeza ainda dá tempo, eu também quero ser mãe novamente, eu tenho 39 anos e estou me preparando para engravidar.
1546	PT	F&R	formal	rule_based	5.8	Faz tempo já que o meu sumiu, tinha 16 anos.	Faz tempo já que o meu sumiu, tinha 16 anos.
1547	PT	F&R	formal	backtranslate	5.8	Deixa de ser tão vulgar!	Deixa de ser tão vulgar!
1548	PT	F&R	formal	mt_gyafc	3.8	Palavrões que o sistema substitui.	Palavrões que o sistema substitui por *
1549	PT	F&R	formal	backtranslate	5.8	Vocês já não são mais crianças.	vocês já não são mais crianças.
1550	PT	F&R	formal	formal	4.4	Uma combinação entre os dois seria perfeita.	Uma mistura dos dois seia perfeito!!
1551	PT	F&R	formal	mt_gyafc	5.2	De repente, seria uma boa conhecer pessoas novas, se distrair mais, estar em busca da sua felicidade.	De repente seria uma boa conhecer pessoas novas, se distrair mais, estar em busca da SUA felicidade.
1552	PT	F&R	formal	rt	4.2	Se você gosta dele e ele você gosta de felicidade pode isso em suas mãos boa sorte!	se voce gosta de le e ele de voce aproveite a felicidade pode esta em suas maos boa sorte!
1553	PT	F&R	formal	formal	5.0	Vamos cessar essa concepção romantizada que a mídia impõe a nós.	Vamos deixar essa concepção romantizada que a mídia enfia na cabeça da gente.
1554	PT	F&R	formal	backtranslate	6.0	Está no meu perfil!	Está no meu perfil!
1555	PT	F&R	formal	formal	3.6	Foi só falar das mentiras da eleição que começa o preço da gasolina, do pão e de outras coisas subiu, e é por esse motivo que não sobra mais dinheiro até o fim do mês.	foi só passar as mentiras da eleiçãoque começa a subir tudogasolina,pão,e tudo maisporisso q nosso dinheironão está mais sobrando
1556	PT	F&R	formal	backtranslate	5.2	"Pq eles têm a famosa ""crise de machão"", aquele que é auto-suficiente em tudo!"	"Pq eles têm a famosa ""crise de machão"", aquele q é auto-suficiente em td!!"
1557	PT	F&R	formal	backtranslate	6.0	Faz tempo já que o meu sumiu, tinha 16 anos.	Faz tempo já que o meu sumiu, tinha 16 anos.
1558	PT	F&R	formal	rule_based	6.0	Deixa de ser tão vulgar!	Deixa de ser tão vulgar!
1559	PT	F&R	formal	backtranslate	5.8	Não sou mãe, nem mulher, mas concordo com você.	Não sou mãe, nem mulher, mas concordo com vc.
1560	PT	F&R	formal	backtranslate	6.0	Afinal toda a gente tem o direito de conviver com o seu próprio pai e esse menino (a) não é excepção!	Afinal toda a gente tem o direito de conviver com o seu próprio pai e esse menino(a) não é excepção!
1561	PT	F&R	formal	multi	5.4	Pq eles têm a famosa crise de machão, aquele que é auto-suficiente em tudo!	"Pq eles têm a famosa ""crise de machão"", aquele q é auto-suficiente em td!!"
1562	PT	F&R	formal	multi	5.4	Acho que não tem nada pior do que sentir falta de alguém que você nunca mais pode ver isso doi.	Acho q ñ tem nada pior do que sentir falta de alguem q vc nunca mais podera ver isso doi muito.
1563	PT	F&R	formal	backtranslate	5.4	Hhuumm delícia!	hhuuuummmm DELÍCIAAAAAAAAA!!!!!!!!!
1564	PT	F&R	formal	backtranslate	5.2	Nunca vi ninguém morrer disso, mano.	Mas, nunca vi ninguém morrer disso, mano.
1565	PT	F&R	formal	multi	5.8	É loucura, mas são nossos instintos básicos, animais!	!É loucura, mas são nossos instintos básicos, animais!
1566	PT	F&R	formal	multi	5.2	Se for pessoas da pesada, a polícia se encarrega de fazê-los pagar por isso.	E se for gente 'da pesada', a polícia se encarrega de fazê-los pagar por isso!
1567	PT	F&R	formal	rule_based	5.6	Se for, escalareço que já o fíz, pois minha mãe me mandou pra lá várias vezes.	Se for, escalareço que já o fíz, pois minha mãe me mandou pra lá várias vezes.
1568	PT	F&R	formal	rule_based	5.6	´é fato comprovado!	´É fato comprovado!!
1569	PT	F&R	formal	backtranslate	5.6	Não uso nenhum.	Eu não uso nenhum.
1570	PT	F&R	formal	multi	4.6	Fale com ela, você pode acabar maxucando ela se fikar com ela não se sentir atraído por ela.	fala com ela issu, vc pode acabar maxucando ela se fikar com ela naum sentindo nem uma atração por ela.
1571	PT	F&R	formal	formal	4.6	Diga aos seus pais que ele é rico e foi seminarista.	DIZER AOS SEUS PAIS QUE ELE É RICO E EX-SEMINARISTA
1572	PT	F&R	formal	mt_gyafc	5.8	Eu, e você é a Amanda.	Eu ,e você é a Amanda !
1573	PT	F&R	formal	formal	4.4	Não pense que eu quero o seu mal, apenas não quero mais me relacionar com você.	Não imagine q te quero mal, apenas nâo te quero mais!
1574	PT	F&R	formal	rt	5.4	Infância, apesar de ter 18 anos, para mim nada melhor do que a infância	Infância, apesar de ter 18 anos, para mim não a nada melhor do que a infância
1575	PT	F&R	formal	rule_based	5.8	Infância, apesar de ter 18 anos, para mim não a nada melhor do que a infância	Infância, apesar de ter 18 anos, para mim não a nada melhor do que a infância
1576	PT	F&R	formal	multi	2.6	Eu não tenho nenhuma resposta própria, então eu não sei, pode ser, quem sabe, que eles odeiam.	De não ter desição própria, ficar não sei, pode ser, quem sabe, isso eles detestam.
1577	PT	F&R	formal	mt_gyafc	5.6	Homens preferem mulheres verdadeiras.	Homens preferem mulheres verdadeiras!!!!!!!!!!!
1578	PT	F&R	formal	backtranslate	5.8	Os homens acham que a vida hoje é ficar bombado, que mulher gosta é disso!	Os homens acham que a vida hj é ficar bombado, que mulher gosta é disso!
1579	PT	F&R	formal	rule_based	5.6	Pq eles têm a famosa `` crise de machão'', aquele que é auto-suficiente em tudo!	"Pq eles têm a famosa ""crise de machão"", aquele q é auto-suficiente em td!!"
1580	PT	F&R	formal	rt	5.6	Vocês não são mais crianças.	vocês já não são mais crianças.
1581	PT	F&R	formal	mt_gyafc	5.6	Está no meu perfil.	Está no meu perfil!
1582	PT	F&R	formal	rt	6.0	! Isso não é amor!	!Isso não é Amor !!
1583	PT	F&R	formal	mt_gyafc	5.4	Agressão já é caráter, alias falta de respeito com um ser humano.	!Agressão já é caráter, alias falta de respeito com um ser humano!
1584	PT	F&R	formal	mt_gyafc	5.8	Infância, apesar de ter 18 anos, para mim não a nada melhor do que a infância.	Infância, apesar de ter 18 anos, para mim não a nada melhor do que a infância
1585	PT	F&R	formal	rt	5.8	Mas nunca vi ninguém morrer disso, mano.	Mas, nunca vi ninguém morrer disso, mano.
1586	PT	F&R	formal	backtranslate	6.0	O ficar é hoje, uma maneira, que os jovens encontraram, de se relacionar, sem compromisso.	O ficar é hoje, uma maneira, que os jovens encontraram, de se relacionar, sem compromisso.
1587	PT	F&R	formal	rt	5.4	! É loucura, mas são os nossos instintos básicos, animais!	!É loucura, mas são nossos instintos básicos, animais!
1588	PT	F&R	formal	multi	5.2	Porque as vezes é necessário.	Porque as vezes é necessário!!!!!!!!!!!!
1589	PT	F&R	formal	rt	5.4	Só sei que sou mais bonita quando está frio!	Só sei q fico mt mais bonita qd faz frio!
1590	PT	F&R	formal	rule_based	5.8	E quando você achar que já conversou o bastante converse mais.	E quando vc achar que já conversou o bastante converse mais.
1591	PT	F&R	formal	rt	5.2	Na minha opinião, não há diferença, amor e paixão completam o que é muito bom.	na minha opinião não tem diferença nenhuma,amor e paixão se completam o k é muito bom.
1592	PT	F&R	formal	rt	5.6	É fato comprovado!	´É fato comprovado!!
1593	PT	F&R	formal	rule_based	5.8	Vamos deixar essa concepção romantizada que a mídia enfia na cabeça da gente.	Vamos deixar essa concepção romantizada que a mídia enfia na cabeça da gente.
1594	PT	F&R	formal	multi	5.0	É muito relativo, mas depende muito de cada pessoa.	!é muito relativo,depende muito de cada pessoa!!
1595	PT	F&R	formal	multi	4.2	Mergulhe no trabalho / estudo ou abra seu coração para conhecer uma pessoa melhor.	De dois um: ou mergulhe no trabalho/estudo ou abra seu coração pra conhecer uma pessoa melhor!!!
1596	PT	F&R	formal	rt	4.6	Afinal, todos têm o direito de viver com seu próprio pai e esse menino não é exceção!	Afinal toda a gente tem o direito de conviver com o seu próprio pai e esse menino(a) não é excepção!
1597	PT	F&R	formal	rule_based	5.2	? se tive correr atrazta perdendotempovai logorsrsrs	?se tive correr atrazta perdendotempovai logorsrsrs
1598	PT	F&R	formal	rule_based	5.8	Ele só não quis.	Ele só não quis.
1599	PT	F&R	formal	multi	2.6	É melhor você ter conhecimento e ser poprietaio de um site.	melhor voce edir a alguem que tenha conhecimento e seja poprietaio de um site
1600	PT	F&R	formal	backtranslate	5.8	Procure ajuda na saída das igrejas, pequenas e médias empresas e porta em porta e verá que conseguirá juntar muito dinheiro.	Procure ajuda na saída das igrejas, pequenas e médias empresas e porta em porta e verá que conseguirá juntar muito dinheiro.
1601	PT	F&R	formal	backtranslate	5.8	Dizem que não, mas queria eu ser linda, tdo seria mais fácil.	Dizem que não, mas queria eu ser linda, tdo seria mais fácil.
1602	PT	F&R	formal	rt	3.6	Você não engole quem quiser!	Não só engole quem QUER!
1603	PT	F&R	formal	mt_gyafc	5.6	Na minha opinião, não há diferença, amor e paixão se completam o que é muito bom.	na minha opinião não tem diferença nenhuma,amor e paixão se completam o k é muito bom.
1604	PT	F&R	formal	rule_based	6.0	Uma pessoa pode se apaixonar por uma outra pessoa.	uma pessoa pode se apaixonar por  uma outra pessoa.
1605	PT	F&R	formal	multi	6.0	Pelo menos algumas vezes.	Pelo menos algumas vezes.
1606	PT	F&R	formal	backtranslate	5.8	De dois um: Ou mergulhe no trabalho / estudo ou abra seu coração pra conhecer uma pessoa melhor!	De dois um: ou mergulhe no trabalho/estudo ou abra seu coração pra conhecer uma pessoa melhor!!!
1607	PT	F&R	formal	rt	5.6	Então mande as flores e espere, nem ligue, deixe ela te procurar.	Então mande as flores e aguarde, nem ligue, deixe ela te procurar.
1608	PT	F&R	formal	backtranslate	5.4	Sou mulher e gosto de homemnão tenho atração por mulher, então estou foravc vai sentir prazer com a pessoa que te atrair.	eu sou mulher e gosto de homemnão tenho atração por mulher, então to foravc vai sentir prazer com a pessoa que te atrair
1609	PT	F&R	formal	mt_gyafc	5.6	Todo dia recebo e-mail de pessoa desaparecidas.	!Todo dia recebo email de pessoa desaparecidas
1610	PT	F&R	formal	backtranslate	6.0	Eu, e você é a amanda!	Eu ,e você é a Amanda !
1611	PT	F&R	formal	rt	6.0	Pelo menos algumas vezes.	Pelo menos algumas vezes.
1612	PT	F&R	formal	rt	4.6	Nem tudo indica, segundo estes “estudiosos”, que Maria era a mãe de Jesus, e Madalena, sua esposa!	"Não td indica segundo estes ""estudiosos"", que Maria foi mãe de Jesus, e Madalena, sua mulher!"
1613	PT	F&R	formal	mt_gyafc	5.8	Me trair, mentir para mim, ser falso comigo, fazer algo de mau com minha filha, etc.	Me trair, mentir para mim, ser falso comigo, fazer algo de mau com minha filha, etc
1614	PT	F&R	formal	mt_gyafc	5.4	Não tudo indica segundo estes estudiosos, que maria foi mãe de Jesus, e madalena, sua mulher!	"Não td indica segundo estes ""estudiosos"", que Maria foi mãe de Jesus, e Madalena, sua mulher!"
1615	PT	F&R	formal	rule_based	5.4	Vá até onde você possa encontrá-la!	Vá até onde vc possa encontrá-la!
1616	PT	F&R	formal	rt	3.6	Eu sou do jardim da vitória da pata	Eu sou de Jardim da Penha-Vitória
1617	PT	F&R	formal	multi	5.0	Se você fizer sua parte, ela também vai procurar por ela.	Se voce fizer sua parte, com certeza ela tb vai procurar fazer a dela.
1618	PT	F&R	formal	multi	5.0	Além disso, nos faz viajar.	e nos faz viajar.
1619	PT	F&R	formal	mt_gyafc	4.8	Assim como no MSN.	Assim tal e qual como é no msn.
1620	PT	F&R	formal	backtranslate	5.6	Só sei que fico mt mais bonita qd faz frio!	Só sei q fico mt mais bonita qd faz frio!
1621	PT	F&R	formal	rule_based	5.8	Fala a vertade mesmo que ela não acritida	fala a vertade mesmo que ela não acritida
1622	PT	F&R	formal	rule_based	5.8	E celebre essa graça maravilhosa!	E celebre essa graça maravilhosa!
1623	PT	F&R	formal	mt_gyafc	5.4	Não imagine que te quero mal, apenas nâo te quero mais.	Não imagine q te quero mal, apenas nâo te quero mais!
1624	PT	F&R	formal	backtranslate	5.8	Melhor voce edir a alguem que tenha conhecimento e seja poprietaio de um site.	melhor voce edir a alguem que tenha conhecimento e seja poprietaio de um site
1625	PT	F&R	formal	multi	4.8	Não deixe passar se é seu amor.	Não deixe passar se é seu amor mesmo.
1626	PT	F&R	formal	rule_based	5.8	E nos faz viajar.	e nos faz viajar.
1627	PT	F&R	formal	multi	5.4	Seja muuito determinada e feliz!	Seja muuuuito determinada e feliz!!!!!
1628	PT	F&R	formal	multi	5.6	Um abraço, stela.	!Um abraço,Stela
1629	PT	F&R	formal	rule_based	5.4	Não entendi mesmo!	Naum entendi mesmo!!!!
1630	PT	F&R	formal	rt	5.0	A constipação!	A prisão de ventre!
1631	PT	F&R	formal	rt	4.0	Fale com ela, você pode acabar chorando com ela se não estiver sentindo atração por ela.	fala com ela issu, vc pode acabar maxucando ela se fikar com ela naum sentindo nem uma atração por ela.
1632	PT	F&R	formal	rt	5.0	Tenha uma família maravilhosa, tenha saúde, paz, amor e, acima de tudo, tenha Deus em seu coração.	TEr uma familia maravilhosa, ter saude, paz, amor e acima de tudo ter Deus no coração.
1633	PT	F&R	formal	multi	5.6	A loucura que já fiz e depois me arrependi foi fazer faculdade ao mesmo tempo trabalhar e treinar basquete.	a loucura que já fiz e depois me arrependi foi fazer faculdade ao mesmo tempo trabalhar e treinar basquetebol.
1634	PT	F&R	formal	rule_based	5.8	A prisão de ventre!	A prisão de ventre!
1635	PT	F&R	formal	multi	6.0	Eu não uso nenhum.	Eu não uso nenhum.
1636	PT	F&R	formal	formal	5.8	Deixe de ser tão vulgar.	Deixa de ser tão vulgar!
1637	PT	F&R	formal	multi	5.8	Transar, comer e dormir.	transar, comer e dormir.
1638	PT	F&R	formal	formal	5.6	Dizem que não, mas eu gostaria de ser linda, tudo seria mais fácil.	Dizem que não, mas queria eu ser linda, tdo seria mais fácil.
1639	PT	F&R	formal	backtranslate	5.2	É muito relativo, depende muito de cada pessoa.	!é muito relativo,depende muito de cada pessoa!!
1640	PT	F&R	formal	formal	5.0	Isso parece ser loucura, mas é devido aos nossos instintos básicos, ou seja, animais.	!É loucura, mas são nossos instintos básicos, animais!
1641	PT	F&R	formal	backtranslate	5.8	Tem dia que da vondade de chorar mesmo.	Tem dia que da vondade de chorar mesmo.
1642	PT	F&R	formal	mt_gyafc	5.4	Porque as vezes é necessário.	Porque as vezes é necessário!!!!!!!!!!!!
1643	PT	F&R	formal	rule_based	6.0	Procure ajuda na saída das igrejas, pequenas e médias empresas e porta em porta e verá que conseguirá juntar muito dinheiro.	Procure ajuda na saída das igrejas, pequenas e médias empresas e porta em porta e verá que conseguirá juntar muito dinheiro.
1644	PT	F&R	formal	backtranslate	6.0	Se for, escalareço que já o fíz, pois minha mãe me mandou pra lá várias vezes.	Se for, escalareço que já o fíz, pois minha mãe me mandou pra lá várias vezes.
1645	PT	F&R	formal	rt	4.8	Diga aos seus pais que ele é rico e ex-seminarista.	DIZER AOS SEUS PAIS QUE ELE É RICO E EX-SEMINARISTA
1646	PT	F&R	formal	mt_gyafc	6.0	Não assuste o menino logo de cara.	Não assuste o menino logo de cara!
1647	PT	F&R	formal	backtranslate	5.4	Meu amigo, eu tenho este mesmo problema, mas a minha esposa é por problema de doença.	Meu amigo,eu tenho este mesmo problema, mas a minha esposa é por problema de doença.
1648	PT	F&R	formal	rule_based	5.8	! agressão já é caráter, alias falta de respeito com um ser humano!	!Agressão já é caráter, alias falta de respeito com um ser humano!
1649	PT	F&R	formal	rt	4.8	Não deixe passar se é o seu amor.	Não deixe passar se é seu amor mesmo.
1650	PT	F&R	formal	rt	4.0	? se eu tivesse corrido atrás de perder tempo	?se tive correr atrazta perdendotempovai logorsrsrs
1651	PT	F&R	formal	rt	5.0	Me de 10 pontos miguinha	mim da 10 pontos miguinha
1652	PT	F&R	formal	multi	5.6	"Eu sou uma mulher e gosto de ""homemnão tenho atração por mulheres, então eu estou foravc vai sentir prazer com a pessoa que te atrair""."	eu sou mulher e gosto de homemnão tenho atração por mulher, então to foravc vai sentir prazer com a pessoa que te atrair
1653	PT	F&R	formal	rule_based	6.0	Dizem que não, mas queria eu ser linda, tdo seria mais fácil.	Dizem que não, mas queria eu ser linda, tdo seria mais fácil.
1654	PT	F&R	formal	formal	3.6	Não é sempre que sou mulher, além disso não gosto de cozinhar e de assistir futebol.	nem sempreeu sou mulher e não gosto de cozinha e gosto de futebol !!
1655	PT	F&R	formal	rule_based	5.6	Tua namorada, apesar de ser do interior é mais esperta que você!	Tua namorada, apesar de ser do interior é mais esperta que Vc!
1656	PT	F&R	formal	rule_based	6.0	Com certeza ainda dá tempo, eu também quero ser mãe novamente, eu tenho 39 anos e estou me preparando para engravidar.	Com certeza ainda dá tempo, eu também quero ser mãe novamente, eu tenho 39 anos e estou me preparando para engravidar.
1657	PT	F&R	formal	formal	5.0	Contudo, meu caro, eu nunca soube de ninguém que morreu por causa disso.	Mas, nunca vi ninguém morrer disso, mano.
1658	PT	F&R	formal	formal	5.6	Não só engole quem quer!	Não só engole quem QUER!
1659	PT	F&R	formal	mt_gyafc	3.6	Isso é muito bom.	hhuuuummmm DELÍCIAAAAAAAAA!!!!!!!!!
1660	PT	F&R	formal	rule_based	5.4	Eu sou mulher e gosto de homemnão tenho atração por mulher, então estou foravc vai sentir prazer com a pessoa que te atrair	eu sou mulher e gosto de homemnão tenho atração por mulher, então to foravc vai sentir prazer com a pessoa que te atrair
1661	PT	F&R	formal	multi	5.4	C está com um problemão, irmão.	C tá com um problemão, brother.
1662	PT	F&R	formal	backtranslate	5.6	Todo dia recebo email de pessoa desaparecidas.	!Todo dia recebo email de pessoa desaparecidas
1663	PT	F&R	formal	rt	5.8	Vamos deixar essa concepção romantizada que a mídia coloca em nossas cabeças.	Vamos deixar essa concepção romantizada que a mídia enfia na cabeça da gente.
1664	PT	F&R	formal	backtranslate	5.4	Pode desenrolar comigo caso você queira, podemos ser bons amigos.	pode desenrolar comigo caso vc queira, podemos ser bons amigos.
1665	PT	F&R	formal	mt_gyafc	3.4	A velha escola é velha, mas ainda é engraçada.	esta é bem antiguinha mas ainda é engraçada.
1666	PT	F&R	formal	rule_based	5.8	De repente seria uma boa conhecer pessoas novas, se distrair mais, estar em busca da sua felicidade.	De repente seria uma boa conhecer pessoas novas, se distrair mais, estar em busca da SUA felicidade.
1667	PT	F&R	formal	multi	5.4	Isso não é amor.	!Isso não é Amor !!
1668	PT	F&R	formal	rule_based	5.2	Se não quiser saida frente que a fila anda.	se não quiser saida frente q a fila anda.
1669	PT	F&R	formal	mt_gyafc	5.6	Pelo mesmo motivo antes citado na outra pergunta sobre pai!	pelo mesmo motivo antes citado na outra pergunta sobre pai !
1670	PT	F&R	formal	multi	5.6	Não sou mãe, nem mulher, mas concordo com você.	Não sou mãe, nem mulher, mas concordo com vc.
1671	PT	F&R	formal	rt	6.0	Porque às vezes é necessário!	Porque as vezes é necessário!!!!!!!!!!!!
1672	PT	F&R	formal	rt	3.8	Nem sequer sou mulher, nem gosto de cozinhar e gosto de futebol!	nem sempreeu sou mulher e não gosto de cozinha e gosto de futebol !!
1673	PT	F&R	formal	rt	5.4	Trair-me, mentir para mim, ser falso para mim, fazer algo ruim para a minha filha, etc.	Me trair, mentir para mim, ser falso comigo, fazer algo de mau com minha filha, etc
1674	PT	F&R	formal	multi	5.6	Não só engole quem quer.	Não só engole quem QUER!
1675	PT	F&R	formal	backtranslate	5.6	Não imagine que te quero mal, apenas nâo te quero mais!	Não imagine q te quero mal, apenas nâo te quero mais!
1676	PT	F&R	formal	backtranslate	5.4	Foi só passar as mentiras da eleiçãoque começa a subir tudogasolina, pão, e tudo maisporisso que nosso dinheironão está mais sobrando.	foi só passar as mentiras da eleiçãoque começa a subir tudogasolina,pão,e tudo maisporisso q nosso dinheironão está mais sobrando
1677	PT	F&R	formal	formal	5.6	Vocês não são mais crianças.	vocês já não são mais crianças.
1678	PT	F&R	formal	mt_gyafc	6.0	Ele só não quis.	Ele só não quis.
1679	PT	F&R	formal	rt	5.6	Se fizeres a tua parte, tenho a certeza que ela vai tentar fazer a dela também.	Se voce fizer sua parte, com certeza ela tb vai procurar fazer a dela.
1680	PT	F&R	formal	formal	3.8	Você é a Amanda.	Eu ,e você é a Amanda !
1681	PT	F&R	formal	mt_gyafc	5.8	Eu sou de jardim da PENHA-vitória.	Eu sou de Jardim da Penha-Vitória
1682	PT	F&R	formal	rt	4.4	Ele só não queria.	Ele só não quis.
1683	PT	F&R	formal	rt	4.2	Este é bem velho, mas ainda engraçado.	esta é bem antiguinha mas ainda é engraçada.
1684	PT	F&R	formal	mt_gyafc	5.4	Foco e objetividade é a regra.	!FOCO E OBJETIVIDADE É A REGRA!!
1685	PT	F&R	formal	formal	5.4	"O ""ficar"" é um modo que os jovens dos dias atuais encontraram de relacionarem-se entre si sem a adesão de um compromisso."	O ficar é hoje, uma maneira, que os jovens encontraram, de se relacionar, sem compromisso.
1686	PT	F&R	formal	multi	5.8	Tem dia que da vondade de chorar mesmo.	Tem dia que da vondade de chorar mesmo.
1687	PT	F&R	formal	rule_based	5.6	Não deixe passar se é seu amor mesmo.	Não deixe passar se é seu amor mesmo.
1688	PT	F&R	formal	backtranslate	5.8	A loucura que já fiz e depois me arrependi foi fazer faculdade ao mesmo tempo trabalhar e treinar basquetebol.	a loucura que já fiz e depois me arrependi foi fazer faculdade ao mesmo tempo trabalhar e treinar basquetebol.
1689	PT	F&R	formal	rt	4.0	Sua namorada, apesar de ser do país, é mais esperta que você!	Tua namorada, apesar de ser do interior é mais esperta que Vc!
1690	PT	F&R	formal	mt_gyafc	5.6	Não só engole quem quer.	Não só engole quem QUER!
1691	PT	F&R	formal	backtranslate	5.4	Não sou homem, mas acho que sentem prazer justamente por estar dando prazer a quem está com ele.	não sou homem,mas acho que eles sentem prazer justamente por estar dando prazer a quem está com ele.
1692	PT	F&R	formal	formal	4.8	Comemore essa benção.	E celebre essa graça maravilhosa!
1693	PT	F&R	formal	mt_gyafc	5.6	C tem um problemão, brother.	C tá com um problemão, brother.
1694	PT	F&R	formal	rule_based	5.4	Nem sempreeu sou mulher e não gosto de cozinha e gosto de futebol!	nem sempreeu sou mulher e não gosto de cozinha e gosto de futebol !!
1695	PT	F&R	formal	formal	5.0	Homens escolhem mulheres honestas.	Homens preferem mulheres verdadeiras!!!!!!!!!!!
1696	PT	F&R	formal	backtranslate	5.6	Na minha opinião, não tem diferença nenhuma, amor e paixão se completam o o quê é muito bom.	na minha opinião não tem diferença nenhuma,amor e paixão se completam o k é muito bom.
1697	PT	F&R	formal	backtranslate	5.8	Nem sempreeu sou mulher e não gosto de cozinha e gosto de futebol.	nem sempreeu sou mulher e não gosto de cozinha e gosto de futebol !!
1698	PT	F&R	formal	rt	5.4	Porque eles têm a famosa “crise macho”, aquela que é auto-suficiente em tudo!	"Pq eles têm a famosa ""crise de machão"", aquele q é auto-suficiente em td!!"
1699	PT	F&R	formal	formal	5.0	Em alguns dias tenho vontade de chorar.	Tem dia que da vondade de chorar mesmo.
1700	PT	F&R	formal	mt_gyafc	5.6	Concordo, apesar de não ser uma nem outra em um lugar nem outro.	concordo tbm, apesar d não ser uma nem outra em um lugar nem outro!!
1701	PT	F&R	formal	mt_gyafc	4.2	Quando você achar que já conversou o mais converse.	E quando vc achar que já conversou o bastante converse mais.
1702	PT	F&R	formal	multi	5.0	Acho que é horrível, mais a carne é fraca.	Já, acho horrível, mais a carne é fraca.
1703	PT	F&R	formal	rule_based	5.8	Assim tal e qual como é no msn.	Assim tal e qual como é no msn.
1704	PT	F&R	formal	rule_based	5.8	Eu, e você é a amanda!	Eu ,e você é a Amanda !
1705	PT	F&R	formal	mt_gyafc	5.2	Vai fundo filha, e se quiser um padrinho, estou aqui.	vai fundo filha, e se quiser um padrinho to aqui.
1706	PT	F&R	formal	backtranslate	5.6	Nos faz viajar.	e nos faz viajar.
1707	PT	F&R	formal	rt	5.0	E isso nos faz viajar.	e nos faz viajar.
1708	PT	F&R	formal	mt_gyafc	6.0	Pelo menos algumas vezes.	Pelo menos algumas vezes.
1709	PT	F&R	formal	backtranslate	5.8	E se for gente 'da pesada', a polícia se encarrega de fazê-los pagar por isso!	E se for gente 'da pesada', a polícia se encarrega de fazê-los pagar por isso!
1710	PT	F&R	formal	rule_based	5.6	Fala com ela issu, você pode acabar maxucando ela se fikar com ela não sentindo nem uma atração por ela.	fala com ela issu, vc pode acabar maxucando ela se fikar com ela naum sentindo nem uma atração por ela.
1711	PT	F&R	formal	formal	5.2	"Porque eles têm a famosa ""crise de machão"", aquela em que são auto-suficiente em tudo!"	"Pq eles têm a famosa ""crise de machão"", aquele q é auto-suficiente em td!!"
1712	PT	F&R	formal	rule_based	5.6	Uma mistura dos dois seia perfeito!	Uma mistura dos dois seia perfeito!!
1713	PT	F&R	formal	formal	5.4	No momento em que o mundo se tornar gay, eu me mudarei para Marte.	Quando o mundo for gay eu me mudo pra Marte!
1714	PT	F&R	formal	formal	5.4	É muito relativo, pois depende muito de cada pessoa!	!é muito relativo,depende muito de cada pessoa!!
1715	PT	F&R	formal	formal	5.2	Sentir decepção com alguém que vale muito para você.	Decepcionar-se com alguem que lhe é muito precioso.
1716	PT	F&R	formal	mt_gyafc	4.2	Afinal, toda a gente tem o direito de conviver com seu próprio pai e esse menino.	Afinal toda a gente tem o direito de conviver com o seu próprio pai e esse menino(a) não é excepção!
1717	PT	F&R	formal	rt	5.2	Uma pessoa pode se apaixonar por outra pessoa.	uma pessoa pode se apaixonar por  uma outra pessoa.
1718	PT	F&R	formal	rule_based	5.8	C tá com um problemão, brother.	C tá com um problemão, brother.
1719	PT	F&R	formal	formal	5.6	Fale isso com ela. Você pode acabar machucando-a se ficar com ela não sentindo nenhuma atração.	fala com ela issu, vc pode acabar maxucando ela se fikar com ela naum sentindo nem uma atração por ela.
1720	PT	F&R	formal	multi	5.0	Nunca vi ninguém morrer disso, mano.	Mas, nunca vi ninguém morrer disso, mano.
1721	PT	F&R	formal	rt	5.6	! um abraço, estela	!Um abraço,Stela
1722	PT	F&R	formal	rule_based	5.8	Elas gostam é dos canalhas	Elas gostam é dos canalhas
1723	PT	F&R	formal	rt	5.4	Vá fundo, filha, e se quiser um padrinho, estou aqui.	vai fundo filha, e se quiser um padrinho to aqui.
1724	PT	F&R	formal	formal	5.2	Ou se foca na realização do trabalho/estudo ou se dispõe a conhecer uma pessoa melhor.	De dois um: ou mergulhe no trabalho/estudo ou abra seu coração pra conhecer uma pessoa melhor!!!
1725	PT	F&R	formal	multi	4.6	Nem sempre sou mulher e não gosto de cozinha e gosto de futebol.	nem sempreeu sou mulher e não gosto de cozinha e gosto de futebol !!
1726	PT	F&R	formal	rt	4.0	Os homens pensam que a vida de hoje está a ser bombeada, o que uma mulher gosta!	Os homens acham que a vida hj é ficar bombado, que mulher gosta é disso!
1727	PT	F&R	formal	multi	5.2	Procure ajuda na saída das igrejas, pequenas e médias empresas e porta em porta e verá que você vai conseguir muito dinheiro.	Procure ajuda na saída das igrejas, pequenas e médias empresas e porta em porta e verá que conseguirá juntar muito dinheiro.
1728	PT	F&R	formal	backtranslate	5.6	Se voce gosta de le e ele de voce aproveite a felicidade pode esta em suas maos boa sorte!	se voce gosta de le e ele de voce aproveite a felicidade pode esta em suas maos boa sorte!
1729	PT	F&R	formal	formal	5.2	Eu recebo e-mails sobre pessoas desaparecidas todos os dias.	!Todo dia recebo email de pessoa desaparecidas
1730	PT	F&R	formal	mt_gyafc	3.4	Procure ajuda na saída das igrejas, pequenas e médias.	Procure ajuda na saída das igrejas, pequenas e médias empresas e porta em porta e verá que conseguirá juntar muito dinheiro.
1731	PT	F&R	formal	formal	5.2	Caso seja, deixo claro que já o fiz, pois, minha mãe já me enviou várias vezes àquele local.	Se for, escalareço que já o fíz, pois minha mãe me mandou pra lá várias vezes.
1732	PT	F&R	formal	multi	5.6	Faz tempo que o meu sumiu, tinha 16 anos.	Faz tempo já que o meu sumiu, tinha 16 anos.
1733	PT	F&R	formal	formal	5.4	Seja muito determinada e feliz.	Seja muuuuito determinada e feliz!!!!!
1734	PT	F&R	formal	rule_based	5.8	Transar, comer e dormir.	transar, comer e dormir.
1735	PT	F&R	formal	multi	5.8	Ter uma família maravilhosa, ter saude, paz, amor e acima de tudo ter Deus no coração.	TEr uma familia maravilhosa, ter saude, paz, amor e acima de tudo ter Deus no coração.
1736	PT	F&R	formal	mt_gyafc	5.2	Eu não entendi.	Naum entendi mesmo!!!!
1737	PT	F&R	formal	backtranslate	5.8	Se voce fizer sua parte, com certeza ela também vai procurar fazer a dela.	Se voce fizer sua parte, com certeza ela tb vai procurar fazer a dela.
1738	PT	F&R	formal	rule_based	5.8	Infelizmente para mim a mágoa não tem cura! não consigo perdoar.	Infelizmente para mim a mágoa não tem cura!Não consigo perdoar.
1739	PT	F&R	formal	rule_based	6.0	Não sou homem, mas acho que eles sentem prazer justamente por estar dando prazer a quem está com ele.	não sou homem,mas acho que eles sentem prazer justamente por estar dando prazer a quem está com ele.
1740	PT	F&R	formal	mt_gyafc	4.0	O relacionamento é hoje, uma maneira que os jovens encontraram, de se relacionar, sem compromisso.	O ficar é hoje, uma maneira, que os jovens encontraram, de se relacionar, sem compromisso.
1741	PT	F&R	formal	backtranslate	5.6	Infância, apesar de ter 18 anos, para mim não a nada melhor do que a infância.	Infância, apesar de ter 18 anos, para mim não a nada melhor do que a infância
1742	PT	F&R	formal	mt_gyafc	5.4	Isso não é amor.	!Isso não é Amor !!
1743	PT	F&R	formal	formal	4.8	Os palavrões são substituídos por *.	Palavrões que o sistema substitui por *
1744	PT	F&R	formal	backtranslate	5.6	Fala com ela issu, você pode acabar maxucando ela se fikar com ela não sentindo nem uma atração por ela.	fala com ela issu, vc pode acabar maxucando ela se fikar com ela naum sentindo nem uma atração por ela.
1745	PT	F&R	formal	backtranslate	5.6	Assim tal e qual é no MSN.	Assim tal e qual como é no msn.
1746	PT	F&R	formal	rule_based	5.4	Na minha opinião não tem diferença nenhuma, amor e paixão se completam o o quê é muito bom.	na minha opinião não tem diferença nenhuma,amor e paixão se completam o k é muito bom.
1747	PT	F&R	formal	rt	5.0	Não imagines que te quero magoar, só não te quero mais!	Não imagine q te quero mal, apenas nâo te quero mais!
1748	PT	F&R	formal	formal	5.4	Afinal, todos têm o direito de conviver com o seu próprio pai e esse menino(a) não é exceção!	Afinal toda a gente tem o direito de conviver com o seu próprio pai e esse menino(a) não é excepção!
1749	PT	F&R	formal	backtranslate	5.8	Transar, comer e dormir.	transar, comer e dormir.
1750	PT	F&R	formal	formal	5.6	Se você gosta dele e este sentimento é mútuo, então aproveite a felicidade, pois ela está em suas mãos.	se voce gosta de le e ele de voce aproveite a felicidade pode esta em suas maos boa sorte!
1751	PT	F&R	formal	rule_based	5.8	Eu quase não os vejo!	eu quase não os vejo!!
1752	PT	F&R	formal	backtranslate	5.6	O que, não tem remédio remediado está.	O q, não tem remédio remediado está.
1753	PT	F&R	formal	formal	5.8	Acho que não tem nada pior do que sentir falta de alguém que você nunca mais poderá ver, isso dói muito!	Acho q ñ tem nada pior do que sentir falta de alguem q vc nunca mais podera ver isso doi muito.
1754	PT	F&R	formal	formal	5.0	De acordo com esses ditos estudiosos, Maria foi mãe de Jesus e Madalena foi sua mulher.	"Não td indica segundo estes ""estudiosos"", que Maria foi mãe de Jesus, e Madalena, sua mulher!"
1755	PT	F&R	formal	mt_gyafc	4.2	O que não tem remédio remediado.	O q, não tem remédio remediado está.
1756	PT	F&R	formal	rt	5.6	De repente, seria bom conhecer novas pessoas, estar mais distraído, estar em busca de sua felicidade.	De repente seria uma boa conhecer pessoas novas, se distrair mais, estar em busca da SUA felicidade.
1757	PT	F&R	formal	rt	5.0	Concordo também, embora não seja nem um nem outro em um lugar nem no outro!	concordo tbm, apesar d não ser uma nem outra em um lugar nem outro!!
1758	PT	F&R	formal	rule_based	5.8	! foco e objetividade é a regra!	!FOCO E OBJETIVIDADE É A REGRA!!
1759	PT	F&R	formal	rule_based	5.2	! é loucura, mas são nossos instintos básicos, animais!	!É loucura, mas são nossos instintos básicos, animais!
1760	PT	F&R	formal	formal	5.0	E se for pessoas perigosas, a polícia ficará responsável de fazê-los responder por isso.	E se for gente 'da pesada', a polícia se encarrega de fazê-los pagar por isso!
1761	PT	F&R	formal	multi	4.8	Assim como no MSN.	Assim tal e qual como é no msn.
1762	PT	F&R	formal	multi	4.6	Eu não entendi.	Naum entendi mesmo!!!!
1763	PT	F&R	formal	mt_gyafc	5.4	Se você disse que gosta de le e ele de voce aproveite a felicidade pode esta em suas maos boa sorte!	se voce gosta de le e ele de voce aproveite a felicidade pode esta em suas maos boa sorte!
1764	PT	F&R	formal	backtranslate	5.6	Que essa pessoa tem sérios problemas psicológicos! Isso aconteceu comigo na facul, mas era homem, né!	Q essa pessoa tem sérios problemas psicológicos!Isso aconteceu cmg na facul, mas era homem, né!
1765	PT	F&R	formal	multi	4.6	Mesmo que ela não seja acritida, fala a veratra.	fala a vertade mesmo que ela não acritida
1766	PT	F&R	formal	mt_gyafc	5.2	Eles têm a famosa crise de machão, aquele que é auto-suficiente em tudo!	"Pq eles têm a famosa ""crise de machão"", aquele q é auto-suficiente em td!!"
1767	PT	F&R	formal	backtranslate	5.6	Acho que não tem nada pior do que sentir falta de alguem que você nunca mais podera ver isso doi muito.	Acho q ñ tem nada pior do que sentir falta de alguem q vc nunca mais podera ver isso doi muito.
1768	PT	F&R	formal	rt	4.4	Decepcione-se com alguém que é muito precioso para você.	Decepcionar-se com alguem que lhe é muito precioso.
1769	PT	F&R	formal	rule_based	5.6	O que, não tem remédio remediado está.	O q, não tem remédio remediado está.
1770	PT	F&R	formal	multi	5.2	"Palavrões que o sistema substitui por ""* * *""."	Palavrões que o sistema substitui por *
1771	PT	F&R	formal	rule_based	6.0	Está no meu perfil!	Está no meu perfil!
1772	PT	F&R	formal	multi	5.6	Agressão já é caráter, alias falta de respeito com um ser humano.	!Agressão já é caráter, alias falta de respeito com um ser humano!
1773	PT	F&R	formal	rt	5.2	Pare de ser tão vulgar!	Deixa de ser tão vulgar!
1774	PT	F&R	formal	mt_gyafc	5.4	Não me lembro nem o que comi ontem no jantar.	não lembro nem o que comi ontem no jantar.
1775	PT	F&R	formal	rule_based	5.6	Melhor voce edir a alguem que tenha conhecimento e seja poprietaio de um site	melhor voce edir a alguem que tenha conhecimento e seja poprietaio de um site
1776	PT	F&R	formal	mt_gyafc	3.4	Os homens acham que a vida hoje é boa.	Os homens acham que a vida hj é ficar bombado, que mulher gosta é disso!
1777	PT	F&R	formal	backtranslate	5.8	Manda um sms para ela!	!manda um SMS para ela!
1778	PT	F&R	formal	backtranslate	5.6	E o principal quanto mais você levar a pessoa para perto de deus (igreja), mais perto leva para você mesmo.	E o principal quanto mais você  levar a pessoa para perto de Deus ( igreja ), mais perto leva para você mesmo.
1779	PT	F&R	formal	rule_based	5.4	Acho que não tem nada pior do que sentir falta de alguem que você nunca mais podera ver isso doi muito.	Acho q ñ tem nada pior do que sentir falta de alguem q vc nunca mais podera ver isso doi muito.
1780	PT	F&R	formal	backtranslate	5.6	Isso não é amor!	!Isso não é Amor !!
1781	PT	F&R	formal	rule_based	6.0	Já, acho horrível, mais a carne é fraca.	Já, acho horrível, mais a carne é fraca.
1782	PT	F&R	formal	rule_based	5.4	Hhuumm delícia!	hhuuuummmm DELÍCIAAAAAAAAA!!!!!!!!!
1783	PT	F&R	formal	formal	5.0	Meu amigo, eu tenho esse mesmo problema. Contudo, o problema de minha esposa é de doença.	Meu amigo,eu tenho este mesmo problema, mas a minha esposa é por problema de doença.
1784	PT	F&R	formal	rt	5.2	Foi apenas passar as mentiras eleitorais que começam a subir toda a gasolina, pão, e tudo mais para que o nosso dinheiro não é mais deixado	foi só passar as mentiras da eleiçãoque começa a subir tudogasolina,pão,e tudo maisporisso q nosso dinheironão está mais sobrando
1785	PT	F&R	formal	formal	4.8	Infelizmente não consigo superar o sentimento de mágoa e não consigo perdoar a pessoa.	Infelizmente para mim a mágoa não tem cura!Não consigo perdoar.
1786	PT	F&R	formal	rt	4.8	De não terem a sua própria humilhação, não sei, poderia ser, quem sabe, que eles odeiam.	De não ter desição própria, ficar não sei, pode ser, quem sabe, isso eles detestam.
1787	PT	F&R	formal	mt_gyafc	5.8	Sim, tem dias que dá vontade de dormir o dia todo.	Sim, tem dias que dá vontade de dormir o dia todo.
1788	PT	F&R	formal	formal	4.6	Corra atrás se tiver que fazê-lo, não perca tempo.	?se tive correr atrazta perdendotempovai logorsrsrs
1789	PT	F&R	formal	formal	5.2	Pode conversar comigo, pois podemos ser bons amigos.	pode desenrolar comigo caso vc queira, podemos ser bons amigos.
1790	PT	F&R	formal	backtranslate	5.8	Não só engole quem quer!	Não só engole quem QUER!
1791	PT	F&R	formal	multi	5.2	Não assuste o menino imediatamente.	Não assuste o menino logo de cara!
1792	PT	F&R	formal	formal	4.6	Visto que, em certas ocasiões, é necessário.	Porque as vezes é necessário!!!!!!!!!!!!
1793	PT	F&R	formal	rule_based	5.8	Afinal toda a gente tem o direito de conviver com o seu próprio pai e esse menino( a) não é excepção!	Afinal toda a gente tem o direito de conviver com o seu próprio pai e esse menino(a) não é excepção!
1794	PT	F&R	formal	mt_gyafc	5.4	Eu sou uma mulher e eu gosto de homeme eu não tenho atração por mulheres, então eu estou foravc vai sentir prazer com a pessoa que te atrair.	eu sou mulher e gosto de homemnão tenho atração por mulher, então to foravc vai sentir prazer com a pessoa que te atrair
1795	PT	F&R	formal	rt	5.6	Que essa pessoa tem sérios problemas psicológicos! Aconteceu comigo no Facul, mas era um homem, certo?	Q essa pessoa tem sérios problemas psicológicos!Isso aconteceu cmg na facul, mas era homem, né!
1796	PT	F&R	formal	rule_based	5.6	! isso não é amor!	!Isso não é Amor !!
1797	PT	F&R	formal	formal	5.0	Ele simplesmente não quis.	Ele só não quis.
1798	PT	F&R	formal	multi	5.8	E celebre essa graça maravilhosa!	E celebre essa graça maravilhosa!
1799	PT	F&R	formal	formal	5.4	"Aí ele entenderá, e não ""forçará a barra""."	Ai ele vai se ligar logo e ñ vai forçar a barra.
1800	PT	F&R	formal	multi	5.8	Sim, tem dias que dá vontade de dormir o dia todo.	Sim, tem dias que dá vontade de dormir o dia todo.
