segment_ID	lang-ISO	domain	target_style	system_name	Aggregated_score	segment	system_input
1	FR	F&R	formal	formal	5.4	Pas tout à fait: le froid a tendance à anesthésier et par conséquent la frustration augmente.	oui et non, en fait le froid anesthesie et du coup la frustration augmente.
2	FR	F&R	formal	mt_gyafc	5.8	Je ne vois pas la trahison là dedans et je ne me sens pas du tout frustrée.	Je ne vois pas la trahison là dedans et je ne me sens pas du tout frustrée !
3	FR	F&R	formal	multi	5.8	Tu empêches tout le monde de dormir.	T'empêches tout le monde de dormir!
4	FR	F&R	formal	rule_based	6.0	Ne jamais faire dependre son bien etre d'une chose exterieur.	Ne jamais faire dependre son bien etre d'une chose exterieur.
5	FR	F&R	formal	backtranslate	5.8	Comme disait un humoriste noir, l' amour c' est dans la culotte patron.	"Comme disait un humoriste noir "" l'amour c'est dans la culotte patron """
6	FR	F&R	formal	rt	4.8	Mini cheveux, c'est mieux.	Les mini cheveux c mieux.
7	FR	F&R	formal	backtranslate	6.0	Presque tous les jours!	presque tous les jours !!
8	FR	F&R	formal	mt_gyafc	1.6	Je ne suis pas d' accord avec votre mère.	ouiiin maman t'es méchante :(
9	FR	F&R	formal	backtranslate	6.0	Courage tu la retrouveras j' espere!	courage tu la retrouveras j'espere !!
10	FR	F&R	formal	rt	4.8	J'étais avec ma copine dans la voiture et soudain elle m'a dit de t'arrêter dans les bois.	J'étais avec ma copine en voiture et d'un coup elle m'a dit arrete toi dans le bois la bas.
11	FR	F&R	formal	formal	5.6	Ma relation de couple la plus récente était avec une fille très intelligente, avec une grande ouverture sur le plan sexuel; c'était très agréable!	ma derniere histoire d'amour était avec une fille trés ouverte sexuellement et trés intelligente, c'étais le pied!!
12	FR	F&R	formal	backtranslate	6.0	Dis lui que si tu le trompais avec un autre, tu n' aurais plus envie de lui.	Dis lui que si tu le trompais avec un autre, tu n'aurais plus envie de lui.
13	FR	F&R	formal	backtranslate	6.0	Il est marié, ça va être très dur de le recupérer, voir impossible!	il est marié, ça va etre très dur de le recupérer, voir impossible!!
14	FR	F&R	formal	mt_gyafc	1.0	Je ne suis pas sûr de ce qu' il y a un peu de temps.	de se donner un peu de fierte en soi meme
15	FR	F&R	formal	multi	5.6	Vous lui posez la question, mais honnêtement, si c' est votre ex, je ne pense pas que cela serve un gd choz.	tu lui pose la question mais franchement si c ton ex je ne pense pas que ca serve a gd choz!
16	FR	F&R	formal	rule_based	6.0	Moi ça me retournerai complètement le coeur.	Moi ça me retournerai complètement le coeur.
17	FR	F&R	formal	mt_gyafc	5.6	Ça a l' air tout clair.	ça m'a l'air tout clair !
18	FR	F&R	formal	multi	5.0	Laisse tomber il va oublier.	laisse tomber il vas oublier ne
19	FR	F&R	formal	rule_based	5.8	Desolé connait pas!	dsl connait pas !!
20	FR	F&R	formal	rt	1.4	Il sert plus qu'il ne sert	ça dessert plus que ça sert
21	FR	F&R	formal	mt_gyafc	6.0	Comme tu le dis si bien, on peut toujours rever.	comme tu le dis si bien on peut toujours rever
22	FR	F&R	formal	rt	6.0	C'est très triste, votre mari doit certainement vous aimer !	c'est trés trisite, votre mari doit certainement vous aimez !!
23	FR	F&R	formal	backtranslate	6.0	Depuis des lustres, juste apres le moyen age.	depuis des lustres,juste apres le moyen age
24	FR	F&R	formal	mt_gyafc	1.8	Je ne suis pas intéressée, mais je ne suis pas intéressé par vous-même.	Oh je ne suis pas intéressée mais loin de moi l'idée de te répondre vulgairement !
25	FR	F&R	formal	rt	2.0	Tu as raison si tu t'aimes les uns les autres.	tu as raison si vous vous aimez.
26	FR	F&R	formal	mt_gyafc	6.0	Depuis des lustres, juste apres le moyen age.	depuis des lustres,juste apres le moyen age
27	FR	F&R	formal	mt_gyafc	2.2	Non, ce n' est pas parce qu' il faut savoir les plaisirs.	non pas dutout car il faut savoir varier les plaisirs.
28	FR	F&R	formal	formal	2.4	Pas de problème si tu l'écris, tu l'auras pour toujours.	Pas de problème tu l' enregistre , tu l' entendras toujours .
29	FR	F&R	formal	formal	5.6	On peut avoir des sentiments amoureux de nombreuses fois, être amoureux de quelqu'un c'est facile.	On peut aimer plusieurs fois - tomber amoureux c est très simple!
30	FR	F&R	formal	rule_based	6.0	Attention, si tu as une copine, faut pas qu'elle te voit!	attention, si tu as une copine, faut pas qu'elle te voit !
31	FR	F&R	formal	mt_gyafc	6.0	Ecris lui un poeme!	ecris lui un poeme !
32	FR	F&R	formal	rule_based	6.0	On peux dire qu'ils sont attiré l'un par l'autre oui	On peux dire qu'ils sont attiré l'un par l'autre oui
33	FR	F&R	formal	backtranslate	5.6	Alors la elle peut réver, et si c' est' était le cas, j' aurai surement mis une bonne dose de poisons dedans!	alors la elle peut réver, et si c 'était le cas, j'aurai surement mis une bonne dose de poisons dedans !!
34	FR	F&R	formal	rt	2.2	Je lui dirai l'amour de son cœur	je dirai son amour son coeur
35	FR	F&R	formal	formal	5.8	Tout peut arriver dans une histoire d'amour, vis donc pleinement cette relation. Le plus important est de ne pas en souffrir et de ne pas faire souffrir l'autre.	c'est normal tout arrive en amour vit cette histoire pleinement l'essentiel c'est ne pas en souffrir et de ne pas faire souffrir
36	FR	F&R	formal	mt_gyafc	5.2	Vous devriez l' obliger à divorcer pour s' installer à deux.	l'obliger à divorcer pour s'installer à deux!
37	FR	F&R	formal	backtranslate	5.8	Il n y a qu' un pas entre l' amour et l' amitier.	il n y a qu'un pas entre l'amour et l'amitier.
38	FR	F&R	formal	formal	5.6	L'important, c'est qu'il soit séduisant, beau gosse, gentil, sympathique et généreux. C'est tout.	l'important c'est qu'il soit attirant , BOGOSS , gentil, sympa, et généreux c tout
39	FR	F&R	formal	rt	4.4	Ne fais pas la même saloperie !	Ne faites pas la même connerie !
40	FR	F&R	formal	backtranslate	6.0	Le plaisir se déclenche au niveau du cerveau!	le plaisir se déclenche au niveau du cerveau !!!
41	FR	F&R	formal	formal	4.6	Il est possible que l'homme pense plus qu'il ne devrait.	L'homme pense peut être un peu trop !!
42	FR	F&R	formal	formal	5.2	Tu as raison, c'est agréable de s'esclaffer!	ahaha tu as bien raison de rire ca fait du bien.
43	FR	F&R	formal	formal	4.8	Il n'y a rien que vous puissiez faire, on ne peut pas changer le passer.	Ne fait rien, ce qui est fai est fait.
44	FR	F&R	formal	mt_gyafc	6.0	Abstenez-vous pendant qq jours.	abstenez vous pendant qq jours
45	FR	F&R	formal	rt	5.2	Ne rien faire, ce qui est fait est fait.	Ne fait rien, ce qui est fai est fait.
46	FR	F&R	formal	multi	5.4	Et encore, lui consacrer un message est trop gentil.	Et encore, lui consacrer un sms c'est trop gentil.
47	FR	F&R	formal	rt	4.4	Pour un « vrai » pauvre, l'argent ne peut être que le bonheur pour un homme riche, il ne fait qu'un peu plus	"pour un ""vrai"" pauvre, l'argent ne peu faire que le bonheurpour un riche ça n'en fait qu'un peu plus"
48	FR	F&R	formal	formal	5.4	Tu empêches tout les personnes de dormir!	T'empêches tout le monde de dormir!
49	FR	F&R	formal	rule_based	6.0	Il n y a qu'un pas entre l'amour et l'amitier.	il n y a qu'un pas entre l'amour et l'amitier.
50	FR	F&R	formal	rt	2.4	Je pense que tu dois rester toi-même sans dévorer tes sentiments !	je pense qu'il faut q tu restes toi même sans pour autant lui dévoiller tes sentiments !
51	FR	F&R	formal	mt_gyafc	6.0	Quitte le avant de te quitter.	Quitte le avant de te quitter.
52	FR	F&R	formal	rule_based	6.0	Non pas dutout car il faut savoir varier les plaisirs.	non pas dutout car il faut savoir varier les plaisirs.
53	FR	F&R	formal	rt	2.8	Tu es un gros coq !	Tu est un gros queutard !
54	FR	F&R	formal	rule_based	6.0	Laisse tomber il vas oublier ne	laisse tomber il vas oublier ne
55	FR	F&R	formal	formal	5.4	Pour aussi longtemps que vous lui apportez ce qui lui est nécessaire, il ne serait pas sage de sa part de s'en plaindre.	tant que tu lui apportes ce dont il a besoin je pense qu'il serait bête de s'en plaindre!
56	FR	F&R	formal	mt_gyafc	5.8	Tu lui pose la question, mais si c' est ton ex, je ne pense pas que ca serve a gd choz.	tu lui pose la question mais franchement si c ton ex je ne pense pas que ca serve a gd choz!
57	FR	F&R	formal	rule_based	6.0	Il y a vraiment des cons qui s'ennuient.	Il y a vraiment des cons qui s'ennuient.
58	FR	F&R	formal	mt_gyafc	5.4	L' important est qu' il soit attirant, bogoss, gentil, gentil et généreux. C' est tout.	l'important c'est qu'il soit attirant , BOGOSS , gentil, sympa, et généreux c tout
59	FR	F&R	formal	mt_gyafc	6.0	Enfin, j' espére pour toi que c' est un homme.	^^Enfin j'espére pour toi que c'est un homme!!
60	FR	F&R	formal	multi	3.4	Je l' ai vu le jour de son part pour Dar4 avec une mission de medecin du monde.	je l'ai vu le jour de son depart pour le darfour avec une mission de medecin du monde.
61	FR	F&R	formal	backtranslate	6.0	Comment faire confiance à l' être humain?	Comment faire confiance à l'être humain?
62	FR	F&R	formal	rt	3.2	Ouais, ne m'inquiète pas, c'est pareil !	oui ne t'inquiète pas moi c'est pareil!!
63	FR	F&R	formal	rule_based	6.0	Qu'on ont n'est marier, ont ne peut pas sont passer.	qu'on ont n'est marier,  ont ne peut pas sont passer.
64	FR	F&R	formal	backtranslate	5.8	Oui, je l' ai!	Oui, je l'ai!
65	FR	F&R	formal	mt_gyafc	4.0	Tu ne peux pas supporter.	Tu ne pourras pas supporter .
66	FR	F&R	formal	rule_based	5.4	C’est' est pas mon style d' en avoir plusieur	c' est pas mon style d' en avoir plusieur
67	FR	F&R	formal	rule_based	5.6	Ouin maman t'es méchante:(	ouiiin maman t'es méchante :(
68	FR	F&R	formal	formal	5.4	J'en veux toujours à ma belle-mère et mes belles-sœurs, je n'arrive toujours pas à oublier leurs efforts pour détruire mon couple.	Mais j'ai une dent contre ma belle-mère et les belles-soeurs, j'arrive pas à oublier leurs efforts pour détruire mon couple.
69	FR	F&R	formal	multi	2.2	Le dessert plus que ça sert.	ça dessert plus que ça sert
70	FR	F&R	formal	formal	3.4	Tu es une personne qui apprécie avoir des relations intimes.	Tu est un gros queutard !
71	FR	F&R	formal	rule_based	6.0	Courage tu la retrouveras j'espere!	courage tu la retrouveras j'espere !!
72	FR	F&R	formal	backtranslate	6.0	Oui et non, en fait le froid anesthesie et du coup la frustration augmente.	oui et non, en fait le froid anesthesie et du coup la frustration augmente.
73	FR	F&R	formal	formal	5.4	Tu devrais lui écrire un poème!	ecris lui un poeme !
74	FR	F&R	formal	rt	5.8	Je l'ai vu le jour où il est parti pour le Darfour avec une mission de docteur du monde.	je l'ai vu le jour de son depart pour le darfour avec une mission de medecin du monde.
75	FR	F&R	formal	multi	5.8	Ça plaît aux hommes parcque, ce n' est pas eux qui se grattent quand ça repousse!	Ca plait aux hommes parcque c'est pas eux qui se grattent quand ça repousse !
76	FR	F&R	formal	mt_gyafc	5.8	Ça a l' air déjà bien parti en tout cas.	ça m'a l'air déjà bien parti en tt cas
77	FR	F&R	formal	mt_gyafc	3.8	Oui, ne vous inquiétez pas, c' est pareil.	oui ne t'inquiète pas moi c'est pareil!!
78	FR	F&R	formal	rule_based	5.8	C'est trés trisite, votre mari doit certainement vous aimez!	c'est trés trisite, votre mari doit certainement vous aimez !!
79	FR	F&R	formal	rt	3.6	Oui, je l'avais dans le passé	Oui, je l'avais au passé
80	FR	F&R	formal	rt	4.6	Les hommes aiment ça parce que ce ne sont pas eux qui grattent quand il repousse !	Ca plait aux hommes parcque c'est pas eux qui se grattent quand ça repousse !
81	FR	F&R	formal	formal	5.8	Je l'ai vu le jour de son départ pour le Darfour dans le cadre d'une mission de Médecins du monde.	je l'ai vu le jour de son depart pour le darfour avec une mission de medecin du monde.
82	FR	F&R	formal	backtranslate	5.8	C' est trés trisite, votre mari doit certainement vous aimer!	c'est trés trisite, votre mari doit certainement vous aimez !!
83	FR	F&R	formal	multi	6.0	Ecris lui un poeme!	ecris lui un poeme !
84	FR	F&R	formal	backtranslate	5.8	L' homme pense peut-être un peu trop.	L'homme pense peut être un peu trop !!
85	FR	F&R	formal	rule_based	6.0	Ahaha tu as bien raison de rire ca fait du bien.	ahaha tu as bien raison de rire ca fait du bien.
86	FR	F&R	formal	rule_based	6.0	Il faut toujours dire la vérité même si quelques fois ca fait mal.	il faut toujours dire la vérité même si quelques fois ca fait mal.
87	FR	F&R	formal	rule_based	6.0	Tu lui pose la question mais franchement si c’est ton ex je ne pense pas que ca serve a gd choz!	tu lui pose la question mais franchement si c ton ex je ne pense pas que ca serve a gd choz!
88	FR	F&R	formal	rt	4.0	Vous auriez dû donner le vôtre, donc nous vous répondrons facilement	T'aurai du donné le tien, comme ça on te répondra facilement
89	FR	F&R	formal	rt	1.8	Nous n'avons qu'à partir de 13 ans !	On dois y aller seulement a partir de 13 ans !
90	FR	F&R	formal	backtranslate	6.0	Moi de mon côté je lui épluche ses clémentines il aime pas çà!	Moi de mon côté je lui épluche ses clémentines il aime pas çà !!
91	FR	F&R	formal	rule_based	6.0	Oui et non, en fait le froid anesthesie et du coup la frustration augmente.	oui et non, en fait le froid anesthesie et du coup la frustration augmente.
92	FR	F&R	formal	formal	5.8	Dis-lui que si jamais tu le trompais avec un autre, tu n'aurais plus envie de lui.	Dis lui que si tu le trompais avec un autre, tu n'aurais plus envie de lui.
93	FR	F&R	formal	mt_gyafc	3.2	Le courage, tu la retrouveras, et j' espère que tu le trouveras.	courage tu la retrouveras j'espere !!
94	FR	F&R	formal	rt	4.4	Eh bien, je te dis que c'est dur, ce n'est pas logique, ce n'est pas son bon, c'est quelque chose de pas bon.	bon je te dit c dur c pas logique c pas sa bon c qlqchose pas bien
95	FR	F&R	formal	formal	4.4	Soyez conscient que votre plaisir est intimement lié à une zone cérébrale qui libère la Dopamine.	le plaisir se déclenche au niveau du cerveau !!!
96	FR	F&R	formal	multi	5.6	Tu as raison de rire ça fait du bien.	ahaha tu as bien raison de rire ca fait du bien.
97	FR	F&R	formal	multi	5.8	Il n' y a qu' un pas entre l' amour et l' amitié.	il n y a qu'un pas entre l'amour et l'amitier.
98	FR	F&R	formal	backtranslate	6.0	Pas de problème tu l 'enregistre, tu l' entendras toujours.	Pas de problème tu l' enregistre , tu l' entendras toujours .
99	FR	F&R	formal	backtranslate	6.0	Perso, je viens d' en faire deux dans le cadre d' une adoption, le maire de ma commune avait visiblement l' habitude d' en faire.	perso je viens d'en faire deux dans le cadre d'une adoption, le maire de ma commune avait visiblement l'habitude d'en faire.
100	FR	F&R	formal	formal	5.0	Tu pourrais lui poser la question mais j'y vois peu d'utilité si vous n'êtes plus en couple.	tu lui pose la question mais franchement si c ton ex je ne pense pas que ca serve a gd choz!
101	FR	F&R	formal	rule_based	6.0	Quitte le avant de te quitter.	Quitte le avant de te quitter.
102	FR	F&R	formal	rt	5.4	Eh bien, je ne pourrai jamais le supporter	ben moi g ne pourai jamais le suporter
103	FR	F&R	formal	rt	2.6	Pour les âges, juste après le Moyen Âge	depuis des lustres,juste apres le moyen age
104	FR	F&R	formal	mt_gyafc	2.8	Tu as raison si tu t' aimes.	tu as raison si vous vous aimez.
105	FR	F&R	formal	multi	2.4	Non, pas parce qu' il faut savoir varier les plaisirs.	non pas dutout car il faut savoir varier les plaisirs.
106	FR	F&R	formal	formal	5.0	"Oui, ""je l'avais"", au passé."	Oui, je l'avais au passé
107	FR	F&R	formal	backtranslate	4.8	On peut dire qu' ils sont attirés par l' autre.	On peux dire qu'ils sont attiré l'un par l'autre oui
108	FR	F&R	formal	multi	3.6	Oui, ne vous inquiétez pas, c' est pareil!	oui ne t'inquiète pas moi c'est pareil!!
109	FR	F&R	formal	mt_gyafc	3.2	Vous ne pouvez rien fair car une personne qui n' est pas digne de confiance, c' est un grand fleau.	tu ne peux rien fair car une personne qui na pas confiance a elle meme c'est un grand fleau
110	FR	F&R	formal	mt_gyafc	6.0	C' est la personne en qui je fais le plus confiance au monde et en plus on parle beaucoup, on se dit tout!	c'est la personne en qui je fais le plus confiance au monde et en plus on parle beaucoup, on se dit tout !
111	FR	F&R	formal	rule_based	6.0	Oui, je l'avais au passé	Oui, je l'avais au passé
112	FR	F&R	formal	backtranslate	6.0	Savez-vous au moins que la beauté fait pas tout!	Sais tu au moins que la beauté fais pas tout !!!!
113	FR	F&R	formal	multi	2.8	Ben, moi, je n' ai jamais eu le suporter.	ben moi g ne pourai jamais le suporter
114	FR	F&R	formal	formal	5.4	Alors fonce. C'est la plus belle chose que tu puisses faire à la personne qui compte le plus pour toi.	!alors fonce c'est la plus belle chose que tu puisse faire à la personne qui compte le plus dans ta vie!
115	FR	F&R	formal	rule_based	6.0	Eh oh ptet que les femmes coquines ont pas envie que tu les trouves.	eh oh ptet que les femmes coquines ont pas envie que tu les trouves.
116	FR	F&R	formal	rule_based	6.0	Ça m' a l'air tout clair!	ça m'a l'air tout clair !
117	FR	F&R	formal	rt	5.6	Comme vous le dites si bien, nous pouvons toujours rêver	comme tu le dis si bien on peut toujours rever
118	FR	F&R	formal	backtranslate	3.8	Je dirai son amour.	je dirai son amour son coeur
119	FR	F&R	formal	multi	5.0	Je ne vois pas la trahison là dedans et je ne me sens pas frustrée.	Je ne vois pas la trahison là dedans et je ne me sens pas du tout frustrée !
120	FR	F&R	formal	multi	3.0	Vous ne pouvez rien juste parce qu' une personne qui n' est pas digne de confiance, c' est un grand FLEAU.	tu ne peux rien fair car une personne qui na pas confiance a elle meme c'est un grand fleau
121	FR	F&R	formal	mt_gyafc	1.2	Je ne suis pas sûr, mais je ne suis pas sûr.	!Nan je déconne.
122	FR	F&R	formal	mt_gyafc	2.2	Il n' y a qu' un pas entre l' amour et le point de l' amour.	il n y a qu'un pas entre l'amour et l'amitier.
123	FR	F&R	formal	rt	5.0	Attention, si tu as une copine, elle ne devrait pas te voir !	attention, si tu as une copine, faut pas qu'elle te voit !
124	FR	F&R	formal	backtranslate	6.0	Mais j' ai une dent contre ma belle-mère et les belles-soeurs, j' arrive pas à oublier leurs efforts pour détruire mon couple.	Mais j'ai une dent contre ma belle-mère et les belles-soeurs, j'arrive pas à oublier leurs efforts pour détruire mon couple.
125	FR	F&R	formal	backtranslate	6.0	Alors fonce c' est la plus belle chose que tu puisses faire à la personne qui compte le plus dans ta vie!	!alors fonce c'est la plus belle chose que tu puisse faire à la personne qui compte le plus dans ta vie!
126	FR	F&R	formal	formal	5.8	Ce n'est pas dans mon caractère d'en avoir plusieurs.	c' est pas mon style d' en avoir plusieur
127	FR	F&R	formal	multi	4.0	J' ai une dent contre ma belle-mère et les belles-soeurs, mais je ne peux pas oublier leurs efforts pour détruire mon couple.	Mais j'ai une dent contre ma belle-mère et les belles-soeurs, j'arrive pas à oublier leurs efforts pour détruire mon couple.
128	FR	F&R	formal	backtranslate	6.0	Vous avez raison si vous vous aimez.	tu as raison si vous vous aimez.
129	FR	F&R	formal	rule_based	6.0	Sais tu au moins que la beauté fais pas tout!	Sais tu au moins que la beauté fais pas tout !!!!
130	FR	F&R	formal	mt_gyafc	5.8	Desolé Connait pas!	dsl connait pas !!
131	FR	F&R	formal	formal	5.2	Ceci étant dit, il s'agit d'un choix qui vous revient et en conséquence vous devriez suivre votre cœur.	Mais c'est ton choix et c'est à toi d'écouter ton coeur.
132	FR	F&R	formal	formal	6.0	Non, il n'y a pas de mal à cela.	Non ya pas de mal à ca.
133	FR	F&R	formal	formal	5.6	Tu es une femme et tu possèdes tous les atouts, mais prends ton temps.	tu es une femme et tu dispose de tous les atouts mais va doucement.
134	FR	F&R	formal	multi	5.8	Je dirai son amour son cœur.	je dirai son amour son coeur
135	FR	F&R	formal	formal	3.8	A presque tout les jours!	presque tous les jours !!
136	FR	F&R	formal	backtranslate	5.4	L' important c' est qu' il soit attirant, bogoss, gentil, et généreux c' est tout.	l'important c'est qu'il soit attirant , BOGOSS , gentil, sympa, et généreux c tout
137	FR	F&R	formal	rule_based	6.0	En parler à ta femme	en parler à ta femme
138	FR	F&R	formal	multi	3.8	Tu passes peut-être une belle histoire d' amour, l' amour, c' est pas tous les jours qu' on le rencontre.	!tu passes peut etre à cote d'une belle histoire d'amour,l'amour c'est pas tous les jours qu'on le rencontre!
139	FR	F&R	formal	formal	5.8	Je vois celle-ci!	je vois celle-ci :-)
140	FR	F&R	formal	rule_based	6.0	Mais il faut sortir le week end, sinon on pète les plombs si on n'évacu pas le stress de la semaine	Mais il faut sortir le week end, sinon on pète les plombs si on n'évacu pas le stress de la semaine
141	FR	F&R	formal	rt	3.0	Je ne suis pas contre les hommes, je suis contre les hommes.	moi je ne suis pas contre les hommes,je suis tout contre
142	FR	F&R	formal	rt	3.2	Comme l'a dit un comédien noir « l'amour est dans le patron de la culotte »	"Comme disait un humoriste noir "" l'amour c'est dans la culotte patron """
143	FR	F&R	formal	backtranslate	5.6	Et encore, lui consacrer un message c' est trop gentil.	Et encore, lui consacrer un sms c'est trop gentil.
144	FR	F&R	formal	multi	2.4	Naturellement, au besoin du besoin.	naturellement,au besoin
145	FR	F&R	formal	mt_gyafc	6.0	Oui, je l' avais au passé.	Oui, je l'avais au passé
146	FR	F&R	formal	rt	4.6	Tant que tu lui apporteras ce dont il a besoin, je pense que ce serait idiot de s'en plaindre !	tant que tu lui apportes ce dont il a besoin je pense qu'il serait bête de s'en plaindre!
147	FR	F&R	formal	rule_based	6.0	Ne fait rien, ce qui est fai est fait.	Ne fait rien, ce qui est fai est fait.
148	FR	F&R	formal	mt_gyafc	4.6	Ben moi, j' ai ne pourjamais le suporter.	ben moi g ne pourai jamais le suporter
149	FR	F&R	formal	multi	5.0	Je viens d' en faire deux dans le cadre d' une adoption, le maire de ma commune avait l' habitude d' en faire.	perso je viens d'en faire deux dans le cadre d'une adoption, le maire de ma commune avait visiblement l'habitude d'en faire.
150	FR	F&R	formal	multi	5.0	Oui, et non, en fait le froid anesthesie et la frustration augmente.	oui et non, en fait le froid anesthesie et du coup la frustration augmente.
151	FR	F&R	formal	mt_gyafc	4.2	Ne fait rien, ce qui est fai fait.	Ne fait rien, ce qui est fai est fait.
152	FR	F&R	formal	formal	5.8	"Comme disait un humoriste de couleur noire: ""l'amour c'est dans la culotte patron""."	"Comme disait un humoriste noir "" l'amour c'est dans la culotte patron """
153	FR	F&R	formal	mt_gyafc	6.0	Moi, ça me retournerai complètement le cœur.	Moi ça me retournerai complètement le coeur.
154	FR	F&R	formal	formal	6.0	C'est la personne en qui je fais le plus confiance au monde, de plus, nous parlons beaucoup, on se dit tout !	c'est la personne en qui je fais le plus confiance au monde et en plus on parle beaucoup, on se dit tout !
155	FR	F&R	formal	formal	5.8	Ce n'est pas demain qu'il me lancera ce genre de phrase !	C'est pas demain qu'il va me lancer ce genre de phrase !
156	FR	F&R	formal	multi	5.2	"Pour un ""vrai"" pauvre, l' argent ne fera que le bonheurpour un riche. Ça n' en fait qu' un peu plus."	"pour un ""vrai"" pauvre, l'argent ne peu faire que le bonheurpour un riche ça n'en fait qu'un peu plus"
157	FR	F&R	formal	rt	3.8	Nous pouvons dire qu'ils sont attirés les uns par les autres oui	On peux dire qu'ils sont attiré l'un par l'autre oui
158	FR	F&R	formal	rt	3.0	Je vois celui-ci፦)	je vois celle-ci :-)
159	FR	F&R	formal	backtranslate	6.0	Je ne vois pas la trahison là dedans, et je ne me sens pas du tout frustrée!	Je ne vois pas la trahison là dedans et je ne me sens pas du tout frustrée !
160	FR	F&R	formal	mt_gyafc	3.6	Il n' y a pas de problème, vous pouvez l' enregistrer.	Pas de problème tu l' enregistre , tu l' entendras toujours .
161	FR	F&R	formal	rule_based	6.0	Perso je viens d'en faire deux dans le cadre d'une adoption, le maire de ma commune avait visiblement l'habitude d'en faire.	perso je viens d'en faire deux dans le cadre d'une adoption, le maire de ma commune avait visiblement l'habitude d'en faire.
162	FR	F&R	formal	multi	6.0	Non, il n' y a pas de mal à ça.	Non ya pas de mal à ca.
163	FR	F&R	formal	mt_gyafc	1.4	Il y a des hommes qui se grattent quand ils se grattent quand ça repousse.	Ca plait aux hommes parcque c'est pas eux qui se grattent quand ça repousse !
164	FR	F&R	formal	rule_based	6.0	Pour un `` vrai'' pauvre, l'argent ne peu faire que le bonheurpour un riche ça n'en fait qu'un peu plus	"pour un ""vrai"" pauvre, l'argent ne peu faire que le bonheurpour un riche ça n'en fait qu'un peu plus"
165	FR	F&R	formal	formal	5.4	En ce qui me concerne, je ne pourrais jamais le supporter.	ben moi g ne pourai jamais le suporter
166	FR	F&R	formal	rt	2.6	Ça me semble déjà bien, de toute façon.	ça m'a l'air déjà bien parti en tt cas
167	FR	F&R	formal	mt_gyafc	2.4	Nous avons besoin de partir de 13 ans.	On dois y aller seulement a partir de 13 ans !
168	FR	F&R	formal	backtranslate	6.0	Laisse ton coeur dit la sentiment réelle.	laisse ton coeur dit la sentiment  réelle
169	FR	F&R	formal	backtranslate	6.0	Il faut toujours dire la vérité même si quelques fois ca fait mal.	il faut toujours dire la vérité même si quelques fois ca fait mal.
170	FR	F&R	formal	mt_gyafc	2.8	Il est marié, ça va être très dur de le repasser.	il est marié, ça va etre très dur de le recupérer, voir impossible!!
171	FR	F&R	formal	backtranslate	4.2	Vous ne pouvez pas supporter.	Tu ne pourras pas supporter .
172	FR	F&R	formal	rt	5.8	Il n'y a rien à faire tout est écrit	ya rien a faire tout est écris
173	FR	F&R	formal	multi	6.0	Ça me semble très clair.	ça m'a l'air tout clair !
174	FR	F&R	formal	rt	5.8	Il change par amour, et toi par amour, tu dois lui donner du temps.	Il change par amour, et toi par amour tu dois lui laisser le temps.
175	FR	F&R	formal	mt_gyafc	2.6	Tu passes peut-être une belle histoire d' amour, l' amour n' est pas tous les jours qu' on le rencontre.	!tu passes peut etre à cote d'une belle histoire d'amour,l'amour c'est pas tous les jours qu'on le rencontre!
176	FR	F&R	formal	rule_based	6.0	Excitant si de son partenaire, vexant si c'est quelqu'un d'autre.	Excitant si de son partenaire, vexant si c'est quelqu'un d'autre.
177	FR	F&R	formal	multi	3.0	Il change par amour, et vous êtes amoureux de lui laisser le temps.	Il change par amour, et toi par amour tu dois lui laisser le temps.
178	FR	F&R	formal	rule_based	6.0	T'aurai du donné le tien, comme ça on te répondra facilement	T'aurai du donné le tien, comme ça on te répondra facilement
179	FR	F&R	formal	mt_gyafc	5.8	Non, il n' y a pas de mal à ca.	Non ya pas de mal à ca.
180	FR	F&R	formal	rt	5.4	Courage, tu la trouveras, j'espère !	courage tu la retrouveras j'espere !!
181	FR	F&R	formal	rt	2.4	Je vais complètement retourner mon cœur.	Moi ça me retournerai complètement le coeur.
182	FR	F&R	formal	formal	5.8	Désolé, je ne connais pas !	dsl connait pas !!
183	FR	F&R	formal	backtranslate	3.4	Qu' on a n' est marier, ont ne peut-être pas passer.	qu'on ont n'est marier,  ont ne peut pas sont passer.
184	FR	F&R	formal	rule_based	6.0	Je ne vois pas la trahison là dedans et je ne me sens pas du tout frustrée!	Je ne vois pas la trahison là dedans et je ne me sens pas du tout frustrée !
185	FR	F&R	formal	formal	4.2	Je ne pense pas mais cela a généré une véritable envie de m'enfuir.	Non , mais de me sauver oui .
186	FR	F&R	formal	formal	4.6	Il est impossible que tu le lui dises sans la blesser, les femmes ont tendance à mal interpréter ce que les hommes disent.	tu pourra pas lui dire sans la blesser (en plus, les nana transforment tjs ce que les mecs disent !)
187	FR	F&R	formal	multi	6.0	Tant que tu lui apportes ce dont il a besoin, je pense qu' il serait bête de s' en plaindre.	tant que tu lui apportes ce dont il a besoin je pense qu'il serait bête de s'en plaindre!
188	FR	F&R	formal	formal	5.4	C'est malheureux, je suis convaincu que votre conjoint vous aime.	c'est trés trisite, votre mari doit certainement vous aimez !!
189	FR	F&R	formal	formal	6.0	Il faut toujours dire la vérité même si, parfois, ça fait mal.	il faut toujours dire la vérité même si quelques fois ca fait mal.
190	FR	F&R	formal	multi	3.0	C' est normal que tout le monde vit dans l' amour. C' est tout ce qui est essentiel, c' est ne pas souffrir et ne pas souffrir.	c'est normal tout arrive en amour vit cette histoire pleinement l'essentiel c'est ne pas en souffrir et de ne pas faire souffrir
191	FR	F&R	formal	multi	5.8	Nous devons y aller seulement à partir de 13 ans.	On dois y aller seulement a partir de 13 ans !
192	FR	F&R	formal	mt_gyafc	3.4	Vous aurez du donné le tien, comme ça vous répondra facilement.	T'aurai du donné le tien, comme ça on te répondra facilement
193	FR	F&R	formal	formal	4.8	Comment est-il possible d'accorder sa confiance à un être humain?	Comment faire confiance à l'être humain?
194	FR	F&R	formal	rt	3.0	On ne peut rien faire parce qu'une personne qui ne se fait pas confiance est une grosse épée	tu ne peux rien fair car une personne qui na pas confiance a elle meme c'est un grand fleau
195	FR	F&R	formal	multi	5.4	Ce n' est pas mon style d 'en avoir plusir.	c' est pas mon style d' en avoir plusieur
196	FR	F&R	formal	backtranslate	6.0	Je crois qu' il faut q tu restes toi même sans pour autant lui dévoiller tes sentiments!	je pense qu'il faut q tu restes toi même sans pour autant lui dévoiller tes sentiments !
197	FR	F&R	formal	multi	4.6	Enfin, j' espère que c' est un homme.	^^Enfin j'espére pour toi que c'est un homme!!
198	FR	F&R	formal	mt_gyafc	6.0	Dis-lui que si tu le trompais avec un autre, tu n' aurais plus envie de lui.	Dis lui que si tu le trompais avec un autre, tu n'aurais plus envie de lui.
199	FR	F&R	formal	multi	6.0	Nan, je déconne.	!Nan je déconne.
200	FR	F&R	formal	formal	1.8	Il a du se divorcer pour passer à autre chose!	l'obliger à divorcer pour s'installer à deux!
201	FR	F&R	formal	mt_gyafc	5.6	Elle peut réver, et si c' est le cas, j' aurai surement mis une bonne dose de poisons dedans.	alors la elle peut réver, et si c 'était le cas, j'aurai surement mis une bonne dose de poisons dedans !!
202	FR	F&R	formal	backtranslate	6.0	Tu passes peut etre à cote d' une belle histoire d' amour, l' amour c' est pas tous les jours qu' on le rencontre!	!tu passes peut etre à cote d'une belle histoire d'amour,l'amour c'est pas tous les jours qu'on le rencontre!
203	FR	F&R	formal	multi	5.8	Vous êtes une femme et vous avez tous les atouts, mais doucement.	tu es une femme et tu dispose de tous les atouts mais va doucement.
204	FR	F&R	formal	rt	6.0	Comment faire confiance à l'être humain ?	Comment faire confiance à l'être humain?
205	FR	F&R	formal	rt	3.6	Dis-lui que si tu l'as trompé avec quelqu'un d'autre, tu ne le voudras plus.	Dis lui que si tu le trompais avec un autre, tu n'aurais plus envie de lui.
206	FR	F&R	formal	mt_gyafc	4.4	Il faut sortir le week-end, sinon on pète les plombs si on n' évacte pas le stress de la semaine.	Mais il faut sortir le week end, sinon on pète les plombs si on n'évacu pas le stress de la semaine
207	FR	F&R	formal	multi	6.0	Depuis des lustres, juste apres le moyen d' âge.	depuis des lustres,juste apres le moyen age
208	FR	F&R	formal	rt	5.8	Écrivez-lui un poème !	ecris lui un poeme !
209	FR	F&R	formal	rule_based	6.0	L'important c'est qu'il soit attirant, bogoss, gentil, sympa, et généreux c’est tout	l'important c'est qu'il soit attirant , BOGOSS , gentil, sympa, et généreux c tout
210	FR	F&R	formal	mt_gyafc	6.0	Il faut avoir de la volonté pour se changer en bien si non personne ne peut vous aider et bonne chance.	il faut avoir de la volonté pour se changer en bien si non personne ne peut t'aider et bonne chance
211	FR	F&R	formal	multi	5.8	Les mini cheveux, c' est mieux.	Les mini cheveux c mieux.
212	FR	F&R	formal	multi	3.6	Ne faites pas la même chose.	Ne faites pas la même connerie !
213	FR	F&R	formal	rule_based	6.0	Tu ne peux rien fair car une personne qui na pas confiance a elle meme c'est un grand fleau	tu ne peux rien fair car une personne qui na pas confiance a elle meme c'est un grand fleau
214	FR	F&R	formal	formal	5.8	Garde courage j’espère que tu la retrouveras!	courage tu la retrouveras j'espere !!
215	FR	F&R	formal	multi	5.6	Courage, tu la trouveras, j' espere!	courage tu la retrouveras j'espere !!
216	FR	F&R	formal	rule_based	6.0	! alors fonce c'est la plus belle chose que tu puisse faire à la personne qui compte le plus dans ta vie!	!alors fonce c'est la plus belle chose que tu puisse faire à la personne qui compte le plus dans ta vie!
217	FR	F&R	formal	formal	5.8	Je dirais son amour et son cœur.	je dirai son amour son coeur
218	FR	F&R	formal	mt_gyafc	2.4	Comme un humoriste noir, l' amour est dans la culotte patron.	"Comme disait un humoriste noir "" l'amour c'est dans la culotte patron """
219	FR	F&R	formal	formal	4.8	Tu passes peut-être à côté d'une belle histoire d'amour comme on n'en fait pas tous les jours.	!tu passes peut etre à cote d'une belle histoire d'amour,l'amour c'est pas tous les jours qu'on le rencontre!
220	FR	F&R	formal	multi	6.0	Dis-lui que si tu le trompais avec un autre, tu n' aurais plus envie de lui.	Dis lui que si tu le trompais avec un autre, tu n'aurais plus envie de lui.
221	FR	F&R	formal	formal	4.8	Dans tous les cas, cela m'a l'air bien entamé.	ça m'a l'air déjà bien parti en tt cas
222	FR	F&R	formal	mt_gyafc	6.0	En parler à votre femme.	en parler à ta femme
223	FR	F&R	formal	rt	5.8	Mais c'est votre choix et c'est à vous d'écouter votre cœur.	Mais c'est ton choix et c'est à toi d'écouter ton coeur.
224	FR	F&R	formal	backtranslate	6.0	Tu es une femme et tu dispose de tous les atouts mais va doucement.	tu es une femme et tu dispose de tous les atouts mais va doucement.
225	FR	F&R	formal	backtranslate	6.0	Il change par amour, et toi par amour tu dois lui laisser le temps.	Il change par amour, et toi par amour tu dois lui laisser le temps.
226	FR	F&R	formal	mt_gyafc	5.8	Ne faites pas la même connerie.	Ne faites pas la même connerie !
227	FR	F&R	formal	backtranslate	6.0	On peut aimer plusieurs fois- tomber amoureux c' est très simple!	On peut aimer plusieurs fois - tomber amoureux c est très simple!
228	FR	F&R	formal	rule_based	6.0	Ca plait aux hommes parcque c'est pas eux qui se grattent quand ça repousse!	Ca plait aux hommes parcque c'est pas eux qui se grattent quand ça repousse !
229	FR	F&R	formal	rt	5.0	Parlez à votre femme	en parler à ta femme
230	FR	F&R	formal	formal	4.8	Laisse parler ton cœur. Exprime réellement tes sentiments.	laisse ton coeur dit la sentiment  réelle
231	FR	F&R	formal	rule_based	6.0	J'étais avec ma copine en voiture et d'un coup elle m' a dit arrete toi dans le bois la bas.	J'étais avec ma copine en voiture et d'un coup elle m'a dit arrete toi dans le bois la bas.
232	FR	F&R	formal	mt_gyafc	5.4	C' est votre choix et c' est à vous d' écouter votre cœur.	Mais c'est ton choix et c'est à toi d'écouter ton coeur.
233	FR	F&R	formal	multi	6.0	Non, mais de me sauver oui.	Non , mais de me sauver oui .
234	FR	F&R	formal	formal	5.6	Il change par amour pour toi, et réciproquement, tu dois lui en laisser le temps.	Il change par amour, et toi par amour tu dois lui laisser le temps.
235	FR	F&R	formal	multi	5.2	Je pense qu' il faut que tu restes toi même sans lui dévoiller tes sentiments.	je pense qu'il faut q tu restes toi même sans pour autant lui dévoiller tes sentiments !
236	FR	F&R	formal	formal	4.2	De mon côté, si je lui épluche des clémentines il aime pas çà.	Moi de mon côté je lui épluche ses clémentines il aime pas çà !!
237	FR	F&R	formal	rt	1.6	! Non, je suis un noeud.	!Nan je déconne.
238	FR	F&R	formal	rt	5.6	Le plaisir est déclenché au niveau du cerveau !	le plaisir se déclenche au niveau du cerveau !!!
239	FR	F&R	formal	multi	4.8	Elle peut réver, et si c' est le cas, j' aurai probablement mis une bonne dose de poisons dedans.	alors la elle peut réver, et si c 'était le cas, j'aurai surement mis une bonne dose de poisons dedans !!
240	FR	F&R	formal	mt_gyafc	4.8	Non, mais ça fait beaucoup de dégâts dans le couple.	non mais ça fait beaucoup de dégâts dans le couple ça c'est sur!
241	FR	F&R	formal	formal	4.6	Tu ne peux pas apporter de l'aide à une personne qui ne fait pas confiance à elle-même, car le manque de confiance en soi est un grand fléau.	tu ne peux rien fair car une personne qui na pas confiance a elle meme c'est un grand fleau
242	FR	F&R	formal	formal	5.0	Ça fait sûrement beaucoup de ravage dans le couple.	non mais ça fait beaucoup de dégâts dans le couple ça c'est sur!
243	FR	F&R	formal	rule_based	6.0	L'obliger à divorcer pour s'installer à deux!	l'obliger à divorcer pour s'installer à deux!
244	FR	F&R	formal	multi	2.6	Tu as raison si tu t' aimes.	tu as raison si vous vous aimez.
245	FR	F&R	formal	multi	6.0	Quitte le avant de te quitter.	Quitte le avant de te quitter.
246	FR	F&R	formal	rule_based	5.0	Ben moi j’ai ne pourai jamais le suporter	ben moi g ne pourai jamais le suporter
247	FR	F&R	formal	multi	4.6	Il faut avoir de la volonté pour se changer en tant que personne ne peut vous aider et bonne chance.	il faut avoir de la volonté pour se changer en bien si non personne ne peut t'aider et bonne chance
248	FR	F&R	formal	backtranslate	6.0	C' est pas mon style d 'en avoir plusieur.	c' est pas mon style d' en avoir plusieur
249	FR	F&R	formal	multi	6.0	Oui, je l' avais au passé.	Oui, je l'avais au passé
250	FR	F&R	formal	mt_gyafc	6.0	Tu empêches tout le monde de dormir.	T'empêches tout le monde de dormir!
251	FR	F&R	formal	formal	5.6	Sais-tu seulement que la beauté ne fait pas tout?	Sais tu au moins que la beauté fais pas tout !!!!
252	FR	F&R	formal	mt_gyafc	5.8	On peut aimer plusieurs fois- tomber amoureux, c' est très simple.	On peut aimer plusieurs fois - tomber amoureux c est très simple!
253	FR	F&R	formal	rt	3.8	S'abstenir pendant les jours qq	abstenez vous pendant qq jours
254	FR	F&R	formal	rule_based	6.0	Dis lui que si tu le trompais avec un autre, tu n'aurais plus envie de lui.	Dis lui que si tu le trompais avec un autre, tu n'aurais plus envie de lui.
255	FR	F&R	formal	backtranslate	6.0	CA plait aux hommes Parcque c' est pas eux qui se grattent quand ça repousse!	Ca plait aux hommes parcque c'est pas eux qui se grattent quand ça repousse !
256	FR	F&R	formal	rt	3.4	Pas tout parce que vous devez savoir comment varier les plaisirs.	non pas dutout car il faut savoir varier les plaisirs.
257	FR	F&R	formal	formal	6.0	Je n'ai pas quinze ans.	je n ai pas 15 ans.
258	FR	F&R	formal	rule_based	6.0	Je pense qu'il faut q tu restes toi même sans pour autant lui dévoiller tes sentiments!	je pense qu'il faut q tu restes toi même sans pour autant lui dévoiller tes sentiments !
259	FR	F&R	formal	rt	5.6	Non, il n'y a rien de mal à ça.	Non ya pas de mal à ca.
260	FR	F&R	formal	mt_gyafc	4.2	C' est la plus belle chose que vous puissiez faire à la personne qui compte le plus dans votre vie.	!alors fonce c'est la plus belle chose que tu puisse faire à la personne qui compte le plus dans ta vie!
261	FR	F&R	formal	backtranslate	5.8	Ouin maman t' es méchante.	ouiiin maman t'es méchante :(
262	FR	F&R	formal	multi	6.0	Il faut toujours dire la vérité même si quelques fois ça fait mal.	il faut toujours dire la vérité même si quelques fois ca fait mal.
263	FR	F&R	formal	formal	5.4	En effet, on peut dire qu'ils sont attirés l'un par l'autre.	On peux dire qu'ils sont attiré l'un par l'autre oui
264	FR	F&R	formal	rule_based	5.6	On peut aimer plusieurs fois- tomber amoureux c’est est très simple!	On peut aimer plusieurs fois - tomber amoureux c est très simple!
265	FR	F&R	formal	multi	3.2	Ce n' est pas de problème que vous l' enregistre, vous l' entendras toujours.	Pas de problème tu l' enregistre , tu l' entendras toujours .
266	FR	F&R	formal	multi	5.6	C' est très trisite, votre mari doit certainement vous aimer.	c'est trés trisite, votre mari doit certainement vous aimez !!
267	FR	F&R	formal	mt_gyafc	4.0	Vous pouvez lui dire sans la blesser (en plus, les femmes transforment toujours ce que les hommes disent!)	tu pourra pas lui dire sans la blesser (en plus, les nana transforment tjs ce que les mecs disent !)
268	FR	F&R	formal	backtranslate	6.0	Tu ne peux rien fair car une personne qui na pas confiance a elle meme c' est un grand Fleau.	tu ne peux rien fair car une personne qui na pas confiance a elle meme c'est un grand fleau
269	FR	F&R	formal	backtranslate	4.8	Non, mais ça fait beaucoup de dégâts dans le couple.	non mais ça fait beaucoup de dégâts dans le couple ça c'est sur!
270	FR	F&R	formal	multi	5.6	Il y a vraiment des idiots qui s' ennuient.	Il y a vraiment des cons qui s'ennuient.
271	FR	F&R	formal	rt	5.2	Alors elle peut rêver, et si elle le faisait, j'y mettrais probablement une bonne dose de poisons !	alors la elle peut réver, et si c 'était le cas, j'aurai surement mis une bonne dose de poisons dedans !!
272	FR	F&R	formal	formal	5.4	Tu aurais du donner le tien. Ainsi, on te répondra plus facilement.	T'aurai du donné le tien, comme ça on te répondra facilement
273	FR	F&R	formal	mt_gyafc	6.0	Il y a rien à faire tout est écris.	ya rien a faire tout est écris
274	FR	F&R	formal	rule_based	6.0	Certainement pour les memes raisons qui font qu'un garçon va préférer une super nana complètement idiote à une intelligente et physiquement normal	certainement pour les memes raisons qui font qu'un garçon va préférer une super nana complètement idiote à une intelligente et physiquement normal
275	FR	F&R	formal	backtranslate	4.2	Tu lui poses la question, mais franchement, si c' est ton ex, je ne pense pas que ca serve ait gd choz!	tu lui pose la question mais franchement si c ton ex je ne pense pas que ca serve a gd choz!
276	FR	F&R	formal	multi	5.6	Certainement pour les memes raisons qui font qu' un garçon va préférer une super femme complètement idiote à une intelligente et physiquement normale.	certainement pour les memes raisons qui font qu'un garçon va préférer une super nana complètement idiote à une intelligente et physiquement normal
277	FR	F&R	formal	multi	5.2	Non, mais ça fait beaucoup de dégâts dans le couple.	non mais ça fait beaucoup de dégâts dans le couple ça c'est sur!
278	FR	F&R	formal	formal	4.2	Cela se comprend aisément.	ça m'a l'air tout clair !
279	FR	F&R	formal	rule_based	6.0	Depuis des lustres, juste apres le moyen age	depuis des lustres,juste apres le moyen age
280	FR	F&R	formal	backtranslate	5.6	Il y a pas de mal à ca.	Non ya pas de mal à ca.
281	FR	F&R	formal	rt	6.0	Oui, je l'ai !	Oui, je l'ai!
282	FR	F&R	formal	multi	4.8	Il faut sortir le week-end, sinon on pète les plombs si on n' évacte pas le stress de la semaine.	Mais il faut sortir le week end, sinon on pète les plombs si on n'évacu pas le stress de la semaine
283	FR	F&R	formal	backtranslate	5.8	Je vois celle-ci.	je vois celle-ci :-)
284	FR	F&R	formal	multi	6.0	Ma dernière histoire d' amour était avec une fille très ouverte sexuellement et très intelligente, c' était le pied!	ma derniere histoire d'amour était avec une fille trés ouverte sexuellement et trés intelligente, c'étais le pied!!
285	FR	F&R	formal	mt_gyafc	2.0	Quand j' ai un principe, je le change.	quand j'ai un principe je le change pas!
286	FR	F&R	formal	multi	1.8	On n' est pas mariés, mais ils ne peuvent pas passer.	qu'on ont n'est marier,  ont ne peut pas sont passer.
287	FR	F&R	formal	mt_gyafc	2.2	Attention, si vous avez une petite amie, vous devez vous assurer qu' elle vous voit.	attention, si tu as une copine, faut pas qu'elle te voit !
288	FR	F&R	formal	mt_gyafc	6.0	Je n' ai pas 15 ans.	je n ai pas 15 ans.
289	FR	F&R	formal	rt	6.0	Le mariage est une question d'amour, pas de religion !	Le mariage est une question d'amour, pas de religion !!
290	FR	F&R	formal	mt_gyafc	5.8	L' homme pense peut-être être un peu trop.	L'homme pense peut être un peu trop !!
291	FR	F&R	formal	mt_gyafc	5.8	C' est trés trisite, votre mari doit certainement vous aimer.	c'est trés trisite, votre mari doit certainement vous aimez !!
292	FR	F&R	formal	rt	6.0	Je n'ai pas 15 ans.	je n ai pas 15 ans.
293	FR	F&R	formal	mt_gyafc	5.8	Je vois celle-ci.	je vois celle-ci :-)
294	FR	F&R	formal	backtranslate	6.0	Non, mais de me sauver oui.	Non , mais de me sauver oui .
295	FR	F&R	formal	formal	5.6	Je ne vois pas de trahison ici et je n'en suis pas du tout frustrée !	Je ne vois pas la trahison là dedans et je ne me sens pas du tout frustrée !
296	FR	F&R	formal	formal	5.6	Tu n'as pas besoin d'un chagrin !	t'as pas besoin donc d'un chagrin!!!
297	FR	F&R	formal	backtranslate	6.0	Ecris lui un poeme!	ecris lui un poeme !
298	FR	F&R	formal	formal	5.6	Il ne faut jamais faire dépendre son bien-être d'un élément extérieur.	Ne jamais faire dependre son bien etre d'une chose exterieur.
299	FR	F&R	formal	backtranslate	6.0	Vous êtes un gros queutard!	Tu est un gros queutard !
300	FR	F&R	formal	mt_gyafc	5.8	Je viens d' en faire deux dans le cadre d' une adoption, le maire de ma commune avait visiblement l' habitude d' en faire.	perso je viens d'en faire deux dans le cadre d'une adoption, le maire de ma commune avait visiblement l'habitude d'en faire.
301	FR	F&R	formal	backtranslate	6.0	Abstenez-vous pendant qq jours.	abstenez vous pendant qq jours
302	FR	F&R	formal	rule_based	6.0	Naturellement, au besoin	naturellement,au besoin
303	FR	F&R	formal	mt_gyafc	4.8	Pour un vrai pauvre, l' argent ne fera que le bonheurpour un riche. Ça n' en fait qu' un peu plus.	"pour un ""vrai"" pauvre, l'argent ne peu faire que le bonheurpour un riche ça n'en fait qu'un peu plus"
304	FR	F&R	formal	rt	6.0	Presque tous les jours !	presque tous les jours !!
305	FR	F&R	formal	multi	5.8	Parce que vous êtes trop, du coup, ça fait peur aux filles qui se disent qu' elles n' ont aucune chance.	parce que t'es TROP, du coup ca fait peur aux filles qui se disent qu'elles ont aucune chance.
306	FR	F&R	formal	backtranslate	5.8	Enfin, j' espére pour toi que c' est un homme!	^^Enfin j'espére pour toi que c'est un homme!!
307	FR	F&R	formal	rt	5.2	Laissez votre cœur dire le vrai sentiment	laisse ton coeur dit la sentiment  réelle
308	FR	F&R	formal	backtranslate	6.0	Ne jamais faire dependre son bien etre d' une chose exterieur.	Ne jamais faire dependre son bien etre d'une chose exterieur.
309	FR	F&R	formal	rule_based	6.0	Mais j'ai une dent contre ma belle-mère et les belles-soeurs, j'arrive pas à oublier leurs efforts pour détruire mon couple.	Mais j'ai une dent contre ma belle-mère et les belles-soeurs, j'arrive pas à oublier leurs efforts pour détruire mon couple.
310	FR	F&R	formal	formal	4.4	Bon je te le dis c'est dur ce n'est pas logique, ce n'est pas quelque chose de bien.	bon je te dit c dur c pas logique c pas sa bon c qlqchose pas bien
311	FR	F&R	formal	mt_gyafc	5.6	Je ne suis pas contre les hommes, je suis tout contre.	moi je ne suis pas contre les hommes,je suis tout contre
312	FR	F&R	formal	rt	2.8	! Vous pouvez passer par une belle histoire d'amour, l'amour n'est pas tous les jours que nous le rencontrons !	!tu passes peut etre à cote d'une belle histoire d'amour,l'amour c'est pas tous les jours qu'on le rencontre!
313	FR	F&R	formal	backtranslate	6.0	Ne faites pas la même connerie!	Ne faites pas la même connerie !
314	FR	F&R	formal	multi	6.0	Presque tous les jours!	presque tous les jours !!
315	FR	F&R	formal	multi	5.8	L' homme pense peut-être un peu trop.	L'homme pense peut être un peu trop !!
316	FR	F&R	formal	rt	3.8	Ce n'est pas mon style d'avoir beaucoup	c' est pas mon style d' en avoir plusieur
317	FR	F&R	formal	multi	4.4	Vous devriez l' obliger à divorcer pour s' installer à deux.	l'obliger à divorcer pour s'installer à deux!
318	FR	F&R	formal	mt_gyafc	2.8	Vous êtes une femme et vous avez tous les atouts, mais il va doucement.	tu es une femme et tu dispose de tous les atouts mais va doucement.
319	FR	F&R	formal	multi	6.0	Il est marié. Ça va être très difficile de le recupérer, voir impossible!	il est marié, ça va etre très dur de le recupérer, voir impossible!!
320	FR	F&R	formal	backtranslate	6.0	C' est la personne en qui je fais le plus confiance au monde et en plus on parle beaucoup, on se dit tout!	c'est la personne en qui je fais le plus confiance au monde et en plus on parle beaucoup, on se dit tout !
321	FR	F&R	formal	rt	4.0	Vous lui posez la question, mais franchement, si c'est votre ex, je ne pense pas que ce soit un gd choz !	tu lui pose la question mais franchement si c ton ex je ne pense pas que ca serve a gd choz!
322	FR	F&R	formal	multi	2.6	Savez-vous au moins que la beauté ne le fait pas?	Sais tu au moins que la beauté fais pas tout !!!!
323	FR	F&R	formal	formal	2.4	Je ne crois pas qu'elle ait raison et quand bien même cela adviendrait mon inimité pour elle est tellement forte que j'aurais tout fait pour qu'elle ait tort !	alors la elle peut réver, et si c 'était le cas, j'aurai surement mis une bonne dose de poisons dedans !!
324	FR	F&R	formal	rule_based	6.0	Tu est un gros queutard!	Tu est un gros queutard !
325	FR	F&R	formal	mt_gyafc	2.6	Moi de mon côté, je lui épluche ses clémentines, il aime ce qu' il aime.	Moi de mon côté je lui épluche ses clémentines il aime pas çà !!
326	FR	F&R	formal	rule_based	6.0	Moi je ne suis pas contre les hommes, je suis tout contre	moi je ne suis pas contre les hommes,je suis tout contre
327	FR	F&R	formal	backtranslate	6.0	Il y a vraiment des cons qui s' ennuient.	Il y a vraiment des cons qui s'ennuient.
328	FR	F&R	formal	formal	5.4	On ne peut s'en passer quand on est mariés.	qu'on ont n'est marier,  ont ne peut pas sont passer.
329	FR	F&R	formal	backtranslate	4.6	Les femmes coquines ont pas envie que tu les trouves.	eh oh ptet que les femmes coquines ont pas envie que tu les trouves.
330	FR	F&R	formal	formal	6.0	Le mariage est une question d'amour et non de religion!	Le mariage est une question d'amour, pas de religion !!
331	FR	F&R	formal	rule_based	6.0	L'homme pense peut être un peu trop!	L'homme pense peut être un peu trop !!
332	FR	F&R	formal	backtranslate	6.0	Tu empêches tout le monde de dormir!	T'empêches tout le monde de dormir!
333	FR	F&R	formal	formal	5.4	Les tout petits cheveux, c'est mieux.	Les mini cheveux c mieux.
334	FR	F&R	formal	rule_based	5.8	Ça m' a l'air déjà bien parti en tout cas	ça m'a l'air déjà bien parti en tt cas
335	FR	F&R	formal	formal	5.8	Oui, ne t'inquiète pas. C'est pareil pour moi !	oui ne t'inquiète pas moi c'est pareil!!
336	FR	F&R	formal	formal	5.4	Il n'y a rien à faire. Tout est déjà écrit.	ya rien a faire tout est écris
337	FR	F&R	formal	rt	5.8	C'est la personne que j'ai le plus confiance dans le monde et en plus nous parlons beaucoup, nous nous disons tout !	c'est la personne en qui je fais le plus confiance au monde et en plus on parle beaucoup, on se dit tout !
338	FR	F&R	formal	rt	5.0	Ouais, maman tu es méchante : (	ouiiin maman t'es méchante :(
339	FR	F&R	formal	multi	3.2	J' étais avec ma copine en voiture et d' un coup, elle m' a dit que je t' arrête dans le bois.	J'étais avec ma copine en voiture et d'un coup elle m'a dit arrete toi dans le bois la bas.
340	FR	F&R	formal	rt	6.0	Donc tu n'as pas besoin de chagrin !	t'as pas besoin donc d'un chagrin!!!
341	FR	F&R	formal	rt	2.4	Laissez-le aller, il oubliera pas	laisse tomber il vas oublier ne
342	FR	F&R	formal	rule_based	6.0	Il change par amour, et toi par amour tu dois lui laisser le temps.	Il change par amour, et toi par amour tu dois lui laisser le temps.
343	FR	F&R	formal	rule_based	6.0	Oui, je l'ai!	Oui, je l'ai!
344	FR	F&R	formal	rule_based	6.0	Oh je ne suis pas intéressée mais loin de moi l'idée de te répondre vulgairement!	Oh je ne suis pas intéressée mais loin de moi l'idée de te répondre vulgairement !
345	FR	F&R	formal	multi	4.2	Je le vois.	je vois celle-ci :-)
346	FR	F&R	formal	rule_based	5.6	Il y a rien a faire tout est écris	ya rien a faire tout est écris
347	FR	F&R	formal	backtranslate	6.0	Il faut avoir de la volonté pour se changer en bien si non personne ne peut t' aider et bonne chance.	il faut avoir de la volonté pour se changer en bien si non personne ne peut t'aider et bonne chance
348	FR	F&R	formal	mt_gyafc	6.0	Oui, je l' ai!	Oui, je l'ai!
349	FR	F&R	formal	backtranslate	6.0	Quitte le avant de te quitter.	Quitte le avant de te quitter.
350	FR	F&R	formal	formal	4.8	Ne faites pas les mêmes erreurs.	Ne faites pas la même connerie !
351	FR	F&R	formal	mt_gyafc	6.0	Non, mais de me sauver oui.	Non , mais de me sauver oui .
352	FR	F&R	formal	rt	1.6	Certainement pour les mêmes raisons qu'un garçon préférera un super poussin totalement idiot à un intelligent et physiquement normal	certainement pour les memes raisons qui font qu'un garçon va préférer une super nana complètement idiote à une intelligente et physiquement normal
353	FR	F&R	formal	formal	4.2	J'espère pour vous que votre partenaire aura la virilité que vous souhaitez !	^^Enfin j'espére pour toi que c'est un homme!!
354	FR	F&R	formal	backtranslate	6.0	Les mini cheveux c' est mieux.	Les mini cheveux c mieux.
355	FR	F&R	formal	formal	4.2	Il faut sortir la fin de semaine, sinon le stress de la semaine prend sur le corps.	Mais il faut sortir le week end, sinon on pète les plombs si on n'évacu pas le stress de la semaine
356	FR	F&R	formal	backtranslate	5.6	Beaucoup, effectivement ne cherchent pas à en savoir d' avantage, beaucoup sont superficiels.	Beaucoup, effectivement ne cherchent pas à en savoir d'avantage, bcp sont superficiels.
357	FR	F&R	formal	backtranslate	6.0	Il y a rien a faire tout est écris.	ya rien a faire tout est écris
358	FR	F&R	formal	rule_based	5.8	Il faut avoir de la volonté pour se changer en bien si non personne ne peut t'aider et bonne chance	il faut avoir de la volonté pour se changer en bien si non personne ne peut t'aider et bonne chance
359	FR	F&R	formal	backtranslate	5.6	Ça m 'a l' air déjà bien parti en tout cas.	ça m'a l'air déjà bien parti en tt cas
360	FR	F&R	formal	backtranslate	5.8	Parce que t' es trop, du coup ca fait peur aux filles qui se disent qu' elles ont aucune chance.	parce que t'es TROP, du coup ca fait peur aux filles qui se disent qu'elles ont aucune chance.
361	FR	F&R	formal	multi	5.6	Beaucoup, vraiment ne cherchent pas à en savoir plus, beaucoup sont superficiels.	Beaucoup, effectivement ne cherchent pas à en savoir d'avantage, bcp sont superficiels.
362	FR	F&R	formal	multi	3.6	Comme vous le dites, si bien on peut toujours rever.	comme tu le dis si bien on peut toujours rever
363	FR	F&R	formal	backtranslate	6.0	Je l' ai vu le jour de son depart pour le Darfour avec une mission de medecin du monde.	je l'ai vu le jour de son depart pour le darfour avec une mission de medecin du monde.
364	FR	F&R	formal	backtranslate	5.8	Je ne suis pas intéressée, mais loin de moi l' idée de te répondre vulgairement!	Oh je ne suis pas intéressée mais loin de moi l'idée de te répondre vulgairement !
365	FR	F&R	formal	multi	4.4	Vous ne pouvez pas supporter.	Tu ne pourras pas supporter .
366	FR	F&R	formal	multi	3.6	Attention, si vous avez une petite amie, elle ne vous voit pas.	attention, si tu as une copine, faut pas qu'elle te voit !
367	FR	F&R	formal	rule_based	6.0	! nan je déconne.	!Nan je déconne.
368	FR	F&R	formal	rule_based	6.0	Non mais ça fait beaucoup de dégâts dans le couple ça c'est sur!	non mais ça fait beaucoup de dégâts dans le couple ça c'est sur!
369	FR	F&R	formal	backtranslate	6.0	Ne fait rien, ce qui est fai est fait.	Ne fait rien, ce qui est fai est fait.
370	FR	F&R	formal	multi	1.4	De se donner un peu de férote en soi même.	de se donner un peu de fierte en soi meme
371	FR	F&R	formal	formal	5.6	Il n'en faut pas beaucoup pour transformer une amitié en relation amoureuse.	il n y a qu'un pas entre l'amour et l'amitier.
372	FR	F&R	formal	mt_gyafc	1.6	C' est un dessert plus que ça.	ça dessert plus que ça sert
373	FR	F&R	formal	formal	5.4	Naturellement, si nécessaire.	naturellement,au besoin
374	FR	F&R	formal	rt	6.0	Ma dernière histoire d'amour était avec une fille très ouverte sexuellement et très intelligente, c'était le pied !	ma derniere histoire d'amour était avec une fille trés ouverte sexuellement et trés intelligente, c'étais le pied!!
375	FR	F&R	formal	rule_based	6.0	Ma derniere histoire d'amour était avec une fille trés ouverte sexuellement et trés intelligente, c'étais le pied!	ma derniere histoire d'amour était avec une fille trés ouverte sexuellement et trés intelligente, c'étais le pied!!
376	FR	F&R	formal	multi	3.8	C' est la plus belle chose que tu puisses faire à la personne qui compte le plus dans ta vie.	!alors fonce c'est la plus belle chose que tu puisse faire à la personne qui compte le plus dans ta vie!
377	FR	F&R	formal	mt_gyafc	5.2	Je pense qu' il faut q vous restez vous même sans lui dévoiller vos sentiments.	je pense qu'il faut q tu restes toi même sans pour autant lui dévoiller tes sentiments !
378	FR	F&R	formal	backtranslate	5.8	Tu as bien raison de rire ca fait du bien.	ahaha tu as bien raison de rire ca fait du bien.
379	FR	F&R	formal	rule_based	6.0	Beaucoup, effectivement ne cherchent pas à en savoir d'avantage, beaucoup sont superficiels.	Beaucoup, effectivement ne cherchent pas à en savoir d'avantage, bcp sont superficiels.
380	FR	F&R	formal	rt	3.0	Laisse-le avant de partir.	Quitte le avant de te quitter.
381	FR	F&R	formal	mt_gyafc	5.4	Les mini cheveux sont mieux.	Les mini cheveux c mieux.
382	FR	F&R	formal	rt	4.0	Il ne me jettera pas ce genre de phrase demain !	C'est pas demain qu'il va me lancer ce genre de phrase !
383	FR	F&R	formal	mt_gyafc	6.0	Comment faire confiance à l' être humain?	Comment faire confiance à l'être humain?
384	FR	F&R	formal	mt_gyafc	2.8	Je pense que c' est une bonne chose que j' ai trouvé l' amour avec une fille trés ouverte sexuellement et trés intelligente, c' était le pied!	ma derniere histoire d'amour était avec une fille trés ouverte sexuellement et trés intelligente, c'étais le pied!!
385	FR	F&R	formal	rt	4.6	Oh, je ne suis pas intéressé mais loin de moi l'idée de vous répondre vulgaire !	Oh je ne suis pas intéressée mais loin de moi l'idée de te répondre vulgairement !
386	FR	F&R	formal	backtranslate	5.8	J' étais avec ma copine en voiture et d' un coup elle m 'a dit arrete toi dans le bois la bas.	J'étais avec ma copine en voiture et d'un coup elle m'a dit arrete toi dans le bois la bas.
387	FR	F&R	formal	rt	4.4	Tu ne peux pas le supporter.	Tu ne pourras pas supporter .
388	FR	F&R	formal	multi	4.4	Les femmes coquines n' ont pas envie que vous les trouviez.	eh oh ptet que les femmes coquines ont pas envie que tu les trouves.
389	FR	F&R	formal	rt	4.8	Le forçant à divorcer pour s'installer en deux !	l'obliger à divorcer pour s'installer à deux!
390	FR	F&R	formal	rule_based	6.0	Presque tous les jours!	presque tous les jours !!
391	FR	F&R	formal	rt	4.6	Il est normal que tout se passe dans l'amour vit cette histoire complètement l'essentiel est de ne pas en souffrir et de ne pas le faire souffrir	c'est normal tout arrive en amour vit cette histoire pleinement l'essentiel c'est ne pas en souffrir et de ne pas faire souffrir
392	FR	F&R	formal	rt	6.0	Non, mais ça fait beaucoup de dégâts dans le couple, c'est sûr !	non mais ça fait beaucoup de dégâts dans le couple ça c'est sur!
393	FR	F&R	formal	rule_based	6.0	^enfin j'espére pour toi que c'est un homme!	^^Enfin j'espére pour toi que c'est un homme!!
394	FR	F&R	formal	multi	6.0	Moi, ça me retournerai complètement le cœur.	Moi ça me retournerai complètement le coeur.
395	FR	F&R	formal	multi	5.6	Je ne suis pas contre les hommes. Je suis tout contre.	moi je ne suis pas contre les hommes,je suis tout contre
396	FR	F&R	formal	rt	5.4	Parce que tu es trop, donc ça fait peur aux filles qui pensent qu'elles n'ont pas de chance.	parce que t'es TROP, du coup ca fait peur aux filles qui se disent qu'elles ont aucune chance.
397	FR	F&R	formal	rule_based	6.0	Il est marié, ça va etre très dur de le recupérer, voir impossible!	il est marié, ça va etre très dur de le recupérer, voir impossible!!
398	FR	F&R	formal	rule_based	6.0	Et encore, lui consacrer un sms c'est trop gentil.	Et encore, lui consacrer un sms c'est trop gentil.
399	FR	F&R	formal	multi	6.0	Je n' ai pas 15 ans.	je n ai pas 15 ans.
400	FR	F&R	formal	backtranslate	3.6	Bon, je te dis que c' est dur. C' est pas sa bonne question. C' est qlqchose, pas bien.	bon je te dit c dur c pas logique c pas sa bon c qlqchose pas bien
401	FR	F&R	formal	backtranslate	4.2	On doit partir seulement a partir de 13 ans!	On dois y aller seulement a partir de 13 ans !
402	FR	F&R	formal	rt	5.4	Excitant si de son partenaire, offensant si c'est quelqu'un d'autre.	Excitant si de son partenaire, vexant si c'est quelqu'un d'autre.
403	FR	F&R	formal	mt_gyafc	3.0	C' est normal, tout arrive en amour, c' est une histoire qui n' est pas en train de souffrir et de ne pas souffrir.	c'est normal tout arrive en amour vit cette histoire pleinement l'essentiel c'est ne pas en souffrir et de ne pas faire souffrir
404	FR	F&R	formal	rule_based	6.0	Tu es une femme et tu dispose de tous les atouts mais va doucement.	tu es une femme et tu dispose de tous les atouts mais va doucement.
405	FR	F&R	formal	multi	3.8	Ne jamais faire pendre son bien être d' une chose exterieur.	Ne jamais faire dependre son bien etre d'une chose exterieur.
406	FR	F&R	formal	backtranslate	3.2	Je ne suis pas contre les hommes.	moi je ne suis pas contre les hommes,je suis tout contre
407	FR	F&R	formal	rt	6.0	Je ne vois pas de trahison là-dedans et je ne me sens pas frustré du tout !	Je ne vois pas la trahison là dedans et je ne me sens pas du tout frustrée !
408	FR	F&R	formal	backtranslate	5.8	Le mariage est une question d' amour, pas de religion.	Le mariage est une question d'amour, pas de religion !!
409	FR	F&R	formal	mt_gyafc	2.6	Laisse tomber ça. Oublie-le.	laisse tomber il vas oublier ne
410	FR	F&R	formal	backtranslate	6.0	Ça dessert plus que ça sert.	ça dessert plus que ça sert
411	FR	F&R	formal	rt	5.4	Ne jamais faire dépendre son bien-être de quelque chose à l'extérieur.	Ne jamais faire dependre son bien etre d'une chose exterieur.
412	FR	F&R	formal	rt	5.4	Il y a vraiment des crétins qui s'ennuient.	Il y a vraiment des cons qui s'ennuient.
413	FR	F&R	formal	mt_gyafc	2.4	Qu' on a n' est pas marié, ils ne peuvent pas passer.	qu'on ont n'est marier,  ont ne peut pas sont passer.
414	FR	F&R	formal	mt_gyafc	6.0	Il y a vraiment des cons qui s' ennuient.	Il y a vraiment des cons qui s'ennuient.
415	FR	F&R	formal	rule_based	6.0	Ecris lui un poeme!	ecris lui un poeme !
416	FR	F&R	formal	rt	4.8	Tu sais au moins que la beauté ne fait pas tout !	Sais tu au moins que la beauté fais pas tout !!!!
417	FR	F&R	formal	multi	5.0	Desolé ne connait pas.	dsl connait pas !!
418	FR	F&R	formal	multi	5.6	Vous ne pouvez pas lui dire sans la blesser (en plus, les femmes transforment toujours ce que les hommes disent!)	tu pourra pas lui dire sans la blesser (en plus, les nana transforment tjs ce que les mecs disent !)
419	FR	F&R	formal	mt_gyafc	4.8	Vous n' avez pas besoin d' un chagrin.	t'as pas besoin donc d'un chagrin!!!
420	FR	F&R	formal	backtranslate	5.2	Vous devriez l' obliger à divorcer pour s' installer à deux.	l'obliger à divorcer pour s'installer à deux!
421	FR	F&R	formal	rule_based	6.0	C'est la personne en qui je fais le plus confiance au monde et en plus on parle beaucoup, on se dit tout!	c'est la personne en qui je fais le plus confiance au monde et en plus on parle beaucoup, on se dit tout !
422	FR	F&R	formal	rule_based	5.8	Abstenez vous pendant qq jours	abstenez vous pendant qq jours
423	FR	F&R	formal	mt_gyafc	6.0	Naturellement, au besoin.	naturellement,au besoin
424	FR	F&R	formal	backtranslate	5.6	J' ai pas 15 ans.	je n ai pas 15 ans.
425	FR	F&R	formal	multi	5.8	Moi de mon côté, je lui épluche ses clémentines, il n' aime pas ça!	Moi de mon côté je lui épluche ses clémentines il aime pas çà !!
426	FR	F&R	formal	rule_based	6.0	Tu pourra pas lui dire sans la blesser( en plus, les nana transforment toujours ce que les mecs disent!)	tu pourra pas lui dire sans la blesser (en plus, les nana transforment tjs ce que les mecs disent !)
427	FR	F&R	formal	multi	5.8	Ouin maman t' es méchante.	ouiiin maman t'es méchante :(
428	FR	F&R	formal	multi	5.4	L' important est qu' il soit attirant, bogoss, gentil, gentil et généreux.	l'important c'est qu'il soit attirant , BOGOSS , gentil, sympa, et généreux c tout
429	FR	F&R	formal	rule_based	6.0	Laisse ton coeur dit la sentiment réelle	laisse ton coeur dit la sentiment  réelle
430	FR	F&R	formal	rt	5.4	Pas de problème, vous l'enregistrez, vous l'entendez toujours.	Pas de problème tu l' enregistre , tu l' entendras toujours .
431	FR	F&R	formal	rt	5.2	Se donner un peu de fierté	de se donner un peu de fierte en soi meme
432	FR	F&R	formal	rt	5.6	Vous pouvez aimer plusieurs fois - tomber amoureux est très simple !	On peut aimer plusieurs fois - tomber amoureux c est très simple!
433	FR	F&R	formal	multi	2.4	Vous aurez le tien, comme ça on vous répondra facilement.	T'aurai du donné le tien, comme ça on te répondra facilement
434	FR	F&R	formal	rule_based	6.0	Pas de problème tu l' enregistre, tu l' entendras toujours.	Pas de problème tu l' enregistre , tu l' entendras toujours .
435	FR	F&R	formal	multi	6.0	Ne fait rien, ce qui est fai est fait.	Ne fait rien, ce qui est fai est fait.
436	FR	F&R	formal	formal	5.2	Il faut avoir premièrement la volonté de s'améliorer, sinon personne d'autre ne peut t'aider. Je te souhaite bonne chance.	il faut avoir de la volonté pour se changer en bien si non personne ne peut t'aider et bonne chance
437	FR	F&R	formal	multi	5.8	C' est votre choix et c' est à vous d' écouter votre cœur.	Mais c'est ton choix et c'est à toi d'écouter ton coeur.
438	FR	F&R	formal	formal	5.8	Nous devons nous y rendre seulement si on a plus de treize ans.	On dois y aller seulement a partir de 13 ans !
439	FR	F&R	formal	backtranslate	6.0	Moi ça me retournerai complètement le coeur.	Moi ça me retournerai complètement le coeur.
440	FR	F&R	formal	formal	5.2	Tu vas être incapable de supporter cela.	Tu ne pourras pas supporter .
441	FR	F&R	formal	backtranslate	4.2	Parlez à votre femme.	en parler à ta femme
442	FR	F&R	formal	mt_gyafc	2.2	Eh bien, les femmes coquines ont envie que vous les trouvez.	eh oh ptet que les femmes coquines ont pas envie que tu les trouves.
443	FR	F&R	formal	rule_based	5.6	Bon je te dit c’est dur c’est pas logique c’est pas sa bon c’est qlqchose pas bien	bon je te dit c dur c pas logique c pas sa bon c qlqchose pas bien
444	FR	F&R	formal	backtranslate	6.0	- Nan je déconne.	!Nan je déconne.
445	FR	F&R	formal	rt	6.0	Il n'y a qu'un pas entre l'amour et l'amitié.	il n y a qu'un pas entre l'amour et l'amitier.
446	FR	F&R	formal	mt_gyafc	5.2	On peut dire qu' ils sont attirés par l' autre.	On peux dire qu'ils sont attiré l'un par l'autre oui
447	FR	F&R	formal	backtranslate	6.0	Non pas dutout, car il faut savoir varier les plaisirs.	non pas dutout car il faut savoir varier les plaisirs.
448	FR	F&R	formal	rule_based	6.0	Comment faire confiance à l'être humain?	Comment faire confiance à l'être humain?
449	FR	F&R	formal	rt	4.2	Je, de mon côté, épluchez ses clémentines, il n'aime pas ça !	Moi de mon côté je lui épluche ses clémentines il aime pas çà !!
450	FR	F&R	formal	rt	4.6	Il est marié, ça va être difficile de le trouver, sinon impossible !	il est marié, ça va etre très dur de le recupérer, voir impossible!!
451	FR	F&R	formal	rt	6.0	L'homme pense peut-être un peu trop !	L'homme pense peut être un peu trop !!
452	FR	F&R	formal	multi	5.6	Le mariage est une question d' amour, pas de religion.	Le mariage est une question d'amour, pas de religion !!
453	FR	F&R	formal	rule_based	6.0	On dois y aller seulement a partir de 13 ans!	On dois y aller seulement a partir de 13 ans !
454	FR	F&R	formal	formal	5.2	Je ne change pas mes principes!	quand j'ai un principe je le change pas!
455	FR	F&R	formal	rule_based	6.0	T'empêches tout le monde de dormir!	T'empêches tout le monde de dormir!
456	FR	F&R	formal	rule_based	6.0	Je vois celle-ci:-)	je vois celle-ci :-)
457	FR	F&R	formal	formal	5.2	Oh je ne suis pas intéressée mais je ne souhaitais pas te répondre de manière déplacée !	Oh je ne suis pas intéressée mais loin de moi l'idée de te répondre vulgairement !
458	FR	F&R	formal	formal	4.6	C'est excitant si sa vient de ton partenaire mais troublant si c'est de quelqu'un d'autre.	Excitant si de son partenaire, vexant si c'est quelqu'un d'autre.
459	FR	F&R	formal	mt_gyafc	6.0	Je l' ai vu le jour de son depart pour le darfour avec une mission de medecin du monde.	je l'ai vu le jour de son depart pour le darfour avec une mission de medecin du monde.
460	FR	F&R	formal	rule_based	6.0	Le mariage est une question d'amour, pas de religion!	Le mariage est une question d'amour, pas de religion !!
461	FR	F&R	formal	multi	6.0	Le plaisir se déclenche au niveau du cerveau!	le plaisir se déclenche au niveau du cerveau !!!
462	FR	F&R	formal	backtranslate	2.2	Laisse tomber ça. Oublie-le.	laisse tomber il vas oublier ne
463	FR	F&R	formal	rt	5.0	J'espère que c'est un homme !	^^Enfin j'espére pour toi que c'est un homme!!
464	FR	F&R	formal	backtranslate	5.8	"Pour un ""vrai"" pauvre, l' argent ne fera que le bonheurpour un riche ça n' en fait qu' un peu plus."	"pour un ""vrai"" pauvre, l'argent ne peu faire que le bonheurpour un riche ça n'en fait qu'un peu plus"
465	FR	F&R	formal	mt_gyafc	2.0	Oui, et non, en fait le froid, il n' y a pas de frustration.	oui et non, en fait le froid anesthesie et du coup la frustration augmente.
466	FR	F&R	formal	rule_based	6.0	Non, mais de me sauver oui.	Non , mais de me sauver oui .
467	FR	F&R	formal	multi	5.6	Ce n' est pas demain qu' il va me lancer ce genre de phrase.	C'est pas demain qu'il va me lancer ce genre de phrase !
468	FR	F&R	formal	rule_based	6.0	! tu passes peut etre à cote d'une belle histoire d'amour, l'amour c'est pas tous les jours qu'on le rencontre!	!tu passes peut etre à cote d'une belle histoire d'amour,l'amour c'est pas tous les jours qu'on le rencontre!
469	FR	F&R	formal	mt_gyafc	1.0	Je pense que c' est un bon moment.	c' est pas mon style d' en avoir plusieur
470	FR	F&R	formal	multi	2.2	J' ai l' air bien parti en tout cas.	ça m'a l'air déjà bien parti en tt cas
471	FR	F&R	formal	rt	3.2	Oh, non, les femmes vilaines ne veulent pas que vous les trouviez.	eh oh ptet que les femmes coquines ont pas envie que tu les trouves.
472	FR	F&R	formal	rt	5.6	Quand j'ai un principe, je ne le change pas !	quand j'ai un principe je le change pas!
473	FR	F&R	formal	rt	2.2	Ce que nous avons est marié, ne peut pas passer.	qu'on ont n'est marier,  ont ne peut pas sont passer.
474	FR	F&R	formal	multi	5.8	C' est excitant si de son partenaire, vexant si c' est quelqu' un d' autre.	Excitant si de son partenaire, vexant si c'est quelqu'un d'autre.
475	FR	F&R	formal	backtranslate	6.0	Naturellement, au besoin.	naturellement,au besoin
476	FR	F&R	formal	backtranslate	6.0	Mais il faut sortir le week end, sinon on pète les plombs si on n' évacu pas le stress de la semaine.	Mais il faut sortir le week end, sinon on pète les plombs si on n'évacu pas le stress de la semaine
477	FR	F&R	formal	formal	4.2	Quitte-le avant qu'il te quitte.	Quitte le avant de te quitter.
478	FR	F&R	formal	mt_gyafc	5.6	Et encore, lui consacrer un message, c' est trop gentil.	Et encore, lui consacrer un sms c'est trop gentil.
479	FR	F&R	formal	rt	3.8	Desolé ne sait pas !	dsl connait pas !!
480	FR	F&R	formal	formal	5.8	Ça dessert plus que ça ne sert.	ça dessert plus que ça sert
481	FR	F&R	formal	mt_gyafc	3.0	Tu sais que tu es au moins que la beauté n' est pas tout.	Sais tu au moins que la beauté fais pas tout !!!!
482	FR	F&R	formal	rt	4.2	Et quand même, lui donner un SMS, c'est trop gentil.	Et encore, lui consacrer un sms c'est trop gentil.
483	FR	F&R	formal	rt	3.0	Oui et non, en fait, l'anesthésie froide et la frustration augmentent.	oui et non, en fait le froid anesthesie et du coup la frustration augmente.
484	FR	F&R	formal	mt_gyafc	6.0	Je dirai son amour son cœur.	je dirai son amour son coeur
485	FR	F&R	formal	formal	5.6	J'étais en voiture avec mon amie lorsque soudain, elle me dit de m'arrêter dans les bois.	J'étais avec ma copine en voiture et d'un coup elle m'a dit arrete toi dans le bois la bas.
486	FR	F&R	formal	multi	5.8	En parler à votre femme.	en parler à ta femme
487	FR	F&R	formal	rule_based	5.8	Moi de mon côté je lui épluche ses clémentines il aime pas çà!	Moi de mon côté je lui épluche ses clémentines il aime pas çà !!
488	FR	F&R	formal	backtranslate	5.4	Tu t' aurai du donné le tien, comme ça on te répondra facilement.	T'aurai du donné le tien, comme ça on te répondra facilement
489	FR	F&R	formal	rt	5.8	Vous empêchez tout le monde de dormir !	T'empêches tout le monde de dormir!
490	FR	F&R	formal	mt_gyafc	2.0	Si c' est quelqu' un d' autre, c' est excitant.	Excitant si de son partenaire, vexant si c'est quelqu'un d'autre.
491	FR	F&R	formal	backtranslate	4.6	Oui, ne vous inquiétez pas, c' est pareil!	oui ne t'inquiète pas moi c'est pareil!!
492	FR	F&R	formal	formal	5.6	Abstenez-vous pendant quelques jour.	abstenez vous pendant qq jours
493	FR	F&R	formal	mt_gyafc	5.6	Le plaisir se déclenche au niveau du cerveau.	le plaisir se déclenche au niveau du cerveau !!!
494	FR	F&R	formal	rule_based	6.0	Quand j'ai un principe je le change pas!	quand j'ai un principe je le change pas!
495	FR	F&R	formal	formal	3.2	Je penses que tu dois rester toi-meme pour lui montrer tes sentiments!	je pense qu'il faut q tu restes toi même sans pour autant lui dévoiller tes sentiments !
496	FR	F&R	formal	backtranslate	6.0	C' est normal tout arrive en amour vit cette histoire pleinement l' essentiel c' est ne pas en souffrir et de ne pas faire souffrir.	c'est normal tout arrive en amour vit cette histoire pleinement l'essentiel c'est ne pas en souffrir et de ne pas faire souffrir
497	FR	F&R	formal	backtranslate	2.2	Quand j' ai un principe, je le change.	quand j'ai un principe je le change pas!
498	FR	F&R	formal	rt	5.4	Beaucoup, en fait ne cherchent pas à en savoir plus, beaucoup sont superficiels.	Beaucoup, effectivement ne cherchent pas à en savoir d'avantage, bcp sont superficiels.
499	FR	F&R	formal	formal	4.6	Tu devrais en parler à ta femme.	en parler à ta femme
500	FR	F&R	formal	mt_gyafc	4.0	J' ai une dent contre ma belle-mère et les belles-sœurs, mais je ne peux pas oublier leurs efforts pour détruire mon couple.	Mais j'ai une dent contre ma belle-mère et les belles-soeurs, j'arrive pas à oublier leurs efforts pour détruire mon couple.
501	FR	F&R	formal	mt_gyafc	6.0	Presque tous les jours!	presque tous les jours !!
502	FR	F&R	formal	multi	5.4	Comme disait un humoriste noir, l' amour est dans la culotte patron.	"Comme disait un humoriste noir "" l'amour c'est dans la culotte patron """
503	FR	F&R	formal	rule_based	6.0	T'as pas besoin donc d'un chagrin!	t'as pas besoin donc d'un chagrin!!!
504	FR	F&R	formal	rule_based	6.0	Ça dessert plus que ça sert	ça dessert plus que ça sert
505	FR	F&R	formal	mt_gyafc	6.0	Il faut toujours dire la vérité même si quelques fois ca fait mal.	il faut toujours dire la vérité même si quelques fois ca fait mal.
506	FR	F&R	formal	backtranslate	5.6	Tu peux pas lui dire sans la blesser, en plus, les nana transforment toujours ce que les mecs disent.	tu pourra pas lui dire sans la blesser (en plus, les nana transforment tjs ce que les mecs disent !)
507	FR	F&R	formal	rt	3.4	Vous ne serez pas en mesure de lui dire sans lui faire mal (d'ailleurs, poussin transforme toujours ce que disent les gars !)	tu pourra pas lui dire sans la blesser (en plus, les nana transforment tjs ce que les mecs disent !)
508	FR	F&R	formal	mt_gyafc	6.0	Ne jamais faire dependre son bien être d' une chose exterieur.	Ne jamais faire dependre son bien etre d'une chose exterieur.
509	FR	F&R	formal	backtranslate	5.4	Attention, si vous avez une petite amie, faut pas qu' elle vous voit!	attention, si tu as une copine, faut pas qu'elle te voit !
510	FR	F&R	formal	rule_based	6.0	De se donner un peu de fierte en soi meme	de se donner un peu de fierte en soi meme
511	FR	F&R	formal	formal	5.6	Beaucoup sont superficiels et ne cherchent pas à en savoir davantage.	Beaucoup, effectivement ne cherchent pas à en savoir d'avantage, bcp sont superficiels.
512	FR	F&R	formal	rule_based	6.0	Ne faites pas la même connerie!	Ne faites pas la même connerie !
513	FR	F&R	formal	formal	5.8	Ça plaît aux hommes parce que ce ne sont pas eux qui se grattent quand ça repousse !	Ca plait aux hommes parcque c'est pas eux qui se grattent quand ça repousse !
514	FR	F&R	formal	formal	5.4	Personnellement, cela me chagrinerait profondément.	Moi ça me retournerai complètement le coeur.
515	FR	F&R	formal	formal	5.6	Il s'avère que je viens d'en faire deux dans le cadre d'une adoption, et de ce que j'en ai vu le maire de ma commune était fort accoutumé de ces demandes.	perso je viens d'en faire deux dans le cadre d'une adoption, le maire de ma commune avait visiblement l'habitude d'en faire.
516	FR	F&R	formal	mt_gyafc	5.6	Parce que vous êtes trop, du coup ca fait peur aux filles qui se disent qu' elles ont aucune chance.	parce que t'es TROP, du coup ca fait peur aux filles qui se disent qu'elles ont aucune chance.
517	FR	F&R	formal	rt	5.6	Vous êtes une femme et vous avez tous les atouts, mais allez lentement.	tu es une femme et tu dispose de tous les atouts mais va doucement.
518	FR	F&R	formal	rule_based	6.0	Le plaisir se déclenche au niveau du cerveau!	le plaisir se déclenche au niveau du cerveau !!!
519	FR	F&R	formal	formal	5.8	De se donner un peu de fierté à soi-même	de se donner un peu de fierte en soi meme
520	FR	F&R	formal	multi	3.0	Je ne suis pas intéressée, mais loin de moi l' idée de vous répondre.	Oh je ne suis pas intéressée mais loin de moi l'idée de te répondre vulgairement !
521	FR	F&R	formal	rt	6.0	L'important est qu'il soit attrayant, bogoss, gentil, gentil et généreux, c'est tout.	l'important c'est qu'il soit attirant , BOGOSS , gentil, sympa, et généreux c tout
522	FR	F&R	formal	rule_based	6.0	Alors la elle peut réver, et si c’est'était le cas, j'aurai surement mis une bonne dose de poisons dedans!	alors la elle peut réver, et si c 'était le cas, j'aurai surement mis une bonne dose de poisons dedans !!
523	FR	F&R	formal	rt	5.6	Vous devez toujours dire la vérité même si parfois ça fait mal.	il faut toujours dire la vérité même si quelques fois ca fait mal.
524	FR	F&R	formal	formal	3.4	Je ne suis pas opposé aux hommes.	moi je ne suis pas contre les hommes,je suis tout contre
525	FR	F&R	formal	multi	1.2	Quand j' ai un principe, je le changerai.	quand j'ai un principe je le change pas!
526	FR	F&R	formal	rt	5.0	Ahaha, tu as raison de rire. C'est bon.	ahaha tu as bien raison de rire ca fait du bien.
527	FR	F&R	formal	multi	3.8	Bien que je te dise que c' est dur, ce n' est pas logique. C' est qlqchose pas bien.	bon je te dit c dur c pas logique c pas sa bon c qlqchose pas bien
528	FR	F&R	formal	backtranslate	6.0	Certainement pour les memes raisons qui font qu' un garçon va préférer une super nana complètement idiote à une intelligente et physiquement normal.	certainement pour les memes raisons qui font qu'un garçon va préférer une super nana complètement idiote à une intelligente et physiquement normal
529	FR	F&R	formal	formal	5.2	Renonce, il va oublier.	laisse tomber il vas oublier ne
530	FR	F&R	formal	mt_gyafc	1.8	C' est une bonne question, mais c' est une question difficile.	bon je te dit c dur c pas logique c pas sa bon c qlqchose pas bien
531	FR	F&R	formal	formal	5.0	Je plaisante.	!Nan je déconne.
532	FR	F&R	formal	multi	2.4	Il n' y a rien d' autre qu' écrire.	ya rien a faire tout est écris
533	FR	F&R	formal	formal	4.2	Vous me peinez vraiment ma chère mère !	ouiiin maman t'es méchante :(
534	FR	F&R	formal	rule_based	6.0	Mais c'est ton choix et c'est à toi d'écouter ton coeur.	Mais c'est ton choix et c'est à toi d'écouter ton coeur.
535	FR	F&R	formal	multi	6.0	On peut aimer plusieurs fois- tomber amoureux, c' est très simple!	On peut aimer plusieurs fois - tomber amoureux c est très simple!
536	FR	F&R	formal	mt_gyafc	6.0	Laisse ton coeur dit la sentiment réelle.	laisse ton coeur dit la sentiment  réelle
537	FR	F&R	formal	backtranslate	5.8	Desolé connait pas!	dsl connait pas !!
538	FR	F&R	formal	rule_based	6.0	Tu as raison si vous vous aimez.	tu as raison si vous vous aimez.
539	FR	F&R	formal	rule_based	6.0	Oui ne t'inquiète pas moi c'est pareil!	oui ne t'inquiète pas moi c'est pareil!!
540	FR	F&R	formal	mt_gyafc	4.6	J' étais avec ma copine en voiture et elle a dit arrete toi dans le bois.	J'étais avec ma copine en voiture et d'un coup elle m'a dit arrete toi dans le bois la bas.
541	FR	F&R	formal	backtranslate	6.0	Ma derniere histoire d' amour était avec une fille trés ouverte sexuellement et trés intelligente, c' était le pied!	ma derniere histoire d'amour était avec une fille trés ouverte sexuellement et trés intelligente, c'étais le pied!!
542	FR	F&R	formal	mt_gyafc	5.8	Ce n' est pas demain qu' il va me lancer ce genre de phrase.	C'est pas demain qu'il va me lancer ce genre de phrase !
543	FR	F&R	formal	formal	5.4	Je l'ai !	Oui, je l'ai!
544	FR	F&R	formal	backtranslate	6.0	De se donner un peu de fierte en soi meme.	de se donner un peu de fierte en soi meme
545	FR	F&R	formal	backtranslate	4.8	Vous n' avez pas besoin d' un chagrin.	t'as pas besoin donc d'un chagrin!!!
546	FR	F&R	formal	rule_based	6.0	C'est normal tout arrive en amour vit cette histoire pleinement l'essentiel c'est ne pas en souffrir et de ne pas faire souffrir	c'est normal tout arrive en amour vit cette histoire pleinement l'essentiel c'est ne pas en souffrir et de ne pas faire souffrir
547	FR	F&R	formal	rt	5.2	Naturellement, si nécessaire	naturellement,au besoin
548	FR	F&R	formal	formal	4.4	Face à votre perfection, les femmes restent lointaines parce qu'elles sont effrayées d'échouer.	parce que t'es TROP, du coup ca fait peur aux filles qui se disent qu'elles ont aucune chance.
549	FR	F&R	formal	backtranslate	6.0	Mais c' est ton choix et c' est à toi d' écouter ton coeur.	Mais c'est ton choix et c'est à toi d'écouter ton coeur.
550	FR	F&R	formal	formal	4.6	Ce sera certainement les mêmes raison qui pousseront un garçon à préférer une fille qui manque d'intelligence plutôt qu'une fille normale et intelligente.	certainement pour les memes raisons qui font qu'un garçon va préférer une super nana complètement idiote à une intelligente et physiquement normal
551	FR	F&R	formal	rule_based	6.0	Non il y a pas de mal à ca.	Non ya pas de mal à ca.
552	FR	F&R	formal	backtranslate	5.8	Tant que tu lui apportes ce dont il a besoin, je pense qu' il serait bête de s' en plaindre!	tant que tu lui apportes ce dont il a besoin je pense qu'il serait bête de s'en plaindre!
553	FR	F&R	formal	formal	4.6	Tout comme vos propos l'exprime très clairement, il est beau de croire en l'impossible.	comme tu le dis si bien on peut toujours rever
554	FR	F&R	formal	formal	3.6	Il y a vraiment des gens qui n'en n'ont rien à faire qui s'ennuient.	Il y a vraiment des cons qui s'ennuient.
555	FR	F&R	formal	mt_gyafc	5.8	Tant que tu lui apportes ce dont il a besoin, je pense qu' il serait bête de s' en plaindre.	tant que tu lui apportes ce dont il a besoin je pense qu'il serait bête de s'en plaindre!
556	FR	F&R	formal	rt	4.6	Non, mais pour me sauver, oui.	Non , mais de me sauver oui .
557	FR	F&R	formal	rt	5.6	Mais j'ai une dent contre ma belle-mère et la belle-sœur, et je ne peux pas oublier leurs efforts pour détruire mon couple.	Mais j'ai une dent contre ma belle-mère et les belles-soeurs, j'arrive pas à oublier leurs efforts pour détruire mon couple.
558	FR	F&R	formal	rule_based	6.0	Je dirai son amour son coeur	je dirai son amour son coeur
559	FR	F&R	formal	rule_based	6.0	Tu ne pourras pas supporter.	Tu ne pourras pas supporter .
560	FR	F&R	formal	formal	5.8	Attention. Si tu as une copine, il ne faut pas qu'elle te voit !	attention, si tu as une copine, faut pas qu'elle te voit !
561	FR	F&R	formal	multi	5.0	Vous n' avez pas besoin d' un chagrin.	t'as pas besoin donc d'un chagrin!!!
562	FR	F&R	formal	multi	4.6	Laisse ton coeur te dire la vraie chose.	laisse ton coeur dit la sentiment  réelle
563	FR	F&R	formal	mt_gyafc	6.0	Certainement pour les memes raisons qui font qu' un garçon va préférer une super femme complètement idiote à une intelligente et physiquement normal.	certainement pour les memes raisons qui font qu'un garçon va préférer une super nana complètement idiote à une intelligente et physiquement normal
564	FR	F&R	formal	backtranslate	6.0	Ça m 'a l' air tout clair!	ça m'a l'air tout clair !
565	FR	F&R	formal	multi	6.0	C' est la personne en qui je fais le plus confiance au monde et en plus on parle beaucoup, on se dit tout!	c'est la personne en qui je fais le plus confiance au monde et en plus on parle beaucoup, on se dit tout !
566	FR	F&R	formal	mt_gyafc	5.6	Beaucoup, vraiment ne cherchent pas à en savoir plus, beaucoup sont superficiels.	Beaucoup, effectivement ne cherchent pas à en savoir d'avantage, bcp sont superficiels.
567	FR	F&R	formal	backtranslate	5.8	Comme vous le dites si bien on peut toujours rever.	comme tu le dis si bien on peut toujours rever
568	FR	F&R	formal	rt	4.2	Personnellement, je viens d'en faire deux dans le cadre d'une adoption, le maire de ma commune les faisait évidemment.	perso je viens d'en faire deux dans le cadre d'une adoption, le maire de ma commune avait visiblement l'habitude d'en faire.
569	FR	F&R	formal	rule_based	6.0	Tant que tu lui apportes ce dont il a besoin je pense qu'il serait bête de s'en plaindre!	tant que tu lui apportes ce dont il a besoin je pense qu'il serait bête de s'en plaindre!
570	FR	F&R	formal	multi	6.0	Oui, je l' ai!	Oui, je l'ai!
571	FR	F&R	formal	rule_based	5.8	Les mini cheveux c’est mieux.	Les mini cheveux c mieux.
572	FR	F&R	formal	multi	6.0	Comment faire confiance à l' être humain?	Comment faire confiance à l'être humain?
573	FR	F&R	formal	rt	4.8	Vous devez avoir la volonté de vous transformer en bon si personne ne peut vous aider et bonne chance	il faut avoir de la volonté pour se changer en bien si non personne ne peut t'aider et bonne chance
574	FR	F&R	formal	mt_gyafc	5.6	Il change par amour et vous par amour, vous devez lui laisser le temps.	Il change par amour, et toi par amour tu dois lui laisser le temps.
575	FR	F&R	formal	rule_based	6.0	Je n ai pas 15 ans.	je n ai pas 15 ans.
576	FR	F&R	formal	mt_gyafc	5.8	Haha, tu as bien raison de rire, ca fait du bien.	ahaha tu as bien raison de rire ca fait du bien.
577	FR	F&R	formal	backtranslate	6.0	Oui, je l' avais au passé.	Oui, je l'avais au passé
578	FR	F&R	formal	backtranslate	4.8	Ben moi, j' ai ne pourai jamais le suporter.	ben moi g ne pourai jamais le suporter
579	FR	F&R	formal	rule_based	6.0	Comme tu le dis si bien on peut toujours rever	comme tu le dis si bien on peut toujours rever
580	FR	F&R	formal	backtranslate	6.0	C' est pas demain qu' il va me lancer ce genre de phrase!	C'est pas demain qu'il va me lancer ce genre de phrase !
581	FR	F&R	formal	rule_based	6.0	Comme disait un humoriste noir `` l'amour c'est dans la culotte patron ``	"Comme disait un humoriste noir "" l'amour c'est dans la culotte patron """
582	FR	F&R	formal	rule_based	6.0	Je l'ai vu le jour de son depart pour le darfour avec une mission de medecin du monde.	je l'ai vu le jour de son depart pour le darfour avec une mission de medecin du monde.
583	FR	F&R	formal	formal	5.8	Non, pas du tout, car il faut savoir varier les plaisirs.	non pas dutout car il faut savoir varier les plaisirs.
584	FR	F&R	formal	rt	3.2	Mais on doit sortir le week-end, ou on sortira si on ne se débarrasse pas du stress de la semaine.	Mais il faut sortir le week end, sinon on pète les plombs si on n'évacu pas le stress de la semaine
585	FR	F&R	formal	formal	6.0	Tu as raison, si vous vous aimez.	tu as raison si vous vous aimez.
586	FR	F&R	formal	rt	5.2	! Alors allez-y, c'est la plus belle chose que vous pouvez faire à la personne qui compte le plus dans votre vie !	!alors fonce c'est la plus belle chose que tu puisse faire à la personne qui compte le plus dans ta vie!
587	FR	F&R	formal	mt_gyafc	6.0	Tu es un gros queutard!	Tu est un gros queutard !
588	FR	F&R	formal	formal	5.8	Il est déjà marié, c'est très difficile et improbable de pouvoir le récupérer.	il est marié, ça va etre très dur de le recupérer, voir impossible!!
589	FR	F&R	formal	formal	5.8	"Pour un ""vrai"" pauvre, l'argent ne peut faire que le bonheur. Pour un riche, cela n'en fait qu'un peu plus."	"pour un ""vrai"" pauvre, l'argent ne peu faire que le bonheurpour un riche ça n'en fait qu'un peu plus"
590	FR	F&R	formal	backtranslate	6.0	Excitant si de son partenaire, vexant si c' est quelqu' un d' autre.	Excitant si de son partenaire, vexant si c'est quelqu'un d'autre.
591	FR	F&R	formal	multi	4.6	On peut dire qu' ils sont attirés par l' autre.	On peux dire qu'ils sont attiré l'un par l'autre oui
592	FR	F&R	formal	formal	5.4	Les femmes coquines n'ont peut-être pas envie que tu les trouves.	eh oh ptet que les femmes coquines ont pas envie que tu les trouves.
593	FR	F&R	formal	rule_based	5.8	Parce que t'es trop, du coup ca fait peur aux filles qui se disent qu'elles ont aucune chance.	parce que t'es TROP, du coup ca fait peur aux filles qui se disent qu'elles ont aucune chance.
594	FR	F&R	formal	mt_gyafc	5.8	Le mariage est une question d' amour, pas de religion.	Le mariage est une question d'amour, pas de religion !!
595	FR	F&R	formal	rt	5.2	Ça me semble clair !	ça m'a l'air tout clair !
596	FR	F&R	formal	rule_based	6.0	C'est pas demain qu'il va me lancer ce genre de phrase!	C'est pas demain qu'il va me lancer ce genre de phrase !
597	FR	F&R	formal	formal	5.0	J'ajouterai même que lui envoyer un SMS est plus que ce qu'il mérite.	Et encore, lui consacrer un sms c'est trop gentil.
598	FR	F&R	formal	multi	6.0	Abstenez-vous pendant qq jours.	abstenez vous pendant qq jours
599	FR	F&R	formal	formal	3.0	Son institution est très ancienne dès après l'époque médiévale.	depuis des lustres,juste apres le moyen age
600	FR	F&R	formal	multi	5.8	Tu es un gros queutard.	Tu est un gros queutard !
